"discipline","focal_game","next_game","momentum_definition","original_row","date","team_one_players","team_two_players","actual_result","predicted_probability"
"MS",1,2,"max_streak",1,"09-01-2018","Jun Hao Leong","Kantawat Leelavechabutr",1,0.225399703171342
"MS",1,2,"max_streak",4,"09-01-2018","Mithun Manjunath","Henrikho Kho Wibowo",1,0.524841295008571
"MS",1,2,"max_streak",5,"09-01-2018","Chirag Sen","Hashiru Shimono",0,0.430043755174487
"MS",1,2,"max_streak",6,"09-01-2018","Shreyansh Jaiswal","Fikri Ihsandi Hadmadi",0,0.571997823106295
"MS",1,2,"max_streak",10,"09-01-2018","Teck Zhi Soo","Jun Hao Leong",0,0.488404322866038
"MS",1,2,"max_streak",11,"09-01-2018","Mithun Manjunath","Hashiru Shimono",0,0.582909487248202
"MS",1,2,"max_streak",14,"10-01-2018","Thomas Rouxel","Kantaphon Wangcharoen",0,0.197929690988604
"MS",1,2,"max_streak",23,"10-01-2018","Daren Liew","Khosit Phetpradab",0,0.57828917502281
"MS",1,2,"max_streak",34,"11-01-2018","Nan Wei","Daren Liew",0,0.406841683953834
"MS",1,2,"max_streak",36,"11-01-2018","Pannawit Thongnuam","Tommy Sugiarto",0,0.453515284927671
"MS",1,2,"max_streak",50,"16-01-2018","Kashyap Parupalli","Kantaphon Wangcharoen",0,0.326446307590505
"MS",1,2,"max_streak",55,"17-01-2018","Tien Chen Chou","Jonatan Christie",0,0.463445014826173
"MS",1,2,"max_streak",57,"17-01-2018","Hans-Kristian Solberg Vittinghus","Wing Ki Vincent Wong",1,0.730444270084986
"MS",1,2,"max_streak",60,"17-01-2018","Hyeok Jin Jeon","Tommy Sugiarto",0,0.350114321242666
"MS",1,2,"max_streak",68,"17-01-2018","Yuxiang Huang","Rasmus Gemke",1,0.691324323624888
"MS",1,2,"max_streak",70,"17-01-2018","Kantaphon Wangcharoen","B. Sai Praneeth",0,0.287226288951621
"MS",1,2,"max_streak",71,"18-01-2018","Hans-Kristian Solberg Vittinghus","Tzu Wei Wang",1,0.343279645668201
"MS",1,2,"max_streak",82,"19-01-2018","Daren Liew","Suppanyu Avihingsanon",1,0.542506696602237
"MS",1,2,"max_streak",94,"23-01-2018","Vega Vio Nirwanda","Sony Dwi Kuncoro",0,0.402673636829829
"MS",1,2,"max_streak",96,"23-01-2018","Kantaphon Wangcharoen","Saputra Vicky Angga",1,0.735132377191131
"MS",1,2,"max_streak",97,"23-01-2018","Shesar Hiren Rhustavito","Kim Bruun",0,0.716785147148705
"MS",1,2,"max_streak",98,"24-01-2018","Viktor Axelsen","Jen Hao Hsu",1,0.749588653573118
"MS",1,2,"max_streak",100,"24-01-2018","Ihsan Maulana Mustofa","Rasmus Gemke",0,0.699638262429466
"MS",1,2,"max_streak",104,"24-01-2018","Shesar Hiren Rhustavito","Tommy Sugiarto",0,0.42852887492745
"MS",1,2,"max_streak",105,"24-01-2018","Ka Long Angus Ng","Sony Dwi Kuncoro",0,0.368609400883244
"MS",1,2,"max_streak",111,"24-01-2018","Lucas Corvee","Tien Chen Chou",0,0.64824413196094
"MS",1,2,"max_streak",117,"25-01-2018","Sony Dwi Kuncoro","Tommy Sugiarto",1,0.594954741083562
"MS",1,2,"max_streak",118,"25-01-2018","Hans-Kristian Solberg Vittinghus","Wei Feng Chong",0,0.656207013711014
"MS",1,2,"max_streak",127,"27-01-2018","Kazumasa Sakai","Wan Ho Son",0,0.46620951053365
"MS",1,2,"max_streak",135,"30-01-2018","Shreyansh Jaiswal","Karan Rajan Rajarajan",1,0.504582680682588
"MS",1,2,"max_streak",136,"30-01-2018","Abhishek Yelegar","Ajay Kumar K.",1,0.491789199353683
"MS",1,2,"max_streak",137,"30-01-2018","Kartikey Gulshan Kumar","Bodhit Joshi",0,0.653561774601789
"MS",1,2,"max_streak",138,"30-01-2018","Siddharth Pratap Singh","Iskandar Zulkarnain",0,0.548473486274335
"MS",1,2,"max_streak",144,"31-01-2018","Vladimir Malkov","Nan Wei",1,0.604726471627801
"MS",1,2,"max_streak",158,"01-02-2018","Shreyansh Jaiswal","Kashyap Parupalli",0,0.600537524581305
"MS",1,2,"max_streak",167,"02-02-2018","Bin Qiao","Kashyap Parupalli",1,0.65749895389425
"MS",1,2,"max_streak",175,"20-02-2018","Riichi Takeshita","Michal Rogalski",1,0.430043755174487
"MS",1,2,"max_streak",178,"20-02-2018","Luís Enrique Peñalver","Yusuke Onodera",1,0.298730135814909
"MS",1,2,"max_streak",183,"20-02-2018","Luís Enrique Peñalver","Arnaud Merkle",0,0.425542134732321
"MS",1,2,"max_streak",185,"21-02-2018","Kantaphon Wangcharoen","Kai Schaefer",1,0.570508643434847
"MS",1,2,"max_streak",188,"21-02-2018","Christian Kirchmayr","Kento Momota",0,0.304151747775834
"MS",1,2,"max_streak",190,"21-02-2018","Thomas Rouxel","Sameer Verma",0,0.446231972005323
"MS",1,2,"max_streak",209,"23-02-2018","Koki Watanabe","Lucas Corvee",1,0.499186386835782
"MS",1,2,"max_streak",218,"06-03-2018","David Peng","Wolfgang Gnedt",0,0.571997823106295
"MS",1,2,"max_streak",222,"06-03-2018","Alexander Roovers","Junpeng Zhao",0,0.572158467783806
"MS",1,2,"max_streak",228,"07-03-2018","Suppanyu Avihingsanon","Jen Hao Hsu",1,0.688520381388862
"MS",1,2,"max_streak",239,"07-03-2018","Vladimir Malkov","Dan Lin",0,0.436073471580496
"MS",1,2,"max_streak",250,"08-03-2018","Kanta Tsuneyama","Dan Lin",0,0.515066660976074
"MS",1,2,"max_streak",268,"14-03-2018","Jen Hao Hsu","Khosit Phetpradab",0,0.336392042583652
"MS",1,2,"max_streak",274,"15-03-2018","Dong Keun Lee","Chong Wei Lee",1,0.283700505032177
"MS",1,2,"max_streak",277,"15-03-2018","Tzu Wei Wang","Dan Lin",0,0.398019449297067
"MS",1,2,"max_streak",286,"17-03-2018","Wan Ho Son","Yuqi Shi",0,0.373293901728599
"MS",1,2,"max_streak",288,"18-03-2018","Yuqi Shi","Dan Lin",0,0.704227253369965
"MS",1,2,"max_streak",293,"27-03-2018","Toma Junior Popov","Samuel Hsiao",0,0.423859480102423
"MS",1,2,"max_streak",294,"27-03-2018","Aneeth Kumar Repudi","Shinsai Deslauriers",1,0.423859480102423
"MS",1,2,"max_streak",295,"27-03-2018","Hugo Jardim","Remi Rossi",0,0.189954064299421
"MS",1,2,"max_streak",296,"27-03-2018","Marc Laporte","Hardik Makkar",0,0.378126135593782
"MS",1,2,"max_streak",314,"27-03-2018","Henri Aarnio","Adam Mendrek",1,0.691224231201898
"MS",1,2,"max_streak",319,"27-03-2018","Milan Dratva","Eetu Heino",0,0.547705420382615
"MS",1,2,"max_streak",320,"27-03-2018","Remi Rossi","Karan Rajan Rajarajan",1,0.691485435255322
"MS",1,2,"max_streak",330,"28-03-2018","Remi Rossi","Joshua Magee",0,0.370795495306774
"MS",1,2,"max_streak",358,"10-04-2018","Wei Chi Liu","Misha Zilberman",0,0.525256806145784
"MS",1,2,"max_streak",362,"10-04-2018","Jiahao Yu","Yu Jen Chi",0,0.385810289902904
"MS",1,2,"max_streak",364,"10-04-2018","Shumin Liu","Qin Zheng",1,0.526655069807483
"MS",1,2,"max_streak",370,"10-04-2018","Yun Kyu Lee","Guangzu Lu",0,0.385810289902904
"MS",1,2,"max_streak",372,"11-04-2018","Jen Hao Hsu","Chico Aura Dwi Wardoyo",0,0.525691428678972
"MS",1,2,"max_streak",377,"11-04-2018","Young Woong Ha","Zeqi Zhou",0,0.456649655504318
"MS",1,2,"max_streak",381,"11-04-2018","Haichao Liu","Pannawit Thongnuam",0,0.553578131062813
"MS",1,2,"max_streak",387,"11-04-2018","Yupeng Bai","Daren Liew",0,0.345194117254994
"MS",1,2,"max_streak",408,"01-05-2018","Pengbo Ren","Riichi Takeshita",0,0.368021847272941
"MS",1,2,"max_streak",409,"01-05-2018","Pit Seng Low","Zeqi Zhou",0,0.379532951340091
"MS",1,2,"max_streak",410,"01-05-2018","Guangzu Lu","Kwang Hee Heo",0,0.614205092608138
"MS",1,2,"max_streak",417,"02-05-2018","Kwang Hee Heo","Firman Abdul Kholik",1,0.597412990742021
"MS",1,2,"max_streak",423,"02-05-2018","Yu Igarashi","Wei Feng Chong",1,0.48010836173127
"MS",1,2,"max_streak",424,"02-05-2018","Sameer Verma","Sony Dwi Kuncoro",1,0.722354872047031
"MS",1,2,"max_streak",439,"04-05-2018","Dan Lin","Sameer Verma",1,0.337670766277296
"MS",1,2,"max_streak",440,"04-05-2018","Niluka Karunaratne","B. Sai Praneeth",0,0.220881590747191
"MS",1,2,"max_streak",453,"08-05-2018","Yehezkiel Fritz Mainaky","Robert Mann",1,0.713031925718978
"MS",1,2,"max_streak",456,"08-05-2018","Yang Shen","Riichi Takeshita",0,0.185609084915199
"MS",1,2,"max_streak",457,"09-05-2018","Misha Zilberman","B. Sai Praneeth",0,0.301208102386313
"MS",1,2,"max_streak",458,"09-05-2018","Niluka Karunaratne","Zeqi Zhou",0,0.372693714299086
"MS",1,2,"max_streak",466,"09-05-2018","Wei Feng Chong","Koki Watanabe",0,0.741285811645235
"MS",1,2,"max_streak",467,"09-05-2018","Ajay Jayaram","Riichi Takeshita",0,0.378137892330907
"MS",1,2,"max_streak",469,"09-05-2018","June Wei Cheam","Yehezkiel Fritz Mainaky",1,0.491671792114222
"MS",1,2,"max_streak",482,"11-05-2018","Tommy Sugiarto","Zeqi Zhou",0,0.48241160210515
"MS",1,2,"max_streak",483,"11-05-2018","Cheuk Yiu Lee","B. Sai Praneeth",1,0.544306183137531
"MS",1,2,"max_streak",485,"12-05-2018","Zeqi Zhou","Cheuk Yiu Lee",1,0.563088381315352
"MS",1,2,"max_streak",494,"12-06-2018","Hin Shun Wong","Phillips Jap",0,0.524841295008571
"MS",1,2,"max_streak",505,"13-06-2018","Guangzu Lu","Tien Minh Nguyen",1,0.556480075819929
"MS",1,2,"max_streak",507,"13-06-2018","Toby Penty","Kwang Hee Heo",0,0.372816888586735
"MS",1,2,"max_streak",526,"15-06-2018","Ajay Jayaram","Kwang Hee Heo",1,0.413579676326595
"MS",1,2,"max_streak",527,"15-06-2018","Dong Keun Lee","Kantaphon Wangcharoen",1,0.486700886313559
"MS",1,2,"max_streak",533,"19-06-2018","Bo Zhao","Johnathan Akin-Mulrooney",0,0.518534026336745
"MS",1,2,"max_streak",542,"19-06-2018","Joshua Hurlburt-Yu","Johnathan Akin-Mulrooney",1,0.481973513009972
"MS",1,2,"max_streak",544,"19-06-2018","Minoru Koga","Kevin Lee",1,0.744829210969915
"MS",1,2,"max_streak",562,"20-06-2018","Guangzu Lu","Yun Kyu Lee",1,0.79766786942584
"MS",1,2,"max_streak",566,"20-06-2018","Max Weisskirchen","Jacob Nilsson",1,0.622638457745896
"MS",1,2,"max_streak",570,"20-06-2018","Sankeerth B. R.","Niluka Karunaratne",0,0.248081301651576
"MS",1,2,"max_streak",573,"20-06-2018","Kok Hong Woon","Guoxing Huang",0,0.62838382612714
"MS",1,2,"max_streak",575,"20-06-2018","Dong Keun Lee","Cao Cuong Pham",0,0.645384165183128
"MS",1,2,"max_streak",577,"20-06-2018","Young Woong Ha","Toby Penty",0,0.538156226908824
"MS",1,2,"max_streak",581,"21-06-2018","Max Weisskirchen","Kwang Hee Heo",1,0.343902112657462
"MS",1,2,"max_streak",582,"21-06-2018","Cao Cuong Pham","Guoxing Huang",1,0.385857510293288
"MS",1,2,"max_streak",585,"21-06-2018","Takuma Obayashi","Toby Penty",0,0.494666714986997
"MS",1,2,"max_streak",588,"22-06-2018","Toby Penty","Guangzu Lu",1,0.242731866729916
"MS",1,2,"max_streak",592,"26-06-2018","Viktor Axelsen","Khosit Phetpradab",0,0.736994632317123
"MS",1,2,"max_streak",596,"26-06-2018","Anders Antonsen","Tanongsak Saensomboonsuk",0,0.367498129717593
"MS",1,2,"max_streak",600,"27-06-2018","Anthony Sinisuka Ginting","Kento Momota",0,0.783905915526464
"MS",1,2,"max_streak",607,"27-06-2018","Jonatan Christie","Daren Liew",1,0.506149249724531
"MS",1,2,"max_streak",617,"29-06-2018","Viktor Axelsen","Chong Wei Lee",0,0.655005160078214
"MS",1,2,"max_streak",622,"01-07-2018","Chong Wei Lee","Kento Momota",1,0.443797127372863
"MS",1,2,"max_streak",623,"03-07-2018","Kanta Tsuneyama","Jan O Jorgensen",1,0.34800430015784
"MS",1,2,"max_streak",636,"04-07-2018","Hyun Il Lee","Kantaphon Wangcharoen",1,0.416210232314419
"MS",1,2,"max_streak",639,"05-07-2018","Anthony Sinisuka Ginting","Kento Momota",0,0.390556391513908
"MS",1,2,"max_streak",640,"05-07-2018","Anders Antonsen","Chong Wei Lee",0,0.128562048020086
"MS",1,2,"max_streak",652,"07-07-2018","Kento Momota","Chong Wei Lee",1,0.510435405481426
"MS",1,2,"max_streak",662,"10-07-2018","Shreyansh Jaiswal","Guangzu Lu",0,0.138404953129133
"MS",1,2,"max_streak",664,"10-07-2018","Sony Dwi Kuncoro","Kartikey Gulshan Kumar",1,0.678550801549704
"MS",1,2,"max_streak",669,"11-07-2018","Rajiv Ouseph","Yun Hu",0,0.436526818897137
"MS",1,2,"max_streak",674,"11-07-2018","Jen Hao Hsu","Kenta Nishimoto",0,0.0794851023287596
"MS",1,2,"max_streak",678,"11-07-2018","Tanongsak Saensomboonsuk","Sameer Verma",1,0.29108723568876
"MS",1,2,"max_streak",680,"11-07-2018","Sitthikom Thammasin","Toby Penty",1,0.695627905992211
"MS",1,2,"max_streak",686,"12-07-2018","Wei Feng Chong","Yuxiang Huang",0,0.365958623356215
"MS",1,2,"max_streak",694,"14-07-2018","Suppanyu Avihingsanon","Tommy Sugiarto",0,0.263906191537988
"MS",1,2,"max_streak",695,"14-07-2018","Kanta Tsuneyama","Sony Dwi Kuncoro",0,0.393809295360926
"MS",1,2,"max_streak",698,"17-07-2018","Kai Schaefer","Firman Abdul Kholik",1,0.548074111148601
"MS",1,2,"max_streak",700,"17-07-2018","Rosario Maddaloni","R. M. V. Gurusaidutt",0,0.0823730816881361
"MS",1,2,"max_streak",703,"17-07-2018","Chia Hung Lu","Rahul Yadav Chittaboina",1,0.315103897222958
"MS",1,2,"max_streak",715,"18-07-2018","Firman Abdul Kholik","Ihsan Maulana Mustofa",0,0.51933748689952
"MS",1,2,"max_streak",720,"18-07-2018","Cheuk Yiu Lee","Khosit Phetpradab",0,0.684339189653409
"MS",1,2,"max_streak",729,"19-07-2018","Yu Igarashi","Bin Qiao",0,0.452310230063165
"MS",1,2,"max_streak",734,"20-07-2018","Tien Chen Chou","Hyun Il Lee",1,0.676834912082128
"MS",1,2,"max_streak",735,"20-07-2018","Jen Hao Hsu","Yuxiang Huang",0,0.481000185365939
"MS",1,2,"max_streak",737,"21-07-2018","Tien Chen Chou","Bin Qiao",0,0.613280806686043
"MS",1,2,"max_streak",741,"24-07-2018","Jeffrey Lam","Pratul Joshi",0,0.416414417984451
"MS",1,2,"max_streak",742,"24-07-2018","Elias Bracke","Mithun Manjunath",0,0.276109536714604
"MS",1,2,"max_streak",743,"24-07-2018","Gergely Krausz","Koji Naito",0,0.341747164150306
"MS",1,2,"max_streak",747,"24-07-2018","Eetu Heino","Sergey Sirant",1,0.334156675933191
"MS",1,2,"max_streak",750,"24-07-2018","Ilya Goncharov","Chun Kar Lung",1,0.431827654626392
"MS",1,2,"max_streak",763,"25-07-2018","Siddharth Pratap Singh","Bodhit Joshi",1,0.697286136848949
"MS",1,2,"max_streak",764,"25-07-2018","Misha Zilberman","Pratul Joshi",0,0.505950637426953
"MS",1,2,"max_streak",776,"27-07-2018","Subhankar Dey","Vladimir Malkov",0,0.472161600216951
"MS",1,2,"max_streak",777,"27-07-2018","Misha Zilberman","Sourabh Verma",0,0.49893362294205
"MS",1,2,"max_streak",778,"27-07-2018","Koki Watanabe","Ryotaro Maruo",1,0.570585673650447
"MS",1,2,"max_streak",780,"28-07-2018","Mithun Manjunath","Sourabh Verma",0,0.351059893082427
"MS",1,2,"max_streak",788,"24-07-2018","Yu Jen Chi","Riichi Takeshita",0,0.334710936766719
"MS",1,2,"max_streak",789,"24-07-2018","Muhammad Bayu Pangisthu","Hashiru Shimono",0,0.325722998402319
"MS",1,2,"max_streak",793,"24-07-2018","Chih Chieh Yang","Takuma Obayashi",1,0.5523119077636
"MS",1,2,"max_streak",795,"24-07-2018","Yiming Xu","Yun Kyu Lee",0,0.491003738594893
"MS",1,2,"max_streak",798,"25-07-2018","Kuei Chun Shih","Panji Ahmad Maulana",0,0.404551500975005
"MS",1,2,"max_streak",801,"25-07-2018","Hashiru Shimono","Ratnajit Tamang",1,0.624207641051659
"MS",1,2,"max_streak",807,"25-07-2018","Sitthikom Thammasin","Kodai Naraoka",1,0.683159729572597
"MS",1,2,"max_streak",808,"25-07-2018","Chih Chieh Yang","Ching Wei Chen",1,0.470478465875298
"MS",1,2,"max_streak",809,"25-07-2018","Yiming Xu","Takuma Ueda",0,0.458139812638204
"MS",1,2,"max_streak",824,"28-07-2018","Sitthikom Thammasin","Jan O Jorgensen",1,0.573975056976546
"MS",1,2,"max_streak",830,"07-08-2018","Phone Pyae Naing","Seng Zoe Yeoh",1,0.423859480102423
"MS",1,2,"max_streak",832,"07-08-2018","Thanh Long Truong","En Chia Chang",0,0.423859480102423
"MS",1,2,"max_streak",833,"07-08-2018","Vincent Cheng Wei Phuah","Yu-Hua Lai",0,0.518534026336745
"MS",1,2,"max_streak",834,"07-08-2018","Chirag Sen","Chun-Yi Lin",1,0.276289321019215
"MS",1,2,"max_streak",842,"07-08-2018","Vijetha N. V. S.","Saran Jamsri",0,0.434700827061368
"MS",1,2,"max_streak",843,"07-08-2018","Simon Wang","Gatjra Piliang Fiqihila Cupu",0,0.429045709677502
"MS",1,2,"max_streak",845,"07-08-2018","Satheishtharan Ramachandran","Kuei Chun Shih",0,0.347731299189722
"MS",1,2,"max_streak",849,"07-08-2018","Chun-Yi Lin","Siril Verma",0,0.400768477713536
"MS",1,2,"max_streak",850,"07-08-2018","Duc Phat Le","Ajay Jayaram",0,0.372076811082159
"MS",1,2,"max_streak",855,"07-08-2018","Tien Minh Nguyen","Henrikho Kho Wibowo",1,0.703270300935806
"MS",1,2,"max_streak",859,"07-08-2018","June Wei Cheam","Kantawat Leelavechabutr",0,0.513139003786056
"MS",1,2,"max_streak",867,"08-08-2018","Cao Cuong Pham","Hsuan Yi Hsueh",0,0.464930047869781
"MS",1,2,"max_streak",873,"08-08-2018","Shesar Hiren Rhustavito","Pablo Abian",1,0.77408637390214
"MS",1,2,"max_streak",874,"08-08-2018","Xiaodong Sheng","Sergey Sirant",1,0.505427166037672
"MS",1,2,"max_streak",876,"08-08-2018","Zeqi Zhou","Joo Ven Soong",0,0.750462631342454
"MS",1,2,"max_streak",885,"09-08-2018","Mithun Manjunath","Adulrach Namkul",1,0.611467915917008
"MS",1,2,"max_streak",886,"09-08-2018","Zeqi Zhou","Wei Feng Chong",1,0.506005854828774
"MS",1,2,"max_streak",888,"09-08-2018","Tien Minh Nguyen","Sitthikom Thammasin",1,0.319639971666245
"MS",1,2,"max_streak",889,"10-08-2018","Tien Minh Nguyen","Shesar Hiren Rhustavito",0,0.566171858172441
"MS",1,2,"max_streak",890,"10-08-2018","Hsuan Yi Hsueh","Yu Igarashi",0,0.402489430526226
"MS",1,2,"max_streak",892,"10-08-2018","Zeqi Zhou","Mithun Manjunath",0,0.739208321275536
"MS",1,2,"max_streak",899,"28-08-2018","Mathew Fogarty","Joshua Magee",0,0.169592463169769
"MS",1,2,"max_streak",927,"30-08-2018","Misha Zilberman","Rasmus Messerschmidt",1,0.372775833010967
"MS",1,2,"max_streak",929,"30-08-2018","Kalle Koljonen","Victor Svendsen",1,0.343889729651098
"MS",1,2,"max_streak",945,"04-09-2018","Andrew Susanto","Yash Yogi",0,0.581062328595567
"MS",1,2,"max_streak",949,"04-09-2018","Aneeth Kumar Repudi","Vijetha N. V. S.",0,0.697708471165251
"MS",1,2,"max_streak",953,"04-09-2018","Seong Hyun Son","Arintap Das Gupta",1,0.466018095064672
"MS",1,2,"max_streak",967,"04-09-2018","Vicky Angga Saputra","Ajay Jayaram",1,0.323263119518553
"MS",1,2,"max_streak",968,"04-09-2018","Adrian George","Chico Aura Dwi Wardoyo",0,0.235744337401352
"MS",1,2,"max_streak",979,"05-09-2018","Aryamann Tandon","Pratul Joshi",0,0.676410788957226
"MS",1,2,"max_streak",983,"05-09-2018","Joo Ven Soong","Mithun Manjunath",1,0.436476247999065
"MS",1,2,"max_streak",994,"06-09-2018","R. M. V. Gurusaidutt","Daniel S. Farid",1,0.63803310016643
"MS",1,2,"max_streak",1000,"07-09-2018","Kwang Hee Heo","Joo Ven Soong",0,0.520052454912882
"MS",1,2,"max_streak",1001,"07-09-2018","R. M. V. Gurusaidutt","Chi Wing Lim",1,0.568562646545233
"MS",1,2,"max_streak",1004,"08-09-2018","Sameer Verma","R. M. V. Gurusaidutt",1,0.673786963057531
"MS",1,2,"max_streak",1009,"11-09-2018","Kazumasa Sakai","Wan Ho Son",0,0.547770192193121
"MS",1,2,"max_streak",1012,"11-09-2018","Hans-Kristian Solberg Vittinghus","Wing Ki Vincent Wong",0,0.559587406428135
"MS",1,2,"max_streak",1022,"11-09-2018","Yuxiang Huang","Srikanth Kidambi",0,0.295229388289098
"MS",1,2,"max_streak",1025,"13-09-2018","Suppanyu Avihingsanon","Long Chen",0,0.399443577488414
"MS",1,2,"max_streak",1029,"13-09-2018","Wing Ki Vincent Wong","Srikanth Kidambi",0,0.245416346699122
"MS",1,2,"max_streak",1034,"14-09-2018","Long Chen","Khosit Phetpradab",0,0.287979788909742
"MS",1,2,"max_streak",1035,"15-09-2018","Viktor Axelsen","Kento Momota",0,0.277662845518428
"MS",1,2,"max_streak",1037,"16-09-2018","Kento Momota","Khosit Phetpradab",1,0.778545555262309
"MS",1,2,"max_streak",1041,"18-09-2018","Syahzlan Hazwan Salleh","Muhammad Aldo Apriyandi",0,0.470935363751084
"MS",1,2,"max_streak",1046,"18-09-2018","Dean Bencha Wijaya","Yonathan Ramlie",0,0.378126135593782
"MS",1,2,"max_streak",1049,"18-09-2018","Abdul Kadir Zailani","Aldy Firmanda",1,0.565798657032722
"MS",1,2,"max_streak",1050,"18-09-2018","Isna Sakti Maulana Mustaqim Mustaqim","Andrew Susanto",1,0.667668898559339
"MS",1,2,"max_streak",1053,"18-09-2018","Bagas Kristianto Nugroho","Christian Adinata",1,0.576636876264932
"MS",1,2,"max_streak",1057,"18-09-2018","Thanh Long Truong","Abdul Kadir Zailani",0,0.361803216524218
"MS",1,2,"max_streak",1059,"18-09-2018","Aldo Oktaviano Purnomo","Isna Sakti Maulana Mustaqim Mustaqim",1,0.181129966047887
"MS",1,2,"max_streak",1060,"18-09-2018","Koji Naito","Karono Karono",1,0.641908474048379
"MS",1,2,"max_streak",1063,"18-09-2018","Chico Aura Dwi Wardoyo","Muhammad Izzuddin Shamsul Muzli",1,0.596088921151525
"MS",1,2,"max_streak",1072,"19-09-2018","Muhammad Ziyad Md Tah","Syabda Perkasa Belawa",1,0.373756332193353
"MS",1,2,"max_streak",1075,"19-09-2018","Krishna Adi Nugraha","Yonathan Ramlie",1,0.573478383552193
"MS",1,2,"max_streak",1082,"19-09-2018","Panji Ahmad Maulana","Muhammad Febriansyah",1,0.638092400772689
"MS",1,2,"max_streak",1098,"20-09-2018","Bagas Kristianto Nugroho","Firman Abdul Kholik",0,0.513335926228057
"MS",1,2,"max_streak",1099,"20-09-2018","Koji Naito","Ikhsan Leonardo Imanuel Rumbay",0,0.436840781324952
"MS",1,2,"max_streak",1100,"21-09-2018","Firman Abdul Kholik","Krishna Adi Nugraha",1,0.626689217295588
"MS",1,2,"max_streak",1107,"18-09-2018","Wan Ho Son","Cheuk Yiu Lee",1,0.594492634370949
"MS",1,2,"max_streak",1113,"18-09-2018","Hans-Kristian Solberg Vittinghus","Kantaphon Wangcharoen",0,0.351992633327711
"MS",1,2,"max_streak",1115,"19-09-2018","Tommy Sugiarto","Yuqi Shi",0,0.487695032085758
"MS",1,2,"max_streak",1117,"19-09-2018","H. S. Prannoy","Ka Long Angus Ng",0,0.568026902645493
"MS",1,2,"max_streak",1123,"20-09-2018","Viktor Axelsen","Anthony Sinisuka Ginting",0,0.560063950106022
"MS",1,2,"max_streak",1130,"20-09-2018","Jonatan Christie","Ka Long Angus Ng",0,0.593896901534683
"MS",1,2,"max_streak",1136,"22-09-2018","Kento Momota","Yuqi Shi",1,0.775783838677363
"MS",1,2,"max_streak",1137,"23-09-2018","Anthony Sinisuka Ginting","Kento Momota",1,0.47194746013468
"MS",1,2,"max_streak",1150,"26-09-2018","Hans-Kristian Solberg Vittinghus","Junpeng Zhao",1,0.209345624701941
"MS",1,2,"max_streak",1155,"26-09-2018","Wan Ho Son","Cheuk Yiu Lee",1,0.733192626204095
"MS",1,2,"max_streak",1157,"26-09-2018","Tommy Sugiarto","Hyun Il Lee",1,0.80766271124685
"MS",1,2,"max_streak",1158,"26-09-2018","Kazumasa Sakai","Brice Leverdez",1,0.307879787533717
"MS",1,2,"max_streak",1190,"02-10-2018","Yin Chak Chan","Chao Yu Kan",0,0.791626093582399
"MS",1,2,"max_streak",1191,"03-10-2018","Yu Hsien Lin","Jun Hao Leong",1,0.313323938070616
"MS",1,2,"max_streak",1195,"03-10-2018","Cheuk Yiu Lee","Chia Hsuan Lin",1,0.601831204066936
"MS",1,2,"max_streak",1196,"03-10-2018","Jen Hao Hsu","Zii Jia Lee",0,0.487593141411781
"MS",1,2,"max_streak",1200,"03-10-2018","Abhishek Yeligar","Jan O Jorgensen",0,0.10103483998284
"MS",1,2,"max_streak",1204,"03-10-2018","Chia Hung Lu","Rahul Yadav Chittaboina",1,0.625658222518636
"MS",1,2,"max_streak",1207,"04-10-2018","Sourabh Verma","Riichi Takeshita",0,0.573342108382426
"MS",1,2,"max_streak",1222,"09-10-2018","Michael Spencer-Smith","Joonas Korhonen",0,0.244638011615825
"MS",1,2,"max_streak",1224,"09-10-2018","Dimitar Yanakiev","Seng Zoe Yeoh",1,0.45751390310857
"MS",1,2,"max_streak",1226,"09-10-2018","Valeriy Atrashchenkov","Christo Popov",1,0.563437568064629
"MS",1,2,"max_streak",1242,"09-10-2018","Thomas Rouxel","Emre Lale",1,0.538050123142868
"MS",1,2,"max_streak",1252,"10-10-2018","Sankeerth B. R.","Gergely Krausz",1,0.562132700266904
"MS",1,2,"max_streak",1260,"10-10-2018","Misha Zilberman","Niluka Karunaratne",0,0.410652885932122
"MS",1,2,"max_streak",1268,"11-10-2018","Subhankar Dey","June Wei Cheam",0,0.368501402043686
"MS",1,2,"max_streak",1271,"12-10-2018","Kashyap Parupalli","June Wei Cheam",1,0.604155604414735
"MS",1,2,"max_streak",1274,"13-10-2018","Toma Junior Popov","June Wei Cheam",0,0.508002581634698
"MS",1,2,"max_streak",1276,"14-10-2018","Sourabh Verma","June Wei Cheam",1,0.660968380883638
"MS",1,2,"max_streak",1281,"16-10-2018","Kantaphon Wangcharoen","Dan Lin",1,0.292683272195965
"MS",1,2,"max_streak",1282,"16-10-2018","Khosit Phetpradab","Brice Leverdez",1,0.720067353353562
"MS",1,2,"max_streak",1284,"17-10-2018","Tien Chen Chou","Dong Keun Lee",1,0.729432413754528
"MS",1,2,"max_streak",1300,"19-10-2018","Tien Chen Chou","Wan Ho Son",1,0.719478634310007
"MS",1,2,"max_streak",1302,"19-10-2018","Srikanth Kidambi","Sameer Verma",0,0.602019125043309
"MS",1,2,"max_streak",1308,"23-10-2018","Tommy Sugiarto","Wan Ho Son",0,0.578435011835329
"MS",1,2,"max_streak",1313,"23-10-2018","Mark Caljouw","Hans-Kristian Solberg Vittinghus",1,0.515262774135227
"MS",1,2,"max_streak",1321,"24-10-2018","Khosit Phetpradab","Dong Keun Lee",0,0.821885600796246
"MS",1,2,"max_streak",1324,"25-10-2018","Long Chen","Jan O Jorgensen",1,0.650317318328074
"MS",1,2,"max_streak",1326,"25-10-2018","Srikanth Kidambi","Dong Keun Lee",1,0.618153920367441
"MS",1,2,"max_streak",1328,"25-10-2018","B. Sai Praneeth","Jonatan Christie",0,0.251251462001195
"MS",1,2,"max_streak",1333,"26-10-2018","Kantaphon Wangcharoen","Rasmus Gemke",0,0.652957365218591
"MS",1,2,"max_streak",1337,"28-10-2018","Long Chen","Yuqi Shi",1,0.573114238560236
"MS",1,2,"max_streak",1338,"30-10-2018","Kuei Chun Shih","Hin Shun Wong",1,0.771268870062567
"MS",1,2,"max_streak",1363,"31-10-2018","Yu Hsien Lin","Xiaodong Sheng",0,0.676716214989433
"MS",1,2,"max_streak",1365,"31-10-2018","Koki Watanabe","Wing Ki Vincent Wong",0,0.577153326978684
"MS",1,2,"max_streak",1366,"01-11-2018","Wei Feng Chong","Junpeng Zhao",0,0.588098325438394
"MS",1,2,"max_streak",1371,"01-11-2018","Tanongsak Saensomboonsuk","Hyun Il Lee",0,0.650021634416799
"MS",1,2,"max_streak",1372,"01-11-2018","Sitthikom Thammasin","Yu Hsien Lin",0,0.627426375081354
"MS",1,2,"max_streak",1376,"02-11-2018","Guangzu Lu","Hyun Il Lee",0,0.691035059844084
"MS",1,2,"max_streak",1377,"02-11-2018","Chia Hung Lu","Junpeng Zhao",1,0.525642064609516
"MS",1,2,"max_streak",1383,"30-10-2018","Thomas Fuchs","Artem Serpionov",0,0.567035460191173
"MS",1,2,"max_streak",1385,"30-10-2018","Hannes Gerberich","Joel König",1,0.40312964159176
"MS",1,2,"max_streak",1386,"30-10-2018","Birger Abts","Simon Wang",1,0.280832736611027
"MS",1,2,"max_streak",1391,"30-10-2018","Subhankar Dey","Elias Bracke",0,0.507204271344294
"MS",1,2,"max_streak",1393,"30-10-2018","Artem Serpionov","Christian Kirchmayr",0,0.414400645363875
"MS",1,2,"max_streak",1395,"30-10-2018","Eetu Heino","Pengbo Ren",0,0.358823089979459
"MS",1,2,"max_streak",1400,"30-10-2018","David Kramer","Kai Schaefer",0,0.564524070684288
"MS",1,2,"max_streak",1404,"30-10-2018","Wolfgang Gnedt","Joshua Magee",0,0.627054086064661
"MS",1,2,"max_streak",1409,"31-10-2018","Alexander Roovers","Simon Wang",1,0.578007712737144
"MS",1,2,"max_streak",1425,"01-11-2018","Feixiang Sun","Mark Caljouw",0,0.439000798861547
"MS",1,2,"max_streak",1428,"02-11-2018","Rajiv Ouseph","Mark Caljouw",1,0.616051037742468
"MS",1,2,"max_streak",1441,"07-11-2018","Suppanyu Avihingsanon","Kazumasa Sakai",1,0.463307705420678
"MS",1,2,"max_streak",1442,"07-11-2018","Wei Feng Chong","Anthony Sinisuka Ginting",0,0.338309670557189
"MS",1,2,"max_streak",1444,"07-11-2018","Jonatan Christie","H. S. Prannoy",1,0.671892841355719
"MS",1,2,"max_streak",1453,"08-11-2018","Kazumasa Sakai","Yuqi Shi",0,0.170239740398948
"MS",1,2,"max_streak",1460,"09-11-2018","Anders Antonsen","Long Chen",0,0.388784938524486
"MS",1,2,"max_streak",1465,"11-11-2018","Kento Momota","Tien Chen Chou",0,0.652338824853131
"MS",1,2,"max_streak",1472,"13-11-2018","Tanongsak Saensomboonsuk","Wei Feng Chong",1,0.179918454114225
"MS",1,2,"max_streak",1478,"14-11-2018","Daren Liew","Long Chen",0,0.178122538924039
"MS",1,2,"max_streak",1483,"14-11-2018","Lucas Corvee","Kenta Nishimoto",1,0.414058433753255
"MS",1,2,"max_streak",1485,"14-11-2018","Wing Ki Vincent Wong","Srikanth Kidambi",0,0.107147695741694
"MS",1,2,"max_streak",1487,"14-11-2018","Kento Momota","Dan Lin",0,0.890707909836202
"MS",1,2,"max_streak",1488,"14-11-2018","Tien Chen Chou","Dong Keun Lee",0,0.869148586206726
"MS",1,2,"max_streak",1491,"14-11-2018","H. S. Prannoy","Anders Antonsen",0,0.398833008124882
"MS",1,2,"max_streak",1493,"15-11-2018","Wan Ho Son","Khosit Phetpradab",1,0.711946117673425
"MS",1,2,"max_streak",1499,"15-11-2018","Anthony Sinisuka Ginting","Jonatan Christie",0,0.582712423940016
"MS",1,2,"max_streak",1500,"16-11-2018","Kento Momota","Jonatan Christie",1,0.819520585692246
"MS",1,2,"max_streak",1503,"16-11-2018","Dong Keun Lee","Wan Ho Son",0,0.422667230541892
"MS",1,2,"max_streak",1504,"17-11-2018","Kento Momota","Wan Ho Son",0,0.592731371257701
"MS",1,2,"max_streak",1509,"20-11-2018","Jia Wei Tan","Siddharth .",1,0.355183930575487
"MS",1,2,"max_streak",1514,"20-11-2018","Kevin Arokia Walter","Siril Verma",0,0.487184143527553
"MS",1,2,"max_streak",1516,"20-11-2018","Vicky Angga Saputra","Pratul Joshi",1,0.549301523861114
"MS",1,2,"max_streak",1519,"21-11-2018","Tanongsak Saensomboonsuk","Kashyap Parupalli",0,0.431848390846194
"MS",1,2,"max_streak",1520,"21-11-2018","Siddharath Thakur","Firman Abdul Kholik",0,0.306492838033931
"MS",1,2,"max_streak",1521,"21-11-2018","Sitthikom Thammasin","Jia Wei Tan",1,0.778759368846067
"MS",1,2,"max_streak",1524,"21-11-2018","Siddharth Pratap Singh","Shesar Hiren Rhustavito",0,0.305424241784277
"MS",1,2,"max_streak",1531,"21-11-2018","Jonathan Persson","R. M. V. Gurusaidutt",0,0.188482732190902
"MS",1,2,"max_streak",1534,"22-11-2018","Firman Abdul Kholik","Kashyap Parupalli",0,0.770749072061202
"MS",1,2,"max_streak",1537,"22-11-2018","Guangzu Lu","Subhankar Dey",1,0.697732470230453
"MS",1,2,"max_streak",1539,"22-11-2018","R. M. V. Gurusaidutt","Vicky Angga Saputra",1,0.415629566499756
"MS",1,2,"max_streak",1543,"23-11-2018","Kashyap Parupalli","Sitthikom Thammasin",0,0.281585752679629
"MS",1,2,"max_streak",1545,"23-11-2018","Vicky Angga Saputra","Chico Aura Dwi Wardoyo",0,0.434698240265889
"MS",1,2,"max_streak",1547,"24-11-2018","Sitthikom Thammasin","Guangzu Lu",0,0.574611969614611
"MS",1,2,"max_streak",1551,"21-11-2018","Wolfgang Gnedt","Jack Macgregor",1,0.917901555249077
"MS",1,2,"max_streak",1553,"21-11-2018","Mark Brady","Adam Lam",0,0.697708471165251
"MS",1,2,"max_streak",1561,"21-11-2018","Wolfgang Gnedt","Ethan Rose",1,0.432534123247635
"MS",1,2,"max_streak",1565,"21-11-2018","Johnnie Torjussen","Ben Torrance",1,0.897553167057123
"MS",1,2,"max_streak",1570,"21-11-2018","Phone Pyae Naing","Haichao Liu",0,0.149860493734582
"MS",1,2,"max_streak",1572,"21-11-2018","David Jones","Vinson Chiu",1,0.576636876264932
"MS",1,2,"max_streak",1577,"21-11-2018","Eetu Heino","Lars Schaenzler",1,0.567080276592045
"MS",1,2,"max_streak",1583,"21-11-2018","Matthew Carder","Luka Wraber",0,0.345946890333454
"MS",1,2,"max_streak",1591,"22-11-2018","Mark Caljouw","Eetu Heino",1,0.834050454733806
"MS",1,2,"max_streak",1610,"23-11-2018","Alex Lane","Lucas Corvee",0,0.493830282537343
"MS",1,2,"max_streak",1611,"23-11-2018","Lucas Claerbout","Brice Leverdez",1,0.530987177940637
"MS",1,2,"max_streak",1631,"28-11-2018","Wan Ho Son","Panji Ahmad Maulana",1,0.856210586874629
"MS",1,2,"max_streak",1633,"28-11-2018","Dong Keun Lee","Kashyap Parupalli",0,0.57776422384307
"MS",1,2,"max_streak",1636,"28-11-2018","Junpeng Zhao","Chia Hung Lu",0,0.493287927723896
"MS",1,2,"max_streak",1641,"28-11-2018","Kwang Hee Heo","Chico Aura Dwi Wardoyo",0,0.430232757660781
"MS",1,2,"max_streak",1642,"28-11-2018","Chih Chieh Yang","Milan Ludik",1,0.424712583348036
"MS",1,2,"max_streak",1651,"29-11-2018","Joo Ven Soong","Khosit Phetpradab",1,0.605493906922846
"MS",1,2,"max_streak",1658,"30-11-2018","Chia Hung Lu","Cheuk Yiu Lee",0,0.327540129591729
"MS",1,2,"max_streak",1664,"12-12-2018","Tien Chen CHOU","Anthony Sinisuka GINTING",1,0.672660630108286
"MS",1,2,"max_streak",1678,"08-01-2019","Chao Yu Kan","Adulrach Namkul",0,0.29448210895725
"MS",1,2,"max_streak",1679,"08-01-2019","Maxime Moreels","Haichao Liu",0,0.274597921981637
"MS",1,2,"max_streak",1684,"08-01-2019","Andre Marteen","Saran Jamsri",0,0.372088037184038
"MS",1,2,"max_streak",1687,"08-01-2019","Koki Watanabe","Elias Bracke",1,0.704335006664047
"MS",1,2,"max_streak",1700,"09-01-2019","Wing Ki Vincent Wong","Suppanyu Avihingsanon",1,0.417273842278498
"MS",1,2,"max_streak",1709,"10-01-2019","Subhankar Dey","Brice Leverdez",0,0.735500001150948
"MS",1,2,"max_streak",1726,"15-01-2019","Tanongsak Saensomboonsuk","Subhankar Dey",1,0.435334729586238
"MS",1,2,"max_streak",1730,"15-01-2019","Victor Svendsen","Wei Feng Chong",0,0.519152271755258
"MS",1,2,"max_streak",1740,"16-01-2019","Suppanyu Avihingsanon","Tzu Wei Wang",1,0.357290733594609
"MS",1,2,"max_streak",1742,"16-01-2019","Long Chen","Cheuk Yiu Lee",1,0.829904747267953
"MS",1,2,"max_streak",1745,"16-01-2019","Viktor Axelsen","Kazumasa Sakai",1,0.697800580625759
"MS",1,2,"max_streak",1746,"16-01-2019","Kento Momota","Kenta Nishimoto",1,0.68560314535562
"MS",1,2,"max_streak",1748,"17-01-2019","Wing Ki Vincent Wong","Srikanth Kidambi",1,0.301304855896357
"MS",1,2,"max_streak",1751,"17-01-2019","Long Chen","Jonatan Christie",1,0.751672944030623
"MS",1,2,"max_streak",1754,"17-01-2019","Kenta Nishimoto","Zii Jia Lee",0,0.358643263757631
"MS",1,2,"max_streak",1756,"18-01-2019","Long Chen","Anthony Sinisuka Ginting",1,0.687507008076489
"MS",1,2,"max_streak",1760,"19-01-2019","Viktor Axelsen","Long Chen",0,0.359389950988917
"MS",1,2,"max_streak",1765,"22-01-2019","Tanongsak Saensomboonsuk","Firman Abdul Kholik",0,0.518950017051831
"MS",1,2,"max_streak",1770,"22-01-2019","Shesar Hiren Rhustavito","Iskandar Zulkarnain",1,0.669051482985495
"MS",1,2,"max_streak",1779,"23-01-2019","Sitthikom Thammasin","Kazumasa Sakai",1,0.836457148299186
"MS",1,2,"max_streak",1787,"23-01-2019","Anders Antonsen","Wan Ho Son",0,0.181282214533894
"MS",1,2,"max_streak",1791,"24-01-2019","Shesar Hiren Rhustavito","Anders Antonsen",0,0.516817040789871
"MS",1,2,"max_streak",1793,"24-01-2019","Jonatan Christie","Yuqi Shi",1,0.47512350924875
"MS",1,2,"max_streak",1806,"19-02-2019","Kai Schaefer","Bernat Amaya",1,0.548821868715591
"MS",1,2,"max_streak",1820,"20-02-2019","Jan O Jorgensen","Kean Yew Loh",0,0.303244963265991
"MS",1,2,"max_streak",1822,"20-02-2019","Pengbo Ren","Ygor Coelho",1,0.858275967779684
"MS",1,2,"max_streak",1829,"20-02-2019","Iikka Heino","Subhankar Dey",1,0.443306385022624
"MS",1,2,"max_streak",1835,"21-02-2019","Tanongsak Saensomboonsuk","Rajiv Ouseph",0,0.474111046914269
"MS",1,2,"max_streak",1839,"21-02-2019","Kean Yew Loh","Kashyap Parupalli",0,0.778863993129848
"MS",1,2,"max_streak",1852,"26-02-2019","Thomas Rouxel","Kean Yew Loh",1,0.239801098625873
"MS",1,2,"max_streak",1864,"27-02-2019","Suppanyu Avihingsanon","Ka Long Angus Ng",0,0.389467069930873
"MS",1,2,"max_streak",1866,"27-02-2019","Tanongsak Saensomboonsuk","Hans-Kristian Solberg Vittinghus",0,0.415301719447472
"MS",1,2,"max_streak",1871,"27-02-2019","Kento Momota","Tzu Wei Wang",1,0.806383204075734
"MS",1,2,"max_streak",1882,"28-02-2019","Kento Momota","Brice Leverdez",0,0.89325093460813
"MS",1,2,"max_streak",1884,"01-03-2019","Kantaphon Wangcharoen","Kenta Nishimoto",0,0.347743915980907
"MS",1,2,"max_streak",1890,"03-03-2019","Kento Momota","Kenta Nishimoto",1,0.689557827053181
"MS",1,2,"max_streak",1897,"06-03-2019","Anthony Sinisuka Ginting","Ka Long Angus Ng",1,0.654265980426066
"MS",1,2,"max_streak",1898,"06-03-2019","B. Sai Praneeth","H. S. Prannoy",1,0.49580935235089
"MS",1,2,"max_streak",1899,"06-03-2019","Tien Chen Chou","Yuxiang Huang",1,0.799041179141259
"MS",1,2,"max_streak",1908,"07-03-2019","Guangzu Lu","Viktor Axelsen",0,0.333871260600545
"MS",1,2,"max_streak",1913,"07-03-2019","Kento Momota","Kantaphon Wangcharoen",1,0.82390178077617
"MS",1,2,"max_streak",1916,"08-03-2019","Kento Momota","Srikanth Kidambi",1,0.878612666549136
"MS",1,2,"max_streak",1918,"08-03-2019","Viktor Axelsen","Jan O Jorgensen",1,0.763945982859867
"MS",1,2,"max_streak",1919,"09-03-2019","Kento Momota","Ka Long Angus Ng",1,0.681864972378673
"MS",1,2,"max_streak",1923,"12-03-2019","Aaron Zhao","Ping-Hsien Huang",1,0.442584611962522
"MS",1,2,"max_streak",1933,"12-03-2019","Jhonatan Wu Zheng","Ping-Hsien Huang",0,0.208971527874292
"MS",1,2,"max_streak",1938,"12-03-2019","Chun-Yi Lin","Wei Chi Liu",1,0.517597434094638
"MS",1,2,"max_streak",1940,"12-03-2019","Joo Ven Soong","Chi Wing Lim",0,0.688510170919181
"MS",1,2,"max_streak",1944,"12-03-2019","Donghun Kim","Ikhsan Leonardo Imanuel Rumbay",1,0.281314431025588
"MS",1,2,"max_streak",1953,"13-03-2019","Ihsan Maulana Mustofa","Xiaodong Sheng",1,0.675825479755642
"MS",1,2,"max_streak",1958,"13-03-2019","Chia Hao Lee","Junpeng Zhao",1,0.312636108892862
"MS",1,2,"max_streak",1966,"13-03-2019","Lanxi Lei","Firman Abdul Kholik",1,0.522345622261073
"MS",1,2,"max_streak",1971,"14-03-2019","Haichao Liu","Ping-Hsien Huang",0,0.755106795821532
"MS",1,2,"max_streak",1976,"14-03-2019","Hongyang Weng","Chia Hao Lee",1,0.686846040987331
"MS",1,2,"max_streak",1979,"15-03-2019","Lakshya Sen","Zeqi Zhou",1,0.394516275651586
"MS",1,2,"max_streak",1980,"15-03-2019","Donghun Kim","Hongyang Weng",0,0.37814679768355
"MS",1,2,"max_streak",1984,"12-03-2019","Kai Schaefer","Felix Burestedt",1,0.571623293522185
"MS",1,2,"max_streak",1987,"12-03-2019","Kalle Koljonen","Luka Wraber",1,0.624175615719263
"MS",1,2,"max_streak",1993,"12-03-2019","Koki Watanabe","Kalle Koljonen",0,0.57543018408495
"MS",1,2,"max_streak",1999,"13-03-2019","Lucas Claerbout","Subhankar Dey",0,0.530156075001217
"MS",1,2,"max_streak",2005,"13-03-2019","Tommy Sugiarto","Mark Caljouw",0,0.576622439776034
"MS",1,2,"max_streak",2012,"14-03-2019","Subhankar Dey","Jonatan Christie",1,0.313638006014633
"MS",1,2,"max_streak",2015,"14-03-2019","Dan Lin","Dong Keun Lee",1,0.566738231350431
"MS",1,2,"max_streak",2018,"14-03-2019","Yu Hsien Lin","Lucas Corvee",1,0.653220239363968
"MS",1,2,"max_streak",2023,"15-03-2019","Subhankar Dey","Long Chen",0,0.236934421654508
"MS",1,2,"max_streak",2026,"17-03-2019","Yuqi Shi","B. Sai Praneeth",1,0.558547895355747
"MS",1,2,"max_streak",2027,"19-03-2019","Vladimir Nikulov","Christo Popov",0,0.328054388292741
"MS",1,2,"max_streak",2033,"19-03-2019","Ivan Rusev","Max Weisskirchen",0,0.665592640074216
"MS",1,2,"max_streak",2036,"19-03-2019","Shifeng Li","Sankeerth B. R.",1,0.627622740150993
"MS",1,2,"max_streak",2042,"19-03-2019","Chao Yu Kan","Julien Carraggi",1,0.309564085240275
"MS",1,2,"max_streak",2056,"19-03-2019","Ajay Jayaram","Georges Julien Paul",1,0.654729404727482
"MS",1,2,"max_streak",2057,"19-03-2019","Feixiang Sun","Lars Schaenzler",1,0.760897927949038
"MS",1,2,"max_streak",2062,"19-03-2019","Rosario Maddaloni","Henri Aarnio",1,0.453954388156723
"MS",1,2,"max_streak",2063,"19-03-2019","Christo Popov","Yu Hsien Lin",0,0.545363826494704
"MS",1,2,"max_streak",2069,"20-03-2019","Gergely Krausz","Koki Watanabe",1,0.246240429244077
"MS",1,2,"max_streak",2075,"20-03-2019","Feixiang Sun","Thomas Rouxel",0,0.645351734788816
"MS",1,2,"max_streak",2079,"20-03-2019","Yu Hsien Lin","Yu Igarashi",0,0.492325550478197
"MS",1,2,"max_streak",2083,"21-03-2019","Alex Lane","Shifeng Li",0,0.554342476861381
"MS",1,2,"max_streak",2087,"21-03-2019","Nhat Nguyen","Toma Junior Popov",0,0.567358332957493
"MS",1,2,"max_streak",2092,"22-03-2019","Luís Enrique Peñalver","Shifeng Li",0,0.257780526860811
"MS",1,2,"max_streak",2093,"22-03-2019","Gatjra Piliang Fiqihila Cupu","Koki Watanabe",0,0.233817836375449
"MS",1,2,"max_streak",2110,"27-03-2019","Sameer Verma","Rasmus Gemke",1,0.654627514336933
"MS",1,2,"max_streak",2118,"27-03-2019","Tanongsak Saensomboonsuk","Giap Chin Goh",1,0.437737230556713
"MS",1,2,"max_streak",2129,"28-03-2019","Tzu Wei Wang","Subhankar Dey",1,0.399351972692243
"MS",1,2,"max_streak",2136,"30-03-2019","Yuxiang Huang","Srikanth Kidambi",0,0.450630384168222
"MS",1,2,"max_streak",2147,"03-04-2019","Khosit Phetpradab","Dong Keun Lee",1,0.348441960573209
"MS",1,2,"max_streak",2149,"03-04-2019","Sitthikom Thammasin","H. S. Prannoy",1,0.545008977496738
"MS",1,2,"max_streak",2154,"03-04-2019","Suppanyu Avihingsanon","Zii Jia Lee",0,0.191337502088698
"MS",1,2,"max_streak",2155,"04-04-2019","Kento Momota","Jonatan Christie",0,0.811193089303517
"MS",1,2,"max_streak",2159,"04-04-2019","Long Chen","Kantaphon Wangcharoen",1,0.662107553370343
"MS",1,2,"max_streak",2160,"04-04-2019","Rasmus Gemke","Kenta Nishimoto",0,0.323214435900667
"MS",1,2,"max_streak",2170,"09-04-2019","June Wei Cheam","Kashyap Parupalli",1,0.199309097642181
"MS",1,2,"max_streak",2179,"09-04-2019","Shesar Hiren Rhustavito","Tanongsak Saensomboonsuk",0,0.753677606169589
"MS",1,2,"max_streak",2183,"10-04-2019","Jonatan Christie","Khosit Phetpradab",0,0.675716756933627
"MS",1,2,"max_streak",2200,"11-04-2019","Sameer Verma","Guangzu Lu",1,0.620644719857949
"MS",1,2,"max_streak",2207,"12-04-2019","Viktor Axelsen","Jonatan Christie",1,0.482023984529045
"MS",1,2,"max_streak",2208,"12-04-2019","Sameer Verma","Tien Chen Chou",1,0.373809438708524
"MS",1,2,"max_streak",2210,"13-04-2019","Anthony Sinisuka Ginting","Tien Chen Chou",0,0.459246469823103
"MS",1,2,"max_streak",2211,"13-04-2019","Kento Momota","Viktor Axelsen",1,0.506633148519159
"MS",1,2,"max_streak",2214,"30-04-2019","Teck Zhi Soo","Yehezkiel Fritz Mainaky",1,0.750410406258879
"MS",1,2,"max_streak",2216,"30-04-2019","Zvonimir Durkinjak","Pit Seng Low",1,0.671511890107273
"MS",1,2,"max_streak",2217,"30-04-2019","Joo Ven Soong","Henrikho Kho Wibowo",1,0.78368422150055
"MS",1,2,"max_streak",2221,"30-04-2019","Joo Ven Soong","Anthony Joe",1,0.611652415478575
"MS",1,2,"max_streak",2224,"30-04-2019","Wei Feng Chong","Zvonimir Durkinjak",1,0.593821650011109
"MS",1,2,"max_streak",2225,"01-05-2019","Kenta Nishimoto","Zii Jia Lee",0,0.511282884926047
"MS",1,2,"max_streak",2231,"01-05-2019","Anthony Sinisuka Ginting","Brice Leverdez",1,0.86930235039745
"MS",1,2,"max_streak",2233,"01-05-2019","Tzu Wei Wang","Lakshya Sen",1,0.121656787455375
"MS",1,2,"max_streak",2242,"02-05-2019","Zii Jia Lee","Kazumasa Sakai",1,0.717872566284181
"MS",1,2,"max_streak",2247,"02-05-2019","Sitthikom Thammasin","Kanta Tsuneyama",0,0.391766663183356
"MS",1,2,"max_streak",2258,"04-06-2019","Chico Aura Dwi Wardoyo","Hyun Il Lee",1,0.359495225458929
"MS",1,2,"max_streak",2260,"04-06-2019","Teck Zhi Soo","Lakshya Sen",0,0.208704359974152
"MS",1,2,"max_streak",2262,"04-06-2019","Yu Hsien Lin","Joo Ven Soong",0,0.285796149104654
"MS",1,2,"max_streak",2272,"05-06-2019","B. Sai Praneeth","Dong Keun Lee",1,0.767054717796051
"MS",1,2,"max_streak",2276,"05-06-2019","Wei Feng Chong","Kean Yew Loh",0,0.220659332498494
"MS",1,2,"max_streak",2277,"05-06-2019","Zii Jia Lee","Sameer Verma",1,0.344578412197815
"MS",1,2,"max_streak",2283,"05-06-2019","Suppanyu Avihingsanon","Kashyap Parupalli",0,0.301848514390955
"MS",1,2,"max_streak",2290,"06-06-2019","Dan Lin","Kashyap Parupalli",0,0.597061393354062
"MS",1,2,"max_streak",2291,"06-06-2019","Jonatan Christie","Tanongsak Saensomboonsuk",1,0.750462020644944
"MS",1,2,"max_streak",2293,"07-06-2019","Tzu Wei Wang","Kazumasa Sakai",1,0.529794621714991
"MS",1,2,"max_streak",2301,"02-07-2019","Mathieu Morneau","Xavier Laperriere",0,0.658461092821472
"MS",1,2,"max_streak",2312,"02-07-2019","Lucas Claerbout","Xiaodong Sheng",1,0.469995398943652
"MS",1,2,"max_streak",2313,"02-07-2019","Karan Rajan Rajarajan","Lino Munoz",1,0.416834440095704
"MS",1,2,"max_streak",2322,"02-07-2019","Yen-Yu Lee","Hai Chao Liu",0,0.385810289902904
"MS",1,2,"max_streak",2323,"02-07-2019","Imran Wadia","Chun-Yi Lin",0,0.437969599069752
"MS",1,2,"max_streak",2328,"03-07-2019","Kashyap Parupalli","Lucas Corvee",1,0.813306428245833
"MS",1,2,"max_streak",2334,"03-07-2019","Koki Watanabe","H. S. Prannoy",1,0.601706137941639
"MS",1,2,"max_streak",2335,"03-07-2019","Sourabh Verma","Sankeerth B. R.",1,0.690200923480806
"MS",1,2,"max_streak",2336,"03-07-2019","Tzu Wei Wang","Ygor Coelho",1,0.741065108118185
"MS",1,2,"max_streak",2339,"03-07-2019","Lakshya Sen","Hong Yang Weng",0,0.235955269385222
"MS",1,2,"max_streak",2340,"03-07-2019","Fei Xiang Sun","Chao Yu Kan",0,0.7137422013757
"MS",1,2,"max_streak",2342,"04-07-2019","Lan Xi Lei","Koki Watanabe",0,0.605665037714546
"MS",1,2,"max_streak",2343,"04-07-2019","Sheng Po Yu","Lucas Claerbout",0,0.245547939061065
"MS",1,2,"max_streak",2344,"04-07-2019","Kashyap Parupalli","Peng Bo Ren",0,0.709213022304646
"MS",1,2,"max_streak",2346,"04-07-2019","Tzu Wei Wang","Victor Svendsen",1,0.53793861114437
"MS",1,2,"max_streak",2347,"04-07-2019","Kwang Hee Heo","Chun-Yi Lin",0,0.595397957018922
"MS",1,2,"max_streak",2351,"05-07-2019","Shi Feng Li","Sourabh Verma",1,0.557664369050089
"MS",1,2,"max_streak",2359,"09-07-2019","Cesar Adonis Brito Gonzalez","Karan Rajan Rajarajan",0,0.427538427599555
"MS",1,2,"max_streak",2367,"09-07-2019","Fei Xiang Sun","Karan Rajan Rajarajan",1,0.73751100464036
"MS",1,2,"max_streak",2377,"10-07-2019","Sourabh Verma","Toby Penty",1,0.637539191435829
"MS",1,2,"max_streak",2385,"11-07-2019","Yu Hsien Lin","Chia Hao Lee",1,0.194588667412612
"MS",1,2,"max_streak",2387,"11-07-2019","Tanongsak Saensomboonsuk","Kazumasa Sakai",1,0.688039510275374
"MS",1,2,"max_streak",2389,"11-07-2019","Shi Feng Li","Chun-Yi Lin",1,0.501713620706297
"MS",1,2,"max_streak",2391,"11-07-2019","Lucas Corvee","Xiaodong Sheng",1,0.563942694039275
"MS",1,2,"max_streak",2392,"12-07-2019","Yu Hsien Lin","Lucas Corvee",1,0.785867044022484
"MS",1,2,"max_streak",2397,"13-07-2019","Chun-Yi Lin","Yu Hsien Lin",1,0.336889191000657
"MS",1,2,"max_streak",2399,"16-07-2019","Tzu Wei Wang","Hans-Kristian Solberg Vittinghus",0,0.468884070396885
"MS",1,2,"max_streak",2404,"16-07-2019","Anthony Sinisuka Ginting","Guang Zu Lu",1,0.804199111155269
"MS",1,2,"max_streak",2410,"17-07-2019","Yehezkiel Fritz Mainaky","Cheuk Yiu Lee",0,0.243084889712286
"MS",1,2,"max_streak",2411,"17-07-2019","B. Sai Praneeth","Wing Ki Vincent Wong",1,0.541297707152632
"MS",1,2,"max_streak",2413,"17-07-2019","H. S. Prannoy","Yu Qi Shi",0,0.619572499108098
"MS",1,2,"max_streak",2419,"18-07-2019","Kento Momota","Yu Xiang Huang",1,0.87491397129432
"MS",1,2,"max_streak",2422,"18-07-2019","Ka Long Angus Ng","Srikanth Kidambi",1,0.472177459318639
"MS",1,2,"max_streak",2424,"19-07-2019","Ka Long Angus Ng","Wing Ki Vincent Wong",0,0.765168814866284
"MS",1,2,"max_streak",2426,"19-07-2019","Yu Xiang Huang","Kantaphon Wangcharoen",0,0.294497546162227
"MS",1,2,"max_streak",2427,"20-07-2019","Kantaphon Wangcharoen","Tien Chen Chou",1,0.349416528363314
"MS",1,2,"max_streak",2428,"20-07-2019","Wing Ki Vincent Wong","Anders Antonsen",0,0.25503263028747
"MS",1,2,"max_streak",2434,"16-07-2019","Miha Ivanič","Daniel Fan",1,0.671237697037567
"MS",1,2,"max_streak",2439,"16-07-2019","Alexey Panov","Maksim Makalov",0,0.232386456285301
"MS",1,2,"max_streak",2447,"17-07-2019","Dai Watanabe","Vladimir Shipilenko",1,0.761347448725166
"MS",1,2,"max_streak",2452,"17-07-2019","Georgii Karpov","Shesar Hiren Rhustavito",0,0.326319891636138
"MS",1,2,"max_streak",2464,"19-07-2019","Pablo Abian","Shesar Hiren Rhustavito",0,0.385333929744918
"MS",1,2,"max_streak",2471,"23-07-2019","Long Chen","Kanta Tsuneyama",0,0.56786015400385
"MS",1,2,"max_streak",2472,"23-07-2019","B. Sai Praneeth","Kenta Nishimoto",1,0.507272342605756
"MS",1,2,"max_streak",2478,"23-07-2019","Wing Ki Vincent Wong","Yu Xiang Huang",1,0.65389069244641
"MS",1,2,"max_streak",2480,"24-07-2019","Khosit Phetpradab","Ka Long Angus Ng",0,0.155282481772824
"MS",1,2,"max_streak",2482,"24-07-2019","H. S. Prannoy","Srikanth Kidambi",1,0.182752718274138
"MS",1,2,"max_streak",2489,"25-07-2019","Wing Ki Vincent Wong","Tommy Sugiarto",0,0.353313823122796
"MS",1,2,"max_streak",2498,"26-07-2019","Tommy Sugiarto","B. Sai Praneeth",0,0.336614775265544
"MS",1,2,"max_streak",2503,"30-07-2019","Ajay Jayaram","Ze Qi Zhou",0,0.590694015295723
"MS",1,2,"max_streak",2508,"30-07-2019","Peng Bo Ren","Tanongsak Saensomboonsuk",1,0.209365993024433
"MS",1,2,"max_streak",2511,"30-07-2019","Chico Aura Dwi Wardoyo","Lucas Claerbout",1,0.612103506246815
"MS",1,2,"max_streak",2513,"30-07-2019","Peng Bo Ren","June Wei Cheam",1,0.545086706869471
"MS",1,2,"max_streak",2523,"31-07-2019","Dong Keun Lee","Tien Chen Chou",0,0.14375574138769
"MS",1,2,"max_streak",2537,"02-08-2019","Kenta Nishimoto","Tien Chen Chou",0,0.252547845751746
"MS",1,2,"max_streak",2543,"04-08-2019","Ka Long Angus Ng","Tien Chen Chou",1,0.316470601887922
"MS",1,2,"max_streak",2560,"06-08-2019","Talar Laa","Yee Han Chong",0,0.349003929541346
"MS",1,2,"max_streak",2564,"06-08-2019","Kiran George","Yu Peng Bai",0,0.533183018324109
"MS",1,2,"max_streak",2568,"06-08-2019","Kartikey Gulshan Kumar","Harsheel Dani",1,0.405422756500655
"MS",1,2,"max_streak",2572,"06-08-2019","Pannawit Thongnuam","Adulrach Namkul",0,0.623650748620171
"MS",1,2,"max_streak",2575,"06-08-2019","Sankeerth B. R.","Ihsan Maulana Mustofa",0,0.30985832474918
"MS",1,2,"max_streak",2576,"06-08-2019","Ikhsan Leonardo Imanuel Rumbay","Kaushal Dharmamer",0,0.518445897474801
"MS",1,2,"max_streak",2581,"07-08-2019","Aryamann Tandon","Kevin Arokia Walter",1,0.640969630595209
"MS",1,2,"max_streak",2585,"07-08-2019","Chico Aura Dwi Wardoyo","June Wei Cheam",1,0.578596802025614
"MS",1,2,"max_streak",2591,"07-08-2019","Jia Wei Tan","H. S. Prannoy",1,0.525796552095644
"MS",1,2,"max_streak",2606,"08-08-2019","Subhankar Dey","Chico Aura Dwi Wardoyo",1,0.630505231237876
"MS",1,2,"max_streak",2613,"11-08-2019","Kean Yew Loh","Sourabh Verma",1,0.405852546603982
"MS",1,2,"max_streak",2619,"13-08-2019","Teck Zhi Soo","Chun Kar Lung",1,0.536960351349569
"MS",1,2,"max_streak",2646,"18-08-2019","Yu Igarashi","Firman Abdul Kholik",0,0.385421644261029
"MS",1,2,"max_streak",2647,"03-09-2019","Li Yang Su","Chun-Yi Lin",0,0.179702745961628
"MS",1,2,"max_streak",2650,"03-09-2019","June Wei Cheam","Chi Ting Chen",1,0.502780908809083
"MS",1,2,"max_streak",2652,"03-09-2019","Hsuan Yi Hsueh","Sheng Po Yu",0,0.565080470742534
"MS",1,2,"max_streak",2654,"03-09-2019","Chih Chieh Yang","Chao Yu Kan",1,0.726529431374249
"MS",1,2,"max_streak",2661,"04-09-2019","Kwang Hee Heo","Tommy Sugiarto",0,0.427515528702291
"MS",1,2,"max_streak",2666,"04-09-2019","Cheuk Yiu Lee","Tanongsak Saensomboonsuk",0,0.384003638722179
"MS",1,2,"max_streak",2667,"04-09-2019","Dong Keun Lee","Wing Ki Vincent Wong",1,0.24097520006894
"MS",1,2,"max_streak",2671,"04-09-2019","Kazumasa Sakai","Sourabh Verma",0,0.214954547487667
"MS",1,2,"max_streak",2679,"05-09-2019","Lucas Corvee","Kwang Hee Heo",0,0.183986913297625
"MS",1,2,"max_streak",2685,"06-09-2019","Shesar Hiren Rhustavito","Tanongsak Saensomboonsuk",0,0.61657801846767
"MS",1,2,"max_streak",2695,"10-09-2019","Phakorn Chotphinit","Chacharit Yaowanit",1,0.487859477605467
"MS",1,2,"max_streak",2696,"10-09-2019","Jia Wei Tan","Teerapat Kleawan",1,0.568180652489688
"MS",1,2,"max_streak",2698,"10-09-2019","Jun Yan Ng","Yin Chak Chan",1,0.645934569286517
"MS",1,2,"max_streak",2702,"10-09-2019","Jun Hao Leong","Andre Marteen",1,0.791040727891605
"MS",1,2,"max_streak",2704,"10-09-2019","Hsuan Yi Hsueh","Tien Tuan Nguyen",1,0.667025683929253
"MS",1,2,"max_streak",2714,"11-09-2019","Ade Resky Dwicahyo","Lan Xi Lei",0,0.246977927004336
"MS",1,2,"max_streak",2715,"11-09-2019","Koki Watanabe","Miha Ivanič",1,0.788516060863972
"MS",1,2,"max_streak",2718,"11-09-2019","Azmy Qowimuramadhoni","Bagas Kristianto Nugroho",0,0.222374078372483
"MS",1,2,"max_streak",2726,"11-09-2019","Tien Minh Nguyen","Thomas Rouxel",1,0.541367195142217
"MS",1,2,"max_streak",2734,"12-09-2019","Lucas Corvee","Bagas Kristianto Nugroho",1,0.41806117862543
"MS",1,2,"max_streak",2742,"12-09-2019","Tien Minh Nguyen","Chico Aura Dwi Wardoyo",1,0.779315409285703
"MS",1,2,"max_streak",2745,"12-09-2019","Siril Verma","Lan Xi Lei",0,0.366475635354726
"MS",1,2,"max_streak",2748,"12-09-2019","Yu Igarashi","Sourabh Verma",0,0.297957816778719
"MS",1,2,"max_streak",2749,"12-09-2019","Shi Feng Li","Tien Minh Nguyen",0,0.669480109842258
"MS",1,2,"max_streak",2763,"17-09-2019","Wing Ki Vincent Wong","Tommy Sugiarto",0,0.338196785595123
"MS",1,2,"max_streak",2771,"18-09-2019","Suppanyu Avihingsanon","B. Sai Praneeth",1,0.317286234681346
"MS",1,2,"max_streak",2778,"19-09-2019","Long Chen","Tzu Wei Wang",1,0.80169752640814
"MS",1,2,"max_streak",2793,"24-09-2019","Chao Yu Kan","Chia Hung Lu",0,0.263421259739884
"MS",1,2,"max_streak",2800,"24-09-2019","Chia Hung Lu","Ze Qi Zhou",1,0.719073451004893
"MS",1,2,"max_streak",2801,"24-09-2019","Dong Keun Lee","Donghun Kim",0,0.439040294509554
"MS",1,2,"max_streak",2805,"25-09-2019","Suppanyu Avihingsanon","Zii Jia Lee",0,0.133311699397146
"MS",1,2,"max_streak",2806,"25-09-2019","Daren Liew","Dan Lin",1,0.342975145679004
"MS",1,2,"max_streak",2811,"25-09-2019","Khosit Phetpradab","Cheuk Yiu Lee",0,0.510148532664689
"MS",1,2,"max_streak",2818,"25-09-2019","Sitthikom Thammasin","Tien Chen Chou",0,0.0743019481609763
"MS",1,2,"max_streak",2826,"26-09-2019","Shesar Hiren Rhustavito","Guang Zu Lu",1,0.768463905969946
"MS",1,2,"max_streak",2829,"27-09-2019","Tzu Wei Wang","Jonatan Christie",0,0.577001503153853
"MS",1,2,"max_streak",2830,"27-09-2019","Shesar Hiren Rhustavito","Tien Chen Chou",0,0.403881414811549
"MS",1,2,"max_streak",2837,"01-10-2019","M. Enrico Giralda Harsari","Muhammad Aldo Apriyandi",0,0.378126135593782
"MS",1,2,"max_streak",2838,"01-10-2019","Md Tah M Ziyad","Nyoman Tryadnya Arya Kurniawan",0,0.655812730729475
"MS",1,2,"max_streak",2840,"01-10-2019","Muhammad Syafiq Iqbal Mohd Nadzri","Riyanto Subagja",0,0.395220754471844
"MS",1,2,"max_streak",2846,"01-10-2019","Wisnu Yuli Prasetyo","Galih Prasetyo Utomo",1,0.518534026336745
"MS",1,2,"max_streak",2849,"01-10-2019","Jovi Mikhael","Dimas Setiawan",1,0.518534026336745
"MS",1,2,"max_streak",2853,"01-10-2019","Md Tah M Ziyad","Aldy Firmanda",1,0.702004903267742
"MS",1,2,"max_streak",2857,"01-10-2019","Jovi Mikhael","Diviana Arya Ramanda Putra",1,0.481973513009972
"MS",1,2,"max_streak",2858,"01-10-2019","Jia Wei Tan","Yang Yang",1,0.706199134181598
"MS",1,2,"max_streak",2863,"01-10-2019","Lan Xi Lei","Giap Chin Goh",0,0.698114308705213
"MS",1,2,"max_streak",2870,"02-10-2019","Bagas Kristianto Nugroho","Alberto Alvin Yulianto",0,0.602094851627849
"MS",1,2,"max_streak",2875,"02-10-2019","Riyanto Subagja","Takuma Obayashi",0,0.399593934715442
"MS",1,2,"max_streak",2880,"02-10-2019","Handoko Yusuf Wijayanto","Hai Chao Liu",1,0.413020741703896
"MS",1,2,"max_streak",2882,"02-10-2019","Peng Bo Ren","Firman Abdul Kholik",0,0.591745489268138
"MS",1,2,"max_streak",2895,"03-10-2019","Panji Ahmad Maulana","Vicky Angga Saputra",0,0.314203844379275
"MS",1,2,"max_streak",2899,"04-10-2019","Tanongsak Saensomboonsuk","Peng Bo Ren",1,0.505755440798852
"MS",1,2,"max_streak",2902,"05-10-2019","Tanongsak Saensomboonsuk","Vicky Angga Saputra",0,0.578583674138699
"MS",1,2,"max_streak",2906,"08-10-2019","Jeppe Bruun","Collins Valentine Filimon",0,0.549723327112333
"MS",1,2,"max_streak",2909,"08-10-2019","Aram Mahmoud","Kiran George",0,0.383728638879014
"MS",1,2,"max_streak",2911,"08-10-2019","Joran Kweekel","Leo Rossi",1,0.366209955508016
"MS",1,2,"max_streak",2914,"08-10-2019","Jia Wei Tan","Michal Rogalski",0,0.571427531868058
"MS",1,2,"max_streak",2926,"08-10-2019","Leo Rossi","Mithun Manjunath",1,0.367690074190893
"MS",1,2,"max_streak",2934,"09-10-2019","Sameer Verma","Kiran George",0,0.545166324175752
"MS",1,2,"max_streak",2935,"09-10-2019","B.M.Rahul Bharadwaj","June Wei Cheam",1,0.451396439132911
"MS",1,2,"max_streak",2942,"09-10-2019","Mark Caljouw","Arnaud Merkle",0,0.513170630004703
"MS",1,2,"max_streak",2945,"10-10-2019","Sergey Sirant","Toby Penty",1,0.326241867487547
"MS",1,2,"max_streak",2947,"10-10-2019","B.M.Rahul Bharadwaj","Victor Svendsen",0,0.530090272955937
"MS",1,2,"max_streak",2950,"10-10-2019","Eetu Heino","Daniel Nikolov",0,0.643822473450974
"MS",1,2,"max_streak",2973,"16-10-2019","Guang Zu Lu","Tien Chen Chou",1,0.113576553684111
"MS",1,2,"max_streak",2993,"22-10-2019","Subhankar Dey","Tommy Sugiarto",1,0.368847670065206
"MS",1,2,"max_streak",2995,"22-10-2019","Yu Xiang Huang","Khosit Phetpradab",0,0.519104236333695
"MS",1,2,"max_streak",3005,"23-10-2019","Kenta Nishimoto","Sameer Verma",1,0.515632143509791
"MS",1,2,"max_streak",3008,"24-10-2019","Anthony Sinisuka Ginting","Yu Xiang Huang",1,0.823795228975078
"MS",1,2,"max_streak",3017,"25-10-2019","Viktor Axelsen","Ka Long Angus Ng",1,0.505386281628844
"MS",1,2,"max_streak",3023,"29-10-2019","Jeffrey Lam","Binghong Ye",0,0.182213083071017
"MS",1,2,"max_streak",3029,"29-10-2019","Xiaodong Sheng","Chia Hao Lee",1,0.364790582955359
"MS",1,2,"max_streak",3030,"29-10-2019","Yu Jen Chi","Wei Chi Liu",1,0.687077737884554
"MS",1,2,"max_streak",3031,"29-10-2019","Peng Bo Ren","Robert Mann",1,0.904766606434566
"MS",1,2,"max_streak",3033,"29-10-2019","Yin Chak Chan","Aidil Sholeh Ali Sadikin",1,0.519829818123874
"MS",1,2,"max_streak",3035,"30-10-2019","Jun Peng Zhao","Shi Feng Li",1,0.383122945581498
"MS",1,2,"max_streak",3044,"30-10-2019","Chun-Yi Lin","Wing Ki Vincent Wong",1,0.688178359407326
"MS",1,2,"max_streak",3046,"30-10-2019","Fei Xiang Sun","Ajay Jayaram",1,0.803806422392944
"MS",1,2,"max_streak",3050,"31-10-2019","Dong Keun Lee","Sitthikom Thammasin",0,0.311511374150177
"MS",1,2,"max_streak",3051,"31-10-2019","Brice Leverdez","Kodai Naraoka",0,0.423166707116162
"MS",1,2,"max_streak",3053,"31-10-2019","Xiaodong Sheng","Kunlavut Vitidsarn",0,0.513228358674398
"MS",1,2,"max_streak",3054,"31-10-2019","Fei Xiang Sun","Wan Ho Son",1,0.502822317555938
"MS",1,2,"max_streak",3058,"01-11-2019","Chico Aura Dwi Wardoyo","Fei Xiang Sun",0,0.122707992229382
"MS",1,2,"max_streak",3065,"29-10-2019","Innocenzo Santoro","Jonas Scheller",0,0.121560423222481
"MS",1,2,"max_streak",3069,"29-10-2019","Kiran George","Hai Chao Liu",1,0.506190560960254
"MS",1,2,"max_streak",3072,"29-10-2019","Joran Kweekel","Julien Carraggi",1,0.49626365643124
"MS",1,2,"max_streak",3074,"29-10-2019","Samuel Hsiao","Max Weisskirchen",1,0.552944900036382
"MS",1,2,"max_streak",3082,"29-10-2019","Joshua Magee","Felix Burestedt",1,0.410102270342116
"MS",1,2,"max_streak",3097,"30-10-2019","Joshua Magee","Toby Penty",0,0.474465966381829
"MS",1,2,"max_streak",3102,"31-10-2019","Lucas Corvee","Max Weisskirchen",0,0.447761629898522
"MS",1,2,"max_streak",3108,"01-11-2019","Max Weisskirchen","Lakshya Sen",0,0.199317247891384
"MS",1,2,"max_streak",3113,"02-11-2019","Kiran George","Lakshya Sen",1,0.189471509821782
"MS",1,2,"max_streak",3119,"05-11-2019","Rasmus Gemke","H. S. Prannoy",1,0.565910298770782
"MS",1,2,"max_streak",3124,"06-11-2019","Kantaphon Wangcharoen","Anders Antonsen",0,0.26774660620912
"MS",1,2,"max_streak",3136,"07-11-2019","Kenta Nishimoto","Tien Chen Chou",0,0.35828394001423
"MS",1,2,"max_streak",3137,"07-11-2019","Ka Long Angus Ng","Jan O Jorgensen",1,0.655150369857722
"MS",1,2,"max_streak",3138,"07-11-2019","Cheuk Yiu Lee","Jonatan Christie",1,0.0526456449053828
"MS",1,2,"max_streak",3143,"09-11-2019","Kento Momota","Rasmus Gemke",1,0.831380465467373
"MS",1,2,"max_streak",3149,"12-11-2019","Daren Liew","Yehezkiel Fritz Mainaky",1,0.769500357345288
"MS",1,2,"max_streak",3154,"12-11-2019","Lucas Claerbout","Sourabh Verma",0,0.440542110579732
"MS",1,2,"max_streak",3163,"13-11-2019","Viktor Axelsen","Wan Ho Son",1,0.609936791703069
"MS",1,2,"max_streak",3164,"13-11-2019","Ka Long Angus Ng","Anthony Sinisuka Ginting",1,0.488346597521679
"MS",1,2,"max_streak",3169,"13-11-2019","Hans-Kristian Solberg Vittinghus","Dan Lin",0,0.507389617937629
"MS",1,2,"max_streak",3171,"13-11-2019","Kantaphon Wangcharoen","Jan O Jorgensen",1,0.43811968980322
"MS",1,2,"max_streak",3184,"15-11-2019","Anthony Sinisuka Ginting","Tien Chen Chou",1,0.215241802669057
"MS",1,2,"max_streak",3193,"19-11-2019","Chun-Yi Lin","Ping-Hsien Huang",1,0.455607311740611
"MS",1,2,"max_streak",3200,"20-11-2019","Donghun Kim","Sourabh Verma",1,0.302352893821499
"MS",1,2,"max_streak",3202,"20-11-2019","Kanta Tsuneyama","Chia Hung Lu",1,0.722207678368641
"MS",1,2,"max_streak",3214,"20-11-2019","Shi Feng Li","Kunlavut Vitidsarn",0,0.521341946138286
"MS",1,2,"max_streak",3215,"21-11-2019","Srikanth Kidambi","Kanta Tsuneyama",0,0.373540742675686
"MS",1,2,"max_streak",3224,"22-11-2019","Donghun Kim","Kanta Tsuneyama",0,0.623979087246137
"MS",1,2,"max_streak",3234,"26-11-2019","Chirag Sen","B.M.Rahul Bharadwaj",1,0.392296996291183
"MS",1,2,"max_streak",3236,"26-11-2019","Shreyansh Jaiswal","Kevin Arokia Walter",1,0.681081506192777
"MS",1,2,"max_streak",3240,"26-11-2019","Chirag Sen","Ansal Yadav",0,0.504899760863646
"MS",1,2,"max_streak",3246,"27-11-2019","Alap Mishra","Georges Julien Paul",1,0.697344888236707
"MS",1,2,"max_streak",3250,"27-11-2019","Jun Peng Zhao","Nhat Nguyen",1,0.646354011947197
"MS",1,2,"max_streak",3254,"27-11-2019","Kwang Hee Heo","Kai Schaefer",1,0.699230412731195
"MS",1,2,"max_streak",3268,"30-11-2019","Tzu Wei Wang","Wan Ho Son",1,0.584336199844841
"MS",1,2,"max_streak",3271,"11-12-2019","Long Chen","Viktor Axelsen",0,0.861183499326969
"MS",1,2,"max_streak",3276,"12-12-2019","Tien Chen Chou","Viktor Axelsen",1,0.399488793634318
"MS",1,2,"max_streak",3281,"13-12-2019","Kento Momota","Jonatan Christie",1,0.803781598927617
"MS",1,2,"max_streak",3282,"13-12-2019","Anders Antonsen","Tzu Wei Wang",0,0.545417865324695
"MS",1,2,"max_streak",3286,"07-01-2020","Joo Ven Soong","Wing Ki Vincent Wong",0,0.836819921420238
"MS",1,2,"max_streak",3287,"07-01-2020","Daren Liew","Subhankar Dey",1,0.587991123380939
"MS",1,2,"max_streak",3289,"07-01-2020","Kwang Hee Heo","Khosit Phetpradab",1,0.660937363923343
"MS",1,2,"max_streak",3292,"07-01-2020","Lakshya Sen","Hans-Kristian Solberg Vittinghus",0,0.768878973147279
"MS",1,2,"max_streak",3295,"07-01-2020","Daren Liew","Jun Peng Zhao",1,0.691509995207342
"MS",1,2,"max_streak",3296,"07-01-2020","Kwang Hee Heo","Hans-Kristian Solberg Vittinghus",0,0.566570471300118
"MS",1,2,"max_streak",3297,"07-01-2020","Fei Xiang Sun","Dong Keun Lee",1,0.896277274448607
"MS",1,2,"max_streak",3306,"08-01-2020","Sameer Verma","Kantaphon Wangcharoen",1,0.376088386357478
"MS",1,2,"max_streak",3309,"08-01-2020","Anthony Sinisuka Ginting","Yu Xiang Huang",0,0.791735063438683
"MS",1,2,"max_streak",3319,"09-01-2020","Yu Qi Shi","Guang Zu Lu",1,0.583595878709869
"MS",1,2,"max_streak",3323,"10-01-2020","Zii Jia Lee","Yu Qi Shi",1,0.442270710133914
"MS",1,2,"max_streak",3330,"14-01-2020","Jun Peng Zhao","Khosit Phetpradab",1,0.700339118118989
"MS",1,2,"max_streak",3333,"14-01-2020","Brice Leverdez","Wing Ki Vincent Wong",1,0.868981738327443
"MS",1,2,"max_streak",3336,"14-01-2020","Hans-Kristian Solberg Vittinghus","Thomas Rouxel",1,0.557822360981652
"MS",1,2,"max_streak",3343,"15-01-2020","Viktor Axelsen","Dan Lin",1,0.840117699546931
"MS",1,2,"max_streak",3344,"15-01-2020","Jun Peng Zhao","Hans-Kristian Solberg Vittinghus",1,0.278460625268843
"MS",1,2,"max_streak",3351,"15-01-2020","Wan Ho Son","Anders Antonsen",0,0.338494074606008
"MS",1,2,"max_streak",3352,"15-01-2020","Jan O Jorgensen","Ka Long Angus Ng",0,0.424963438252023
"MS",1,2,"max_streak",3362,"16-01-2020","Kean Yew Loh","Jun Peng Zhao",0,0.232610650963102
"MS",1,2,"max_streak",3367,"17-01-2020","Yu Xiang Huang","Anthony Sinisuka Ginting",0,0.22418393737769
"MS",1,2,"max_streak",3372,"21-01-2020","Lucas Claerbout","Joo Ven Soong",0,0.385470042383011
"MS",1,2,"max_streak",3373,"21-01-2020","Chia Hung Lu","Adulrach Namkul",1,0.793315859125203
"MS",1,2,"max_streak",3377,"21-01-2020","Lucas Corvee","Nhat Nguyen",1,0.366892467902617
"MS",1,2,"max_streak",3379,"21-01-2020","Toma Junior Popov","Sergey Sirant",0,0.338806732693831
"MS",1,2,"max_streak",3382,"21-01-2020","Joo Ven Soong","Teck Zhi Soo",1,0.654854416993008
"MS",1,2,"max_streak",3387,"22-01-2020","Wan Ho Son","Shi Feng Li",0,0.640337540246319
"MS",1,2,"max_streak",3395,"22-01-2020","Tien Minh Nguyen","Jun Peng Zhao",0,0.474564925016804
"MS",1,2,"max_streak",3398,"22-01-2020","Vladimir Malkov","Kunlavut Vitidsarn",0,0.267570574210953
"MS",1,2,"max_streak",3401,"23-01-2020","Tzu Wei Wang","Jun Peng Zhao",0,0.592611523172019
"MS",1,2,"max_streak",3402,"23-01-2020","Shi Feng Li","Ka Long Angus Ng",0,0.27980050794726
"MS",1,2,"max_streak",3413,"25-01-2020","Ka Long Angus Ng","Yu Qi Shi",1,0.542422516669243
"MS",1,2,"max_streak",3414,"26-01-2020","Kenta Nishimoto","Ka Long Angus Ng",0,0.420617022189881
"MS",1,2,"max_streak",3415,"18-02-2020","Karan Rajan Rajarajan","Kari Gunnarsson",1,0.769926151368903
"MS",1,2,"max_streak",3429,"19-02-2020","Rasmus Gemke","Artem Pochtarov",1,0.791096067862648
"MS",1,2,"max_streak",3434,"19-02-2020","Felix Burestedt","Nhat Nguyen",0,0.460390330918745
"MS",1,2,"max_streak",3436,"19-02-2020","Kunlavut Vitidsarn","Jacob Nilsson",1,0.831012470283533
"MS",1,2,"max_streak",3437,"19-02-2020","Kai Schaefer","Misha Zilberman",1,0.449882402515962
"MS",1,2,"max_streak",3438,"19-02-2020","Sameer Verma","Lucas Claerbout",1,0.597836505777457
"MS",1,2,"max_streak",3443,"20-02-2020","Kai Schaefer","Sameer Verma",1,0.39090005095086
"MS",1,2,"max_streak",3450,"21-02-2020","Kunlavut Vitidsarn","Sameer Verma",1,0.708368307374118
"MS",1,2,"max_streak",3451,"21-02-2020","Viktor Axelsen","Jan O Jorgensen",1,0.837296445416141
"MS",1,2,"max_streak",3461,"11-03-2020","Kanta Tsuneyama","Kwang Hee Heo",0,0.548624124533858
"MS",1,2,"max_streak",3483,"14-03-2020","Zii Jia Lee","Viktor Axelsen",0,0.359591648789287
"MS",1,2,"max_streak",3489,"13-10-2020","Rasmus Gemke","Luís Enrique Peñalver",1,0.669706607133037
"MS",1,2,"max_streak",3491,"13-10-2020","Max Weisskirchen","Timothy Lam",1,0.655394546679961
"MS",1,2,"max_streak",3493,"13-10-2020","Mark Caljouw","Kalle Koljonen",0,0.870759995852506
"MS",1,2,"max_streak",3498,"14-10-2020","Toma Junior Popov","Sankeerth B. R.",1,0.859876609141808
"MS",1,2,"max_streak",3502,"15-10-2020","Jason Anthony Ho-Shue","Srikanth Kidambi",0,0.16894499842513
"MS",1,2,"max_streak",3504,"15-10-2020","Kenta Nishimoto","Brice Leverdez",1,0.796673084413935
"MS",1,2,"max_streak",3509,"15-10-2020","Brian Yang","Max Weisskirchen",0,0.536943175792323
"MS",1,2,"max_streak",3514,"17-10-2020","Rasmus Gemke","Kenta Nishimoto",1,0.452477115741211
"MS",1,2,"max_streak",3522,"27-10-2020","Mads Christophersen","Julien Carraggi",1,0.735729364500387
"MS",1,2,"max_streak",3523,"27-10-2020","Jeppe Bruun","Albin Carl Hjelm",1,0.574220346212763
"MS",1,2,"max_streak",3544,"28-10-2020","Victor Svendsen","Luís Enrique Peñalver",1,0.565777083044041
"MS",1,2,"max_streak",3546,"29-10-2020","Victor Svendsen","Brian Yang",0,0.69327041154482
"MS",1,2,"max_streak",3547,"29-10-2020","Nhat Nguyen","Mark Caljouw",0,0.620767857013149
"MS",1,2,"max_streak",3549,"29-10-2020","Toma Junior Popov","Thomas Rouxel",1,0.514009723471202
"MS",1,2,"max_streak",3550,"29-10-2020","Ivan Rusev","Toby Penty",1,0.232909351358039
"MS",1,2,"max_streak",3552,"29-10-2020","Rasmus Gemke","Max Weisskirchen",1,0.610625313816131
"MS",1,2,"max_streak",3568,"13-01-2021","Brice Leverdez","Tzu Wei Wang",1,0.117129831882552
"MS",1,2,"max_streak",3574,"13-01-2021","Srikanth Kidambi","Sourabh Verma",1,0.695486864860372
"MS",1,2,"max_streak",3576,"14-01-2021","Anthony Sinisuka Ginting","Kunlavut Vitidsarn",1,0.732887436106251
"MS",1,2,"max_streak",3581,"14-01-2021","Cheuk Yiu Lee","Daren Liew",1,0.667488127745563
"MS",1,2,"max_streak",3586,"15-01-2021","Rasmus Gemke","Anthony Sinisuka Ginting",1,0.254089788505442
"MS",1,2,"max_streak",3587,"16-01-2021","Ka Long Angus Ng","Tien Chen Chou",1,0.185448997684251
"MS",1,2,"max_streak",3590,"19-01-2021","Srikanth Kidambi","Sitthikom Thammasin",1,0.565563767810875
"MS",1,2,"max_streak",3608,"21-01-2021","Sameer Verma","Rasmus Gemke",1,0.441819394830694
"MS",1,2,"max_streak",3613,"22-01-2021","Daren Liew","Viktor Axelsen",0,0.248049034053693
"MS",1,2,"max_streak",3626,"28-01-2021","Anders Antonsen","Ka Long Angus Ng",1,0.546040629459341
"MS",1,2,"max_streak",3631,"30-01-2021","Anders Antonsen","Tzu Wei Wang",0,0.640280980119796
"MS",1,2,"max_streak",3632,"30-01-2021","Viktor Axelsen","Tien Chen Chou",1,0.80207747101155
"MS",1,2,"max_streak",3637,"03-03-2021","Toma Junior Popov","Brian Yang",0,0.664995756348416
"MS",1,2,"max_streak",3638,"03-03-2021","Mark Caljouw","H. S. Prannoy",0,0.62633933945256
"MS",1,2,"max_streak",3642,"03-03-2021","Viktor Axelsen","Jason Anthony Ho-Shue",1,0.969795739834307
"MS",1,2,"max_streak",3659,"05-03-2021","Viktor Axelsen","Shesar Hiren Rhustavito",1,0.82313059183083
"MS",1,2,"max_streak",3660,"05-03-2021","Srikanth Kidambi","Kantaphon Wangcharoen",1,0.66147723297395
"MS",1,2,"max_streak",3661,"05-03-2021","Kunlavut Vitidsarn","Ajay Jayaram",1,0.735317089542796
"MS",1,2,"max_streak",3669,"17-03-2021","Srikanth Kidambi","Nhat Nguyen",1,0.46298895219476
"MS",1,2,"max_streak",3675,"17-03-2021","Ygor Coelho","Sameer Verma",0,0.206498634551379
"MS",1,2,"max_streak",3682,"18-03-2021","Thomas Rouxel","Lakshya Sen",0,0.377026276607995
"MS",1,2,"max_streak",3683,"18-03-2021","Nhat Nguyen","Mark Caljouw",0,0.515737771224919
"MS",1,2,"max_streak",3685,"18-03-2021","B. Sai Praneeth","Viktor Axelsen",0,0.171850426523138
"MS",1,2,"max_streak",3688,"19-03-2021","Sitthikom Thammasin","Viktor Axelsen",0,0.0248074740776896
"MS",1,2,"max_streak",3691,"20-03-2021","Zii Jia Lee","Mark Caljouw",1,0.756933333361397
"MS",1,2,"max_streak",3698,"23-03-2021","Yanis Gaudin","Valentin Singer",1,0.704579221755362
"MS",1,2,"max_streak",3705,"23-03-2021","Mohamed Abderrahime Belarbi","Thomas Fourcade",0,0.201239286201259
"MS",1,2,"max_streak",3707,"23-03-2021","Youcef Sabri Medel","Magnus Johannesen",0,0.285647792887201
"MS",1,2,"max_streak",3713,"23-03-2021","Martin Bundgaard","Thomas Fourcade",0,0.597597567666852
"MS",1,2,"max_streak",3714,"23-03-2021","Mads Thøgersen","Julien Carraggi",1,0.66351283997378
"MS",1,2,"max_streak",3718,"23-03-2021","Ajay Jayaram","Alap Mishra",1,0.562831907408963
"MS",1,2,"max_streak",3726,"23-03-2021","Joo Ven Soong","Johnnie Torjussen",1,0.628165502428546
"MS",1,2,"max_streak",3734,"24-03-2021","Srikanth Kidambi","Ajay Jayaram",1,0.567496088418236
"MS",1,2,"max_streak",3735,"24-03-2021","Ditlev Jaeger Holm","B.M.Rahul Bharadwaj",1,0.588728341493465
"MS",1,2,"max_streak",3736,"24-03-2021","H. S. Prannoy","Kiran George",0,0.640107863829337
"MS",1,2,"max_streak",3738,"24-03-2021","Thomas Rouxel","Harry Huang",0,0.4682601935953
"MS",1,2,"max_streak",3741,"24-03-2021","Mads Christophersen","Fabio Caponio",1,0.784839619523585
"MS",1,2,"max_streak",3751,"25-03-2021","Kiran George","Brice Leverdez",1,0.300034006562747
"MS",1,2,"max_streak",3756,"26-03-2021","Srikanth Kidambi","Toma Junior Popov",0,0.455003582596952
"MS",1,2,"max_streak",3757,"26-03-2021","Ditlev Jaeger Holm","Hans-Kristian Solberg Vittinghus",0,0.240826984715131
"MS",1,2,"score_diff",1,"09-01-2018","Jun Hao Leong","Kantawat Leelavechabutr",1,0.244446867838263
"MS",1,2,"score_diff",4,"09-01-2018","Mithun Manjunath","Henrikho Kho Wibowo",1,0.564479398778198
"MS",1,2,"score_diff",5,"09-01-2018","Chirag Sen","Hashiru Shimono",0,0.298106432526325
"MS",1,2,"score_diff",6,"09-01-2018","Shreyansh Jaiswal","Fikri Ihsandi Hadmadi",0,0.460564648199351
"MS",1,2,"score_diff",10,"09-01-2018","Teck Zhi Soo","Jun Hao Leong",0,0.455654502465524
"MS",1,2,"score_diff",11,"09-01-2018","Mithun Manjunath","Hashiru Shimono",0,0.408905686034839
"MS",1,2,"score_diff",14,"10-01-2018","Thomas Rouxel","Kantaphon Wangcharoen",0,0.454298907546268
"MS",1,2,"score_diff",23,"10-01-2018","Daren Liew","Khosit Phetpradab",0,0.573018839673441
"MS",1,2,"score_diff",34,"11-01-2018","Nan Wei","Daren Liew",0,0.395321615236217
"MS",1,2,"score_diff",36,"11-01-2018","Pannawit Thongnuam","Tommy Sugiarto",0,0.430810095565851
"MS",1,2,"score_diff",50,"16-01-2018","Kashyap Parupalli","Kantaphon Wangcharoen",0,0.311192032450365
"MS",1,2,"score_diff",55,"17-01-2018","Tien Chen Chou","Jonatan Christie",0,0.310825959468064
"MS",1,2,"score_diff",57,"17-01-2018","Hans-Kristian Solberg Vittinghus","Wing Ki Vincent Wong",1,0.720180157005163
"MS",1,2,"score_diff",60,"17-01-2018","Hyeok Jin Jeon","Tommy Sugiarto",0,0.408519102759997
"MS",1,2,"score_diff",68,"17-01-2018","Yuxiang Huang","Rasmus Gemke",1,0.70402604201868
"MS",1,2,"score_diff",70,"17-01-2018","Kantaphon Wangcharoen","B. Sai Praneeth",0,0.359487765529758
"MS",1,2,"score_diff",71,"18-01-2018","Hans-Kristian Solberg Vittinghus","Tzu Wei Wang",1,0.398245285591148
"MS",1,2,"score_diff",82,"19-01-2018","Daren Liew","Suppanyu Avihingsanon",1,0.630828871436014
"MS",1,2,"score_diff",94,"23-01-2018","Vega Vio Nirwanda","Sony Dwi Kuncoro",0,0.506107664854395
"MS",1,2,"score_diff",96,"23-01-2018","Kantaphon Wangcharoen","Saputra Vicky Angga",1,0.750130810359618
"MS",1,2,"score_diff",97,"23-01-2018","Shesar Hiren Rhustavito","Kim Bruun",0,0.721354061844963
"MS",1,2,"score_diff",98,"24-01-2018","Viktor Axelsen","Jen Hao Hsu",1,0.792574669943293
"MS",1,2,"score_diff",100,"24-01-2018","Ihsan Maulana Mustofa","Rasmus Gemke",0,0.646157074272067
"MS",1,2,"score_diff",104,"24-01-2018","Shesar Hiren Rhustavito","Tommy Sugiarto",0,0.328961655158463
"MS",1,2,"score_diff",105,"24-01-2018","Ka Long Angus Ng","Sony Dwi Kuncoro",0,0.461646642362801
"MS",1,2,"score_diff",111,"24-01-2018","Lucas Corvee","Tien Chen Chou",0,0.726472879974273
"MS",1,2,"score_diff",117,"25-01-2018","Sony Dwi Kuncoro","Tommy Sugiarto",1,0.61058122535439
"MS",1,2,"score_diff",118,"25-01-2018","Hans-Kristian Solberg Vittinghus","Wei Feng Chong",0,0.658361307497971
"MS",1,2,"score_diff",127,"27-01-2018","Kazumasa Sakai","Wan Ho Son",0,0.484237759022503
"MS",1,2,"score_diff",135,"30-01-2018","Shreyansh Jaiswal","Karan Rajan Rajarajan",1,0.575551113194913
"MS",1,2,"score_diff",136,"30-01-2018","Abhishek Yelegar","Ajay Kumar K.",1,0.625308478708871
"MS",1,2,"score_diff",137,"30-01-2018","Kartikey Gulshan Kumar","Bodhit Joshi",0,0.617983518310455
"MS",1,2,"score_diff",138,"30-01-2018","Siddharth Pratap Singh","Iskandar Zulkarnain",0,0.599853266636373
"MS",1,2,"score_diff",144,"31-01-2018","Vladimir Malkov","Nan Wei",1,0.574116695351314
"MS",1,2,"score_diff",158,"01-02-2018","Shreyansh Jaiswal","Kashyap Parupalli",0,0.625931082780779
"MS",1,2,"score_diff",167,"02-02-2018","Bin Qiao","Kashyap Parupalli",1,0.691160034535403
"MS",1,2,"score_diff",175,"20-02-2018","Riichi Takeshita","Michal Rogalski",1,0.545193994252555
"MS",1,2,"score_diff",178,"20-02-2018","Luís Enrique Peñalver","Yusuke Onodera",1,0.400021856567368
"MS",1,2,"score_diff",183,"20-02-2018","Luís Enrique Peñalver","Arnaud Merkle",0,0.471341799287792
"MS",1,2,"score_diff",185,"21-02-2018","Kantaphon Wangcharoen","Kai Schaefer",1,0.608401319810338
"MS",1,2,"score_diff",188,"21-02-2018","Christian Kirchmayr","Kento Momota",0,0.266642700913784
"MS",1,2,"score_diff",190,"21-02-2018","Thomas Rouxel","Sameer Verma",0,0.398318041569863
"MS",1,2,"score_diff",209,"23-02-2018","Koki Watanabe","Lucas Corvee",1,0.360890284287708
"MS",1,2,"score_diff",218,"06-03-2018","David Peng","Wolfgang Gnedt",0,0.569253279520175
"MS",1,2,"score_diff",222,"06-03-2018","Alexander Roovers","Junpeng Zhao",0,0.539340639816624
"MS",1,2,"score_diff",228,"07-03-2018","Suppanyu Avihingsanon","Jen Hao Hsu",1,0.680192628878721
"MS",1,2,"score_diff",239,"07-03-2018","Vladimir Malkov","Dan Lin",0,0.313478745509404
"MS",1,2,"score_diff",250,"08-03-2018","Kanta Tsuneyama","Dan Lin",0,0.555556034149005
"MS",1,2,"score_diff",268,"14-03-2018","Jen Hao Hsu","Khosit Phetpradab",0,0.391275039073746
"MS",1,2,"score_diff",274,"15-03-2018","Dong Keun Lee","Chong Wei Lee",1,0.247171523717996
"MS",1,2,"score_diff",277,"15-03-2018","Tzu Wei Wang","Dan Lin",0,0.349667132627993
"MS",1,2,"score_diff",286,"17-03-2018","Wan Ho Son","Yuqi Shi",0,0.306784625109051
"MS",1,2,"score_diff",288,"18-03-2018","Yuqi Shi","Dan Lin",0,0.683960089816051
"MS",1,2,"score_diff",293,"27-03-2018","Toma Junior Popov","Samuel Hsiao",0,0.397243970494064
"MS",1,2,"score_diff",294,"27-03-2018","Aneeth Kumar Repudi","Shinsai Deslauriers",1,0.38091717611522
"MS",1,2,"score_diff",295,"27-03-2018","Hugo Jardim","Remi Rossi",0,0.144052531072155
"MS",1,2,"score_diff",296,"27-03-2018","Marc Laporte","Hardik Makkar",0,0.314387067709886
"MS",1,2,"score_diff",314,"27-03-2018","Henri Aarnio","Adam Mendrek",1,0.747442809759386
"MS",1,2,"score_diff",319,"27-03-2018","Milan Dratva","Eetu Heino",0,0.433109750059493
"MS",1,2,"score_diff",320,"27-03-2018","Remi Rossi","Karan Rajan Rajarajan",1,0.725951895279164
"MS",1,2,"score_diff",330,"28-03-2018","Remi Rossi","Joshua Magee",0,0.28824773655697
"MS",1,2,"score_diff",358,"10-04-2018","Wei Chi Liu","Misha Zilberman",0,0.447676045041265
"MS",1,2,"score_diff",362,"10-04-2018","Jiahao Yu","Yu Jen Chi",0,0.28796790869793
"MS",1,2,"score_diff",364,"10-04-2018","Shumin Liu","Qin Zheng",1,0.672332291044664
"MS",1,2,"score_diff",370,"10-04-2018","Yun Kyu Lee","Guangzu Lu",0,0.396124733422579
"MS",1,2,"score_diff",372,"11-04-2018","Jen Hao Hsu","Chico Aura Dwi Wardoyo",0,0.507265138210426
"MS",1,2,"score_diff",377,"11-04-2018","Young Woong Ha","Zeqi Zhou",0,0.35363466082529
"MS",1,2,"score_diff",381,"11-04-2018","Haichao Liu","Pannawit Thongnuam",0,0.600617544858744
"MS",1,2,"score_diff",387,"11-04-2018","Yupeng Bai","Daren Liew",0,0.257184187007029
"MS",1,2,"score_diff",408,"01-05-2018","Pengbo Ren","Riichi Takeshita",0,0.393786513166202
"MS",1,2,"score_diff",409,"01-05-2018","Pit Seng Low","Zeqi Zhou",0,0.297714308188833
"MS",1,2,"score_diff",410,"01-05-2018","Guangzu Lu","Kwang Hee Heo",0,0.475007514519505
"MS",1,2,"score_diff",417,"02-05-2018","Kwang Hee Heo","Firman Abdul Kholik",1,0.554413364525647
"MS",1,2,"score_diff",423,"02-05-2018","Yu Igarashi","Wei Feng Chong",1,0.531904445832492
"MS",1,2,"score_diff",424,"02-05-2018","Sameer Verma","Sony Dwi Kuncoro",1,0.821586248368316
"MS",1,2,"score_diff",439,"04-05-2018","Dan Lin","Sameer Verma",1,0.476131099042165
"MS",1,2,"score_diff",440,"04-05-2018","Niluka Karunaratne","B. Sai Praneeth",0,0.201932180433374
"MS",1,2,"score_diff",453,"08-05-2018","Yehezkiel Fritz Mainaky","Robert Mann",1,0.683637986408679
"MS",1,2,"score_diff",456,"08-05-2018","Yang Shen","Riichi Takeshita",0,0.143985693816976
"MS",1,2,"score_diff",457,"09-05-2018","Misha Zilberman","B. Sai Praneeth",0,0.281363084090781
"MS",1,2,"score_diff",458,"09-05-2018","Niluka Karunaratne","Zeqi Zhou",0,0.372076025589135
"MS",1,2,"score_diff",466,"09-05-2018","Wei Feng Chong","Koki Watanabe",0,0.713456652084751
"MS",1,2,"score_diff",467,"09-05-2018","Ajay Jayaram","Riichi Takeshita",0,0.43631730691183
"MS",1,2,"score_diff",469,"09-05-2018","June Wei Cheam","Yehezkiel Fritz Mainaky",1,0.577264714112864
"MS",1,2,"score_diff",482,"11-05-2018","Tommy Sugiarto","Zeqi Zhou",0,0.340669026056229
"MS",1,2,"score_diff",483,"11-05-2018","Cheuk Yiu Lee","B. Sai Praneeth",1,0.458566800351413
"MS",1,2,"score_diff",485,"12-05-2018","Zeqi Zhou","Cheuk Yiu Lee",1,0.645723032461016
"MS",1,2,"score_diff",494,"12-06-2018","Hin Shun Wong","Phillips Jap",0,0.36646813527203
"MS",1,2,"score_diff",505,"13-06-2018","Guangzu Lu","Tien Minh Nguyen",1,0.539843576076179
"MS",1,2,"score_diff",507,"13-06-2018","Toby Penty","Kwang Hee Heo",0,0.41450019377792
"MS",1,2,"score_diff",526,"15-06-2018","Ajay Jayaram","Kwang Hee Heo",1,0.453546474205368
"MS",1,2,"score_diff",527,"15-06-2018","Dong Keun Lee","Kantaphon Wangcharoen",1,0.448560613606172
"MS",1,2,"score_diff",533,"19-06-2018","Bo Zhao","Johnathan Akin-Mulrooney",0,0.417731324338648
"MS",1,2,"score_diff",542,"19-06-2018","Joshua Hurlburt-Yu","Johnathan Akin-Mulrooney",1,0.585912733529385
"MS",1,2,"score_diff",544,"19-06-2018","Minoru Koga","Kevin Lee",1,0.748659243329522
"MS",1,2,"score_diff",562,"20-06-2018","Guangzu Lu","Yun Kyu Lee",1,0.737820462245513
"MS",1,2,"score_diff",566,"20-06-2018","Max Weisskirchen","Jacob Nilsson",1,0.632182682840596
"MS",1,2,"score_diff",570,"20-06-2018","Sankeerth B. R.","Niluka Karunaratne",0,0.187660392465122
"MS",1,2,"score_diff",573,"20-06-2018","Kok Hong Woon","Guoxing Huang",0,0.555505857562282
"MS",1,2,"score_diff",575,"20-06-2018","Dong Keun Lee","Cao Cuong Pham",0,0.595080858657349
"MS",1,2,"score_diff",577,"20-06-2018","Young Woong Ha","Toby Penty",0,0.433195701123236
"MS",1,2,"score_diff",581,"21-06-2018","Max Weisskirchen","Kwang Hee Heo",1,0.414182759854335
"MS",1,2,"score_diff",582,"21-06-2018","Cao Cuong Pham","Guoxing Huang",1,0.309595019162709
"MS",1,2,"score_diff",585,"21-06-2018","Takuma Obayashi","Toby Penty",0,0.46679601657118
"MS",1,2,"score_diff",588,"22-06-2018","Toby Penty","Guangzu Lu",1,0.250946497285112
"MS",1,2,"score_diff",592,"26-06-2018","Viktor Axelsen","Khosit Phetpradab",0,0.725039878908797
"MS",1,2,"score_diff",596,"26-06-2018","Anders Antonsen","Tanongsak Saensomboonsuk",0,0.327814578257872
"MS",1,2,"score_diff",600,"27-06-2018","Anthony Sinisuka Ginting","Kento Momota",0,0.736935163764248
"MS",1,2,"score_diff",607,"27-06-2018","Jonatan Christie","Daren Liew",1,0.573315462598254
"MS",1,2,"score_diff",617,"29-06-2018","Viktor Axelsen","Chong Wei Lee",0,0.584507026389517
"MS",1,2,"score_diff",622,"01-07-2018","Chong Wei Lee","Kento Momota",1,0.573016076485474
"MS",1,2,"score_diff",623,"03-07-2018","Kanta Tsuneyama","Jan O Jorgensen",1,0.258513501953914
"MS",1,2,"score_diff",636,"04-07-2018","Hyun Il Lee","Kantaphon Wangcharoen",1,0.284258803290173
"MS",1,2,"score_diff",639,"05-07-2018","Anthony Sinisuka Ginting","Kento Momota",0,0.348468904333428
"MS",1,2,"score_diff",640,"05-07-2018","Anders Antonsen","Chong Wei Lee",0,0.154043595534297
"MS",1,2,"score_diff",652,"07-07-2018","Kento Momota","Chong Wei Lee",1,0.528354720550258
"MS",1,2,"score_diff",662,"10-07-2018","Shreyansh Jaiswal","Guangzu Lu",0,0.104666765712542
"MS",1,2,"score_diff",664,"10-07-2018","Sony Dwi Kuncoro","Kartikey Gulshan Kumar",1,0.767002730451406
"MS",1,2,"score_diff",669,"11-07-2018","Rajiv Ouseph","Yun Hu",0,0.600617836047818
"MS",1,2,"score_diff",674,"11-07-2018","Jen Hao Hsu","Kenta Nishimoto",0,0.125722836043659
"MS",1,2,"score_diff",678,"11-07-2018","Tanongsak Saensomboonsuk","Sameer Verma",1,0.429376570026117
"MS",1,2,"score_diff",680,"11-07-2018","Sitthikom Thammasin","Toby Penty",1,0.429309506178689
"MS",1,2,"score_diff",686,"12-07-2018","Wei Feng Chong","Yuxiang Huang",0,0.29421975890673
"MS",1,2,"score_diff",694,"14-07-2018","Suppanyu Avihingsanon","Tommy Sugiarto",0,0.245299544330555
"MS",1,2,"score_diff",695,"14-07-2018","Kanta Tsuneyama","Sony Dwi Kuncoro",0,0.568845353386614
"MS",1,2,"score_diff",698,"17-07-2018","Kai Schaefer","Firman Abdul Kholik",1,0.39456244566676
"MS",1,2,"score_diff",700,"17-07-2018","Rosario Maddaloni","R. M. V. Gurusaidutt",0,0.114472787822863
"MS",1,2,"score_diff",703,"17-07-2018","Chia Hung Lu","Rahul Yadav Chittaboina",1,0.411894286526813
"MS",1,2,"score_diff",715,"18-07-2018","Firman Abdul Kholik","Ihsan Maulana Mustofa",0,0.62534469025902
"MS",1,2,"score_diff",720,"18-07-2018","Cheuk Yiu Lee","Khosit Phetpradab",0,0.715943939321361
"MS",1,2,"score_diff",729,"19-07-2018","Yu Igarashi","Bin Qiao",0,0.359304971495734
"MS",1,2,"score_diff",734,"20-07-2018","Tien Chen Chou","Hyun Il Lee",1,0.709306763564327
"MS",1,2,"score_diff",735,"20-07-2018","Jen Hao Hsu","Yuxiang Huang",0,0.537136439953817
"MS",1,2,"score_diff",737,"21-07-2018","Tien Chen Chou","Bin Qiao",0,0.718313515063091
"MS",1,2,"score_diff",741,"24-07-2018","Jeffrey Lam","Pratul Joshi",0,0.302810286857479
"MS",1,2,"score_diff",742,"24-07-2018","Elias Bracke","Mithun Manjunath",0,0.336762330248868
"MS",1,2,"score_diff",743,"24-07-2018","Gergely Krausz","Koji Naito",0,0.316003682387638
"MS",1,2,"score_diff",747,"24-07-2018","Eetu Heino","Sergey Sirant",1,0.356579484838996
"MS",1,2,"score_diff",750,"24-07-2018","Ilya Goncharov","Chun Kar Lung",1,0.405862269225244
"MS",1,2,"score_diff",763,"25-07-2018","Siddharth Pratap Singh","Bodhit Joshi",1,0.763332046117535
"MS",1,2,"score_diff",764,"25-07-2018","Misha Zilberman","Pratul Joshi",0,0.59713443133343
"MS",1,2,"score_diff",776,"27-07-2018","Subhankar Dey","Vladimir Malkov",0,0.418157365388926
"MS",1,2,"score_diff",777,"27-07-2018","Misha Zilberman","Sourabh Verma",0,0.367533786927131
"MS",1,2,"score_diff",778,"27-07-2018","Koki Watanabe","Ryotaro Maruo",1,0.63329611304295
"MS",1,2,"score_diff",780,"28-07-2018","Mithun Manjunath","Sourabh Verma",0,0.248705287229215
"MS",1,2,"score_diff",788,"24-07-2018","Yu Jen Chi","Riichi Takeshita",0,0.216467081954602
"MS",1,2,"score_diff",789,"24-07-2018","Muhammad Bayu Pangisthu","Hashiru Shimono",0,0.342762219308568
"MS",1,2,"score_diff",793,"24-07-2018","Chih Chieh Yang","Takuma Obayashi",1,0.625753845487906
"MS",1,2,"score_diff",795,"24-07-2018","Yiming Xu","Yun Kyu Lee",0,0.552159160643446
"MS",1,2,"score_diff",798,"25-07-2018","Kuei Chun Shih","Panji Ahmad Maulana",0,0.317138162298556
"MS",1,2,"score_diff",801,"25-07-2018","Hashiru Shimono","Ratnajit Tamang",1,0.504763954129159
"MS",1,2,"score_diff",807,"25-07-2018","Sitthikom Thammasin","Kodai Naraoka",1,0.746495273950257
"MS",1,2,"score_diff",808,"25-07-2018","Chih Chieh Yang","Ching Wei Chen",1,0.569714406226822
"MS",1,2,"score_diff",809,"25-07-2018","Yiming Xu","Takuma Ueda",0,0.359008200226617
"MS",1,2,"score_diff",824,"28-07-2018","Sitthikom Thammasin","Jan O Jorgensen",1,0.525262176354379
"MS",1,2,"score_diff",830,"07-08-2018","Phone Pyae Naing","Seng Zoe Yeoh",1,0.384298434142856
"MS",1,2,"score_diff",832,"07-08-2018","Thanh Long Truong","En Chia Chang",0,0.417152184042951
"MS",1,2,"score_diff",833,"07-08-2018","Vincent Cheng Wei Phuah","Yu-Hua Lai",0,0.465110157620209
"MS",1,2,"score_diff",834,"07-08-2018","Chirag Sen","Chun-Yi Lin",1,0.223568535894868
"MS",1,2,"score_diff",842,"07-08-2018","Vijetha N. V. S.","Saran Jamsri",0,0.303831310445497
"MS",1,2,"score_diff",843,"07-08-2018","Simon Wang","Gatjra Piliang Fiqihila Cupu",0,0.378999444589619
"MS",1,2,"score_diff",845,"07-08-2018","Satheishtharan Ramachandran","Kuei Chun Shih",0,0.329218603919586
"MS",1,2,"score_diff",849,"07-08-2018","Chun-Yi Lin","Siril Verma",0,0.288362589071336
"MS",1,2,"score_diff",850,"07-08-2018","Duc Phat Le","Ajay Jayaram",0,0.381351653431556
"MS",1,2,"score_diff",855,"07-08-2018","Tien Minh Nguyen","Henrikho Kho Wibowo",1,0.731891997394646
"MS",1,2,"score_diff",859,"07-08-2018","June Wei Cheam","Kantawat Leelavechabutr",0,0.460047628689607
"MS",1,2,"score_diff",867,"08-08-2018","Cao Cuong Pham","Hsuan Yi Hsueh",0,0.347076912206393
"MS",1,2,"score_diff",873,"08-08-2018","Shesar Hiren Rhustavito","Pablo Abian",1,0.787898418377094
"MS",1,2,"score_diff",874,"08-08-2018","Xiaodong Sheng","Sergey Sirant",1,0.488673255133547
"MS",1,2,"score_diff",876,"08-08-2018","Zeqi Zhou","Joo Ven Soong",0,0.724154632577122
"MS",1,2,"score_diff",885,"09-08-2018","Mithun Manjunath","Adulrach Namkul",1,0.580393448486256
"MS",1,2,"score_diff",886,"09-08-2018","Zeqi Zhou","Wei Feng Chong",1,0.352198456978557
"MS",1,2,"score_diff",888,"09-08-2018","Tien Minh Nguyen","Sitthikom Thammasin",1,0.44296493004903
"MS",1,2,"score_diff",889,"10-08-2018","Tien Minh Nguyen","Shesar Hiren Rhustavito",0,0.607611871083044
"MS",1,2,"score_diff",890,"10-08-2018","Hsuan Yi Hsueh","Yu Igarashi",0,0.352058897931428
"MS",1,2,"score_diff",892,"10-08-2018","Zeqi Zhou","Mithun Manjunath",0,0.662874557056999
"MS",1,2,"score_diff",899,"28-08-2018","Mathew Fogarty","Joshua Magee",0,0.169767732946823
"MS",1,2,"score_diff",927,"30-08-2018","Misha Zilberman","Rasmus Messerschmidt",1,0.371459037722438
"MS",1,2,"score_diff",929,"30-08-2018","Kalle Koljonen","Victor Svendsen",1,0.347718462114946
"MS",1,2,"score_diff",945,"04-09-2018","Andrew Susanto","Yash Yogi",0,0.585888707349681
"MS",1,2,"score_diff",949,"04-09-2018","Aneeth Kumar Repudi","Vijetha N. V. S.",0,0.753680091632677
"MS",1,2,"score_diff",953,"04-09-2018","Seong Hyun Son","Arintap Das Gupta",1,0.464144977562391
"MS",1,2,"score_diff",967,"04-09-2018","Vicky Angga Saputra","Ajay Jayaram",1,0.371218152083292
"MS",1,2,"score_diff",968,"04-09-2018","Adrian George","Chico Aura Dwi Wardoyo",0,0.225484502420449
"MS",1,2,"score_diff",979,"05-09-2018","Aryamann Tandon","Pratul Joshi",0,0.624046251627873
"MS",1,2,"score_diff",983,"05-09-2018","Joo Ven Soong","Mithun Manjunath",1,0.544210005141277
"MS",1,2,"score_diff",994,"06-09-2018","R. M. V. Gurusaidutt","Daniel S. Farid",1,0.709065823203936
"MS",1,2,"score_diff",1000,"07-09-2018","Kwang Hee Heo","Joo Ven Soong",0,0.578069992480657
"MS",1,2,"score_diff",1001,"07-09-2018","R. M. V. Gurusaidutt","Chi Wing Lim",1,0.48066089531897
"MS",1,2,"score_diff",1004,"08-09-2018","Sameer Verma","R. M. V. Gurusaidutt",1,0.380348815644607
"MS",1,2,"score_diff",1009,"11-09-2018","Kazumasa Sakai","Wan Ho Son",0,0.505810392366025
"MS",1,2,"score_diff",1012,"11-09-2018","Hans-Kristian Solberg Vittinghus","Wing Ki Vincent Wong",0,0.619232662422834
"MS",1,2,"score_diff",1022,"11-09-2018","Yuxiang Huang","Srikanth Kidambi",0,0.327092728746119
"MS",1,2,"score_diff",1025,"13-09-2018","Suppanyu Avihingsanon","Long Chen",0,0.300009305407373
"MS",1,2,"score_diff",1029,"13-09-2018","Wing Ki Vincent Wong","Srikanth Kidambi",0,0.25763074928935
"MS",1,2,"score_diff",1034,"14-09-2018","Long Chen","Khosit Phetpradab",0,0.446637545196318
"MS",1,2,"score_diff",1035,"15-09-2018","Viktor Axelsen","Kento Momota",0,0.333700089284659
"MS",1,2,"score_diff",1037,"16-09-2018","Kento Momota","Khosit Phetpradab",1,0.80199876908063
"MS",1,2,"score_diff",1041,"18-09-2018","Syahzlan Hazwan Salleh","Muhammad Aldo Apriyandi",0,0.329711030779208
"MS",1,2,"score_diff",1046,"18-09-2018","Dean Bencha Wijaya","Yonathan Ramlie",0,0.358260669922779
"MS",1,2,"score_diff",1049,"18-09-2018","Abdul Kadir Zailani","Aldy Firmanda",1,0.55488681253239
"MS",1,2,"score_diff",1050,"18-09-2018","Isna Sakti Maulana Mustaqim Mustaqim","Andrew Susanto",1,0.687618113076871
"MS",1,2,"score_diff",1053,"18-09-2018","Bagas Kristianto Nugroho","Christian Adinata",1,0.609956106825017
"MS",1,2,"score_diff",1057,"18-09-2018","Thanh Long Truong","Abdul Kadir Zailani",0,0.386333151018028
"MS",1,2,"score_diff",1059,"18-09-2018","Aldo Oktaviano Purnomo","Isna Sakti Maulana Mustaqim Mustaqim",1,0.273967250392205
"MS",1,2,"score_diff",1060,"18-09-2018","Koji Naito","Karono Karono",1,0.623951550583917
"MS",1,2,"score_diff",1063,"18-09-2018","Chico Aura Dwi Wardoyo","Muhammad Izzuddin Shamsul Muzli",1,0.631096449820166
"MS",1,2,"score_diff",1072,"19-09-2018","Muhammad Ziyad Md Tah","Syabda Perkasa Belawa",1,0.383736896818894
"MS",1,2,"score_diff",1075,"19-09-2018","Krishna Adi Nugraha","Yonathan Ramlie",1,0.566634055008446
"MS",1,2,"score_diff",1082,"19-09-2018","Panji Ahmad Maulana","Muhammad Febriansyah",1,0.606821853245521
"MS",1,2,"score_diff",1098,"20-09-2018","Bagas Kristianto Nugroho","Firman Abdul Kholik",0,0.487749610879823
"MS",1,2,"score_diff",1099,"20-09-2018","Koji Naito","Ikhsan Leonardo Imanuel Rumbay",0,0.345426926538831
"MS",1,2,"score_diff",1100,"21-09-2018","Firman Abdul Kholik","Krishna Adi Nugraha",1,0.61454768722095
"MS",1,2,"score_diff",1107,"18-09-2018","Wan Ho Son","Cheuk Yiu Lee",1,0.618461988600181
"MS",1,2,"score_diff",1113,"18-09-2018","Hans-Kristian Solberg Vittinghus","Kantaphon Wangcharoen",0,0.322178386162313
"MS",1,2,"score_diff",1115,"19-09-2018","Tommy Sugiarto","Yuqi Shi",0,0.42941838282412
"MS",1,2,"score_diff",1117,"19-09-2018","H. S. Prannoy","Ka Long Angus Ng",0,0.462329837073949
"MS",1,2,"score_diff",1123,"20-09-2018","Viktor Axelsen","Anthony Sinisuka Ginting",0,0.576447272410297
"MS",1,2,"score_diff",1130,"20-09-2018","Jonatan Christie","Ka Long Angus Ng",0,0.491493585501117
"MS",1,2,"score_diff",1136,"22-09-2018","Kento Momota","Yuqi Shi",1,0.815312650364018
"MS",1,2,"score_diff",1137,"23-09-2018","Anthony Sinisuka Ginting","Kento Momota",1,0.457265927795129
"MS",1,2,"score_diff",1150,"26-09-2018","Hans-Kristian Solberg Vittinghus","Junpeng Zhao",1,0.180532407554677
"MS",1,2,"score_diff",1155,"26-09-2018","Wan Ho Son","Cheuk Yiu Lee",1,0.762177297018315
"MS",1,2,"score_diff",1157,"26-09-2018","Tommy Sugiarto","Hyun Il Lee",1,0.817808768952209
"MS",1,2,"score_diff",1158,"26-09-2018","Kazumasa Sakai","Brice Leverdez",1,0.242454104221551
"MS",1,2,"score_diff",1190,"02-10-2018","Yin Chak Chan","Chao Yu Kan",0,0.811274822654393
"MS",1,2,"score_diff",1191,"03-10-2018","Yu Hsien Lin","Jun Hao Leong",1,0.291498473282357
"MS",1,2,"score_diff",1195,"03-10-2018","Cheuk Yiu Lee","Chia Hsuan Lin",1,0.620761251899098
"MS",1,2,"score_diff",1196,"03-10-2018","Jen Hao Hsu","Zii Jia Lee",0,0.492124317974508
"MS",1,2,"score_diff",1200,"03-10-2018","Abhishek Yeligar","Jan O Jorgensen",0,0.105171890736067
"MS",1,2,"score_diff",1204,"03-10-2018","Chia Hung Lu","Rahul Yadav Chittaboina",1,0.755016186250705
"MS",1,2,"score_diff",1207,"04-10-2018","Sourabh Verma","Riichi Takeshita",0,0.561742318906686
"MS",1,2,"score_diff",1222,"09-10-2018","Michael Spencer-Smith","Joonas Korhonen",0,0.251396934124719
"MS",1,2,"score_diff",1224,"09-10-2018","Dimitar Yanakiev","Seng Zoe Yeoh",1,0.379177288019987
"MS",1,2,"score_diff",1226,"09-10-2018","Valeriy Atrashchenkov","Christo Popov",1,0.460839970265327
"MS",1,2,"score_diff",1242,"09-10-2018","Thomas Rouxel","Emre Lale",1,0.591707569369471
"MS",1,2,"score_diff",1252,"10-10-2018","Sankeerth B. R.","Gergely Krausz",1,0.59908894374012
"MS",1,2,"score_diff",1260,"10-10-2018","Misha Zilberman","Niluka Karunaratne",0,0.324165750704512
"MS",1,2,"score_diff",1268,"11-10-2018","Subhankar Dey","June Wei Cheam",0,0.256428115726081
"MS",1,2,"score_diff",1271,"12-10-2018","Kashyap Parupalli","June Wei Cheam",1,0.469219944285251
"MS",1,2,"score_diff",1274,"13-10-2018","Toma Junior Popov","June Wei Cheam",0,0.540968135645871
"MS",1,2,"score_diff",1276,"14-10-2018","Sourabh Verma","June Wei Cheam",1,0.631363097192138
"MS",1,2,"score_diff",1281,"16-10-2018","Kantaphon Wangcharoen","Dan Lin",1,0.259497473179251
"MS",1,2,"score_diff",1282,"16-10-2018","Khosit Phetpradab","Brice Leverdez",1,0.787647513781517
"MS",1,2,"score_diff",1284,"17-10-2018","Tien Chen Chou","Dong Keun Lee",1,0.675885050426707
"MS",1,2,"score_diff",1300,"19-10-2018","Tien Chen Chou","Wan Ho Son",1,0.595690869664361
"MS",1,2,"score_diff",1302,"19-10-2018","Srikanth Kidambi","Sameer Verma",0,0.576320166183204
"MS",1,2,"score_diff",1308,"23-10-2018","Tommy Sugiarto","Wan Ho Son",0,0.638375714705441
"MS",1,2,"score_diff",1313,"23-10-2018","Mark Caljouw","Hans-Kristian Solberg Vittinghus",1,0.408940877386039
"MS",1,2,"score_diff",1321,"24-10-2018","Khosit Phetpradab","Dong Keun Lee",0,0.805415716680062
"MS",1,2,"score_diff",1324,"25-10-2018","Long Chen","Jan O Jorgensen",1,0.720573834588587
"MS",1,2,"score_diff",1326,"25-10-2018","Srikanth Kidambi","Dong Keun Lee",1,0.422643806341346
"MS",1,2,"score_diff",1328,"25-10-2018","B. Sai Praneeth","Jonatan Christie",0,0.258126036088473
"MS",1,2,"score_diff",1333,"26-10-2018","Kantaphon Wangcharoen","Rasmus Gemke",0,0.681746390174436
"MS",1,2,"score_diff",1337,"28-10-2018","Long Chen","Yuqi Shi",1,0.561383718017848
"MS",1,2,"score_diff",1338,"30-10-2018","Kuei Chun Shih","Hin Shun Wong",1,0.755471622589529
"MS",1,2,"score_diff",1363,"31-10-2018","Yu Hsien Lin","Xiaodong Sheng",0,0.739779120207415
"MS",1,2,"score_diff",1365,"31-10-2018","Koki Watanabe","Wing Ki Vincent Wong",0,0.518917588118251
"MS",1,2,"score_diff",1366,"01-11-2018","Wei Feng Chong","Junpeng Zhao",0,0.666705210852095
"MS",1,2,"score_diff",1371,"01-11-2018","Tanongsak Saensomboonsuk","Hyun Il Lee",0,0.507770253355658
"MS",1,2,"score_diff",1372,"01-11-2018","Sitthikom Thammasin","Yu Hsien Lin",0,0.667478120394976
"MS",1,2,"score_diff",1376,"02-11-2018","Guangzu Lu","Hyun Il Lee",0,0.779587187314226
"MS",1,2,"score_diff",1377,"02-11-2018","Chia Hung Lu","Junpeng Zhao",1,0.509592400010707
"MS",1,2,"score_diff",1383,"30-10-2018","Thomas Fuchs","Artem Serpionov",0,0.477903956136296
"MS",1,2,"score_diff",1385,"30-10-2018","Hannes Gerberich","Joel König",1,0.490508835261861
"MS",1,2,"score_diff",1386,"30-10-2018","Birger Abts","Simon Wang",1,0.232356356929451
"MS",1,2,"score_diff",1391,"30-10-2018","Subhankar Dey","Elias Bracke",0,0.498040475711401
"MS",1,2,"score_diff",1393,"30-10-2018","Artem Serpionov","Christian Kirchmayr",0,0.268173194130214
"MS",1,2,"score_diff",1395,"30-10-2018","Eetu Heino","Pengbo Ren",0,0.310334247049809
"MS",1,2,"score_diff",1400,"30-10-2018","David Kramer","Kai Schaefer",0,0.513655078323389
"MS",1,2,"score_diff",1404,"30-10-2018","Wolfgang Gnedt","Joshua Magee",0,0.444247109808796
"MS",1,2,"score_diff",1409,"31-10-2018","Alexander Roovers","Simon Wang",1,0.666154685094168
"MS",1,2,"score_diff",1425,"01-11-2018","Feixiang Sun","Mark Caljouw",0,0.36949378081475
"MS",1,2,"score_diff",1428,"02-11-2018","Rajiv Ouseph","Mark Caljouw",1,0.630971906675209
"MS",1,2,"score_diff",1441,"07-11-2018","Suppanyu Avihingsanon","Kazumasa Sakai",1,0.481686309465991
"MS",1,2,"score_diff",1442,"07-11-2018","Wei Feng Chong","Anthony Sinisuka Ginting",0,0.232674717867924
"MS",1,2,"score_diff",1444,"07-11-2018","Jonatan Christie","H. S. Prannoy",1,0.773902791068508
"MS",1,2,"score_diff",1453,"08-11-2018","Kazumasa Sakai","Yuqi Shi",0,0.161238001800659
"MS",1,2,"score_diff",1460,"09-11-2018","Anders Antonsen","Long Chen",0,0.35503752102562
"MS",1,2,"score_diff",1465,"11-11-2018","Kento Momota","Tien Chen Chou",0,0.764682175316958
"MS",1,2,"score_diff",1472,"13-11-2018","Tanongsak Saensomboonsuk","Wei Feng Chong",1,0.208120620900553
"MS",1,2,"score_diff",1478,"14-11-2018","Daren Liew","Long Chen",0,0.18577776252618
"MS",1,2,"score_diff",1483,"14-11-2018","Lucas Corvee","Kenta Nishimoto",1,0.357270765813442
"MS",1,2,"score_diff",1485,"14-11-2018","Wing Ki Vincent Wong","Srikanth Kidambi",0,0.127485925705485
"MS",1,2,"score_diff",1487,"14-11-2018","Kento Momota","Dan Lin",0,0.854947900521392
"MS",1,2,"score_diff",1488,"14-11-2018","Tien Chen Chou","Dong Keun Lee",0,0.890201714485928
"MS",1,2,"score_diff",1491,"14-11-2018","H. S. Prannoy","Anders Antonsen",0,0.539336665764778
"MS",1,2,"score_diff",1493,"15-11-2018","Wan Ho Son","Khosit Phetpradab",1,0.743362570654346
"MS",1,2,"score_diff",1499,"15-11-2018","Anthony Sinisuka Ginting","Jonatan Christie",0,0.49154026115487
"MS",1,2,"score_diff",1500,"16-11-2018","Kento Momota","Jonatan Christie",1,0.739287607277141
"MS",1,2,"score_diff",1503,"16-11-2018","Dong Keun Lee","Wan Ho Son",0,0.3269638899853
"MS",1,2,"score_diff",1504,"17-11-2018","Kento Momota","Wan Ho Son",0,0.692116242593883
"MS",1,2,"score_diff",1509,"20-11-2018","Jia Wei Tan","Siddharth .",1,0.428662055898165
"MS",1,2,"score_diff",1514,"20-11-2018","Kevin Arokia Walter","Siril Verma",0,0.428205575937114
"MS",1,2,"score_diff",1516,"20-11-2018","Vicky Angga Saputra","Pratul Joshi",1,0.676711142877111
"MS",1,2,"score_diff",1519,"21-11-2018","Tanongsak Saensomboonsuk","Kashyap Parupalli",0,0.305402042430233
"MS",1,2,"score_diff",1520,"21-11-2018","Siddharath Thakur","Firman Abdul Kholik",0,0.196187734058662
"MS",1,2,"score_diff",1521,"21-11-2018","Sitthikom Thammasin","Jia Wei Tan",1,0.792541361955771
"MS",1,2,"score_diff",1524,"21-11-2018","Siddharth Pratap Singh","Shesar Hiren Rhustavito",0,0.187810656496156
"MS",1,2,"score_diff",1531,"21-11-2018","Jonathan Persson","R. M. V. Gurusaidutt",0,0.174194808690281
"MS",1,2,"score_diff",1534,"22-11-2018","Firman Abdul Kholik","Kashyap Parupalli",0,0.805425655208615
"MS",1,2,"score_diff",1537,"22-11-2018","Guangzu Lu","Subhankar Dey",1,0.699092601063437
"MS",1,2,"score_diff",1539,"22-11-2018","R. M. V. Gurusaidutt","Vicky Angga Saputra",1,0.29141448497593
"MS",1,2,"score_diff",1543,"23-11-2018","Kashyap Parupalli","Sitthikom Thammasin",0,0.314108037251221
"MS",1,2,"score_diff",1545,"23-11-2018","Vicky Angga Saputra","Chico Aura Dwi Wardoyo",0,0.403656587827449
"MS",1,2,"score_diff",1547,"24-11-2018","Sitthikom Thammasin","Guangzu Lu",0,0.660059979437419
"MS",1,2,"score_diff",1551,"21-11-2018","Wolfgang Gnedt","Jack Macgregor",1,0.867160225443225
"MS",1,2,"score_diff",1553,"21-11-2018","Mark Brady","Adam Lam",0,0.731912175514715
"MS",1,2,"score_diff",1561,"21-11-2018","Wolfgang Gnedt","Ethan Rose",1,0.373542482454968
"MS",1,2,"score_diff",1565,"21-11-2018","Johnnie Torjussen","Ben Torrance",1,0.826798274335298
"MS",1,2,"score_diff",1570,"21-11-2018","Phone Pyae Naing","Haichao Liu",0,0.183376143560714
"MS",1,2,"score_diff",1572,"21-11-2018","David Jones","Vinson Chiu",1,0.579553821043612
"MS",1,2,"score_diff",1577,"21-11-2018","Eetu Heino","Lars Schaenzler",1,0.647085597619177
"MS",1,2,"score_diff",1583,"21-11-2018","Matthew Carder","Luka Wraber",0,0.254195147832422
"MS",1,2,"score_diff",1591,"22-11-2018","Mark Caljouw","Eetu Heino",1,0.727301600391859
"MS",1,2,"score_diff",1610,"23-11-2018","Alex Lane","Lucas Corvee",0,0.569982351868796
"MS",1,2,"score_diff",1611,"23-11-2018","Lucas Claerbout","Brice Leverdez",1,0.514825363971973
"MS",1,2,"score_diff",1631,"28-11-2018","Wan Ho Son","Panji Ahmad Maulana",1,0.856137588845084
"MS",1,2,"score_diff",1633,"28-11-2018","Dong Keun Lee","Kashyap Parupalli",0,0.600671229540245
"MS",1,2,"score_diff",1636,"28-11-2018","Junpeng Zhao","Chia Hung Lu",0,0.63547673965199
"MS",1,2,"score_diff",1641,"28-11-2018","Kwang Hee Heo","Chico Aura Dwi Wardoyo",0,0.354809832076605
"MS",1,2,"score_diff",1642,"28-11-2018","Chih Chieh Yang","Milan Ludik",1,0.474423210042502
"MS",1,2,"score_diff",1651,"29-11-2018","Joo Ven Soong","Khosit Phetpradab",1,0.692152339284798
"MS",1,2,"score_diff",1658,"30-11-2018","Chia Hung Lu","Cheuk Yiu Lee",0,0.303481770291788
"MS",1,2,"score_diff",1664,"12-12-2018","Tien Chen CHOU","Anthony Sinisuka GINTING",1,0.683635778055891
"MS",1,2,"score_diff",1678,"08-01-2019","Chao Yu Kan","Adulrach Namkul",0,0.243504126869655
"MS",1,2,"score_diff",1679,"08-01-2019","Maxime Moreels","Haichao Liu",0,0.206826181347056
"MS",1,2,"score_diff",1684,"08-01-2019","Andre Marteen","Saran Jamsri",0,0.277723213074971
"MS",1,2,"score_diff",1687,"08-01-2019","Koki Watanabe","Elias Bracke",1,0.771647727454032
"MS",1,2,"score_diff",1700,"09-01-2019","Wing Ki Vincent Wong","Suppanyu Avihingsanon",1,0.482626195624738
"MS",1,2,"score_diff",1709,"10-01-2019","Subhankar Dey","Brice Leverdez",0,0.686038297750254
"MS",1,2,"score_diff",1726,"15-01-2019","Tanongsak Saensomboonsuk","Subhankar Dey",1,0.474317672345395
"MS",1,2,"score_diff",1730,"15-01-2019","Victor Svendsen","Wei Feng Chong",0,0.62501772975969
"MS",1,2,"score_diff",1740,"16-01-2019","Suppanyu Avihingsanon","Tzu Wei Wang",1,0.260349211542573
"MS",1,2,"score_diff",1742,"16-01-2019","Long Chen","Cheuk Yiu Lee",1,0.81661412878211
"MS",1,2,"score_diff",1745,"16-01-2019","Viktor Axelsen","Kazumasa Sakai",1,0.742814171544122
"MS",1,2,"score_diff",1746,"16-01-2019","Kento Momota","Kenta Nishimoto",1,0.593336701333092
"MS",1,2,"score_diff",1748,"17-01-2019","Wing Ki Vincent Wong","Srikanth Kidambi",1,0.291423895155389
"MS",1,2,"score_diff",1751,"17-01-2019","Long Chen","Jonatan Christie",1,0.728694290582079
"MS",1,2,"score_diff",1754,"17-01-2019","Kenta Nishimoto","Zii Jia Lee",0,0.385956445877292
"MS",1,2,"score_diff",1756,"18-01-2019","Long Chen","Anthony Sinisuka Ginting",1,0.781968501203649
"MS",1,2,"score_diff",1760,"19-01-2019","Viktor Axelsen","Long Chen",0,0.232694741307939
"MS",1,2,"score_diff",1765,"22-01-2019","Tanongsak Saensomboonsuk","Firman Abdul Kholik",0,0.617894151266842
"MS",1,2,"score_diff",1770,"22-01-2019","Shesar Hiren Rhustavito","Iskandar Zulkarnain",1,0.705141831273043
"MS",1,2,"score_diff",1779,"23-01-2019","Sitthikom Thammasin","Kazumasa Sakai",1,0.849750330609715
"MS",1,2,"score_diff",1787,"23-01-2019","Anders Antonsen","Wan Ho Son",0,0.264432910875115
"MS",1,2,"score_diff",1791,"24-01-2019","Shesar Hiren Rhustavito","Anders Antonsen",0,0.378206803582099
"MS",1,2,"score_diff",1793,"24-01-2019","Jonatan Christie","Yuqi Shi",1,0.477484901345489
"MS",1,2,"score_diff",1806,"19-02-2019","Kai Schaefer","Bernat Amaya",1,0.669572489334919
"MS",1,2,"score_diff",1820,"20-02-2019","Jan O Jorgensen","Kean Yew Loh",0,0.258235555567842
"MS",1,2,"score_diff",1822,"20-02-2019","Pengbo Ren","Ygor Coelho",1,0.869237854273524
"MS",1,2,"score_diff",1829,"20-02-2019","Iikka Heino","Subhankar Dey",1,0.40059556146905
"MS",1,2,"score_diff",1835,"21-02-2019","Tanongsak Saensomboonsuk","Rajiv Ouseph",0,0.53753606214686
"MS",1,2,"score_diff",1839,"21-02-2019","Kean Yew Loh","Kashyap Parupalli",0,0.775709684863826
"MS",1,2,"score_diff",1852,"26-02-2019","Thomas Rouxel","Kean Yew Loh",1,0.206883764950113
"MS",1,2,"score_diff",1864,"27-02-2019","Suppanyu Avihingsanon","Ka Long Angus Ng",0,0.367441570624004
"MS",1,2,"score_diff",1866,"27-02-2019","Tanongsak Saensomboonsuk","Hans-Kristian Solberg Vittinghus",0,0.365646074122014
"MS",1,2,"score_diff",1871,"27-02-2019","Kento Momota","Tzu Wei Wang",1,0.814206289937446
"MS",1,2,"score_diff",1882,"28-02-2019","Kento Momota","Brice Leverdez",0,0.882006282797349
"MS",1,2,"score_diff",1884,"01-03-2019","Kantaphon Wangcharoen","Kenta Nishimoto",0,0.303894927529647
"MS",1,2,"score_diff",1890,"03-03-2019","Kento Momota","Kenta Nishimoto",1,0.787790139876672
"MS",1,2,"score_diff",1897,"06-03-2019","Anthony Sinisuka Ginting","Ka Long Angus Ng",1,0.615246617321222
"MS",1,2,"score_diff",1898,"06-03-2019","B. Sai Praneeth","H. S. Prannoy",1,0.532477979973177
"MS",1,2,"score_diff",1899,"06-03-2019","Tien Chen Chou","Yuxiang Huang",1,0.66301159893142
"MS",1,2,"score_diff",1908,"07-03-2019","Guangzu Lu","Viktor Axelsen",0,0.317194789952322
"MS",1,2,"score_diff",1913,"07-03-2019","Kento Momota","Kantaphon Wangcharoen",1,0.806192484397886
"MS",1,2,"score_diff",1916,"08-03-2019","Kento Momota","Srikanth Kidambi",1,0.849666315589676
"MS",1,2,"score_diff",1918,"08-03-2019","Viktor Axelsen","Jan O Jorgensen",1,0.795161450523969
"MS",1,2,"score_diff",1919,"09-03-2019","Kento Momota","Ka Long Angus Ng",1,0.751086591435757
"MS",1,2,"score_diff",1923,"12-03-2019","Aaron Zhao","Ping-Hsien Huang",1,0.334006920764341
"MS",1,2,"score_diff",1933,"12-03-2019","Jhonatan Wu Zheng","Ping-Hsien Huang",0,0.175225060785622
"MS",1,2,"score_diff",1938,"12-03-2019","Chun-Yi Lin","Wei Chi Liu",1,0.426851210284783
"MS",1,2,"score_diff",1940,"12-03-2019","Joo Ven Soong","Chi Wing Lim",0,0.778877077928258
"MS",1,2,"score_diff",1944,"12-03-2019","Donghun Kim","Ikhsan Leonardo Imanuel Rumbay",1,0.404851361256799
"MS",1,2,"score_diff",1953,"13-03-2019","Ihsan Maulana Mustofa","Xiaodong Sheng",1,0.730699914353199
"MS",1,2,"score_diff",1958,"13-03-2019","Chia Hao Lee","Junpeng Zhao",1,0.317666081537585
"MS",1,2,"score_diff",1966,"13-03-2019","Lanxi Lei","Firman Abdul Kholik",1,0.509990251479862
"MS",1,2,"score_diff",1971,"14-03-2019","Haichao Liu","Ping-Hsien Huang",0,0.766339262919958
"MS",1,2,"score_diff",1976,"14-03-2019","Hongyang Weng","Chia Hao Lee",1,0.778130948557688
"MS",1,2,"score_diff",1979,"15-03-2019","Lakshya Sen","Zeqi Zhou",1,0.358029764121064
"MS",1,2,"score_diff",1980,"15-03-2019","Donghun Kim","Hongyang Weng",0,0.497597103054707
"MS",1,2,"score_diff",1984,"12-03-2019","Kai Schaefer","Felix Burestedt",1,0.368501864575868
"MS",1,2,"score_diff",1987,"12-03-2019","Kalle Koljonen","Luka Wraber",1,0.689529273597715
"MS",1,2,"score_diff",1993,"12-03-2019","Koki Watanabe","Kalle Koljonen",0,0.581650579393877
"MS",1,2,"score_diff",1999,"13-03-2019","Lucas Claerbout","Subhankar Dey",0,0.454645534338591
"MS",1,2,"score_diff",2005,"13-03-2019","Tommy Sugiarto","Mark Caljouw",0,0.601128699718058
"MS",1,2,"score_diff",2012,"14-03-2019","Subhankar Dey","Jonatan Christie",1,0.180811598573067
"MS",1,2,"score_diff",2015,"14-03-2019","Dan Lin","Dong Keun Lee",1,0.539989050258887
"MS",1,2,"score_diff",2018,"14-03-2019","Yu Hsien Lin","Lucas Corvee",1,0.541775349266524
"MS",1,2,"score_diff",2023,"15-03-2019","Subhankar Dey","Long Chen",0,0.259892045670178
"MS",1,2,"score_diff",2026,"17-03-2019","Yuqi Shi","B. Sai Praneeth",1,0.626084078464763
"MS",1,2,"score_diff",2027,"19-03-2019","Vladimir Nikulov","Christo Popov",0,0.306454548526227
"MS",1,2,"score_diff",2033,"19-03-2019","Ivan Rusev","Max Weisskirchen",0,0.667182215293135
"MS",1,2,"score_diff",2036,"19-03-2019","Shifeng Li","Sankeerth B. R.",1,0.674676907376012
"MS",1,2,"score_diff",2042,"19-03-2019","Chao Yu Kan","Julien Carraggi",1,0.387430682007973
"MS",1,2,"score_diff",2056,"19-03-2019","Ajay Jayaram","Georges Julien Paul",1,0.719819958752373
"MS",1,2,"score_diff",2057,"19-03-2019","Feixiang Sun","Lars Schaenzler",1,0.80895582098179
"MS",1,2,"score_diff",2062,"19-03-2019","Rosario Maddaloni","Henri Aarnio",1,0.523899231287734
"MS",1,2,"score_diff",2063,"19-03-2019","Christo Popov","Yu Hsien Lin",0,0.552356382714314
"MS",1,2,"score_diff",2069,"20-03-2019","Gergely Krausz","Koki Watanabe",1,0.187333623283482
"MS",1,2,"score_diff",2075,"20-03-2019","Feixiang Sun","Thomas Rouxel",0,0.733178645497827
"MS",1,2,"score_diff",2079,"20-03-2019","Yu Hsien Lin","Yu Igarashi",0,0.39568949993293
"MS",1,2,"score_diff",2083,"21-03-2019","Alex Lane","Shifeng Li",0,0.472951960655488
"MS",1,2,"score_diff",2087,"21-03-2019","Nhat Nguyen","Toma Junior Popov",0,0.588376334828428
"MS",1,2,"score_diff",2092,"22-03-2019","Luís Enrique Peñalver","Shifeng Li",0,0.274008141691743
"MS",1,2,"score_diff",2093,"22-03-2019","Gatjra Piliang Fiqihila Cupu","Koki Watanabe",0,0.166621241484926
"MS",1,2,"score_diff",2110,"27-03-2019","Sameer Verma","Rasmus Gemke",1,0.661662188576613
"MS",1,2,"score_diff",2118,"27-03-2019","Tanongsak Saensomboonsuk","Giap Chin Goh",1,0.577857666099876
"MS",1,2,"score_diff",2129,"28-03-2019","Tzu Wei Wang","Subhankar Dey",1,0.550625109973593
"MS",1,2,"score_diff",2136,"30-03-2019","Yuxiang Huang","Srikanth Kidambi",0,0.39415087631003
"MS",1,2,"score_diff",2147,"03-04-2019","Khosit Phetpradab","Dong Keun Lee",1,0.553653828925845
"MS",1,2,"score_diff",2149,"03-04-2019","Sitthikom Thammasin","H. S. Prannoy",1,0.383862044177562
"MS",1,2,"score_diff",2154,"03-04-2019","Suppanyu Avihingsanon","Zii Jia Lee",0,0.339511157798386
"MS",1,2,"score_diff",2155,"04-04-2019","Kento Momota","Jonatan Christie",0,0.752402559024313
"MS",1,2,"score_diff",2159,"04-04-2019","Long Chen","Kantaphon Wangcharoen",1,0.682030476752465
"MS",1,2,"score_diff",2160,"04-04-2019","Rasmus Gemke","Kenta Nishimoto",0,0.434261083881897
"MS",1,2,"score_diff",2170,"09-04-2019","June Wei Cheam","Kashyap Parupalli",1,0.131357164026822
"MS",1,2,"score_diff",2179,"09-04-2019","Shesar Hiren Rhustavito","Tanongsak Saensomboonsuk",0,0.799785019402234
"MS",1,2,"score_diff",2183,"10-04-2019","Jonatan Christie","Khosit Phetpradab",0,0.737852315608768
"MS",1,2,"score_diff",2200,"11-04-2019","Sameer Verma","Guangzu Lu",1,0.657297509340283
"MS",1,2,"score_diff",2207,"12-04-2019","Viktor Axelsen","Jonatan Christie",1,0.54864016267704
"MS",1,2,"score_diff",2208,"12-04-2019","Sameer Verma","Tien Chen Chou",1,0.288643824329625
"MS",1,2,"score_diff",2210,"13-04-2019","Anthony Sinisuka Ginting","Tien Chen Chou",0,0.582822789520573
"MS",1,2,"score_diff",2211,"13-04-2019","Kento Momota","Viktor Axelsen",1,0.614494685498463
"MS",1,2,"score_diff",2214,"30-04-2019","Teck Zhi Soo","Yehezkiel Fritz Mainaky",1,0.809670559358338
"MS",1,2,"score_diff",2216,"30-04-2019","Zvonimir Durkinjak","Pit Seng Low",1,0.686329942952105
"MS",1,2,"score_diff",2217,"30-04-2019","Joo Ven Soong","Henrikho Kho Wibowo",1,0.801645337200812
"MS",1,2,"score_diff",2221,"30-04-2019","Joo Ven Soong","Anthony Joe",1,0.680525966877682
"MS",1,2,"score_diff",2224,"30-04-2019","Wei Feng Chong","Zvonimir Durkinjak",1,0.692226455605808
"MS",1,2,"score_diff",2225,"01-05-2019","Kenta Nishimoto","Zii Jia Lee",0,0.481492998123532
"MS",1,2,"score_diff",2231,"01-05-2019","Anthony Sinisuka Ginting","Brice Leverdez",1,0.798906625648257
"MS",1,2,"score_diff",2233,"01-05-2019","Tzu Wei Wang","Lakshya Sen",1,0.220202597448954
"MS",1,2,"score_diff",2242,"02-05-2019","Zii Jia Lee","Kazumasa Sakai",1,0.726117760754428
"MS",1,2,"score_diff",2247,"02-05-2019","Sitthikom Thammasin","Kanta Tsuneyama",0,0.371079707766789
"MS",1,2,"score_diff",2258,"04-06-2019","Chico Aura Dwi Wardoyo","Hyun Il Lee",1,0.380528155382118
"MS",1,2,"score_diff",2260,"04-06-2019","Teck Zhi Soo","Lakshya Sen",0,0.151643635730638
"MS",1,2,"score_diff",2262,"04-06-2019","Yu Hsien Lin","Joo Ven Soong",0,0.291779172191653
"MS",1,2,"score_diff",2272,"05-06-2019","B. Sai Praneeth","Dong Keun Lee",1,0.713382220780599
"MS",1,2,"score_diff",2276,"05-06-2019","Wei Feng Chong","Kean Yew Loh",0,0.26337571129588
"MS",1,2,"score_diff",2277,"05-06-2019","Zii Jia Lee","Sameer Verma",1,0.336826579096277
"MS",1,2,"score_diff",2283,"05-06-2019","Suppanyu Avihingsanon","Kashyap Parupalli",0,0.272007101567112
"MS",1,2,"score_diff",2290,"06-06-2019","Dan Lin","Kashyap Parupalli",0,0.707189780959932
"MS",1,2,"score_diff",2291,"06-06-2019","Jonatan Christie","Tanongsak Saensomboonsuk",1,0.783220746762695
"MS",1,2,"score_diff",2293,"07-06-2019","Tzu Wei Wang","Kazumasa Sakai",1,0.628224955888661
"MS",1,2,"score_diff",2301,"02-07-2019","Mathieu Morneau","Xavier Laperriere",0,0.64623169438296
"MS",1,2,"score_diff",2312,"02-07-2019","Lucas Claerbout","Xiaodong Sheng",1,0.41794095949879
"MS",1,2,"score_diff",2313,"02-07-2019","Karan Rajan Rajarajan","Lino Munoz",1,0.543706295356916
"MS",1,2,"score_diff",2322,"02-07-2019","Yen-Yu Lee","Hai Chao Liu",0,0.272451755143546
"MS",1,2,"score_diff",2323,"02-07-2019","Imran Wadia","Chun-Yi Lin",0,0.416219728570992
"MS",1,2,"score_diff",2328,"03-07-2019","Kashyap Parupalli","Lucas Corvee",1,0.788636586097569
"MS",1,2,"score_diff",2334,"03-07-2019","Koki Watanabe","H. S. Prannoy",1,0.64864205929162
"MS",1,2,"score_diff",2335,"03-07-2019","Sourabh Verma","Sankeerth B. R.",1,0.760565885032696
"MS",1,2,"score_diff",2336,"03-07-2019","Tzu Wei Wang","Ygor Coelho",1,0.752486949902508
"MS",1,2,"score_diff",2339,"03-07-2019","Lakshya Sen","Hong Yang Weng",0,0.267675596768274
"MS",1,2,"score_diff",2340,"03-07-2019","Fei Xiang Sun","Chao Yu Kan",0,0.762851546489703
"MS",1,2,"score_diff",2342,"04-07-2019","Lan Xi Lei","Koki Watanabe",0,0.641068336699048
"MS",1,2,"score_diff",2343,"04-07-2019","Sheng Po Yu","Lucas Claerbout",0,0.276444529948846
"MS",1,2,"score_diff",2344,"04-07-2019","Kashyap Parupalli","Peng Bo Ren",0,0.679567878110174
"MS",1,2,"score_diff",2346,"04-07-2019","Tzu Wei Wang","Victor Svendsen",1,0.635220986563637
"MS",1,2,"score_diff",2347,"04-07-2019","Kwang Hee Heo","Chun-Yi Lin",0,0.634850884057592
"MS",1,2,"score_diff",2351,"05-07-2019","Shi Feng Li","Sourabh Verma",1,0.564758987803009
"MS",1,2,"score_diff",2359,"09-07-2019","Cesar Adonis Brito Gonzalez","Karan Rajan Rajarajan",0,0.379355844329228
"MS",1,2,"score_diff",2367,"09-07-2019","Fei Xiang Sun","Karan Rajan Rajarajan",1,0.774485545211756
"MS",1,2,"score_diff",2377,"10-07-2019","Sourabh Verma","Toby Penty",1,0.589115603075607
"MS",1,2,"score_diff",2385,"11-07-2019","Yu Hsien Lin","Chia Hao Lee",1,0.302496663927753
"MS",1,2,"score_diff",2387,"11-07-2019","Tanongsak Saensomboonsuk","Kazumasa Sakai",1,0.742200939938237
"MS",1,2,"score_diff",2389,"11-07-2019","Shi Feng Li","Chun-Yi Lin",1,0.441374838549469
"MS",1,2,"score_diff",2391,"11-07-2019","Lucas Corvee","Xiaodong Sheng",1,0.655073024040661
"MS",1,2,"score_diff",2392,"12-07-2019","Yu Hsien Lin","Lucas Corvee",1,0.796214988184722
"MS",1,2,"score_diff",2397,"13-07-2019","Chun-Yi Lin","Yu Hsien Lin",1,0.329280264783929
"MS",1,2,"score_diff",2399,"16-07-2019","Tzu Wei Wang","Hans-Kristian Solberg Vittinghus",0,0.454222849458701
"MS",1,2,"score_diff",2404,"16-07-2019","Anthony Sinisuka Ginting","Guang Zu Lu",1,0.76138967704285
"MS",1,2,"score_diff",2410,"17-07-2019","Yehezkiel Fritz Mainaky","Cheuk Yiu Lee",0,0.200622256870067
"MS",1,2,"score_diff",2411,"17-07-2019","B. Sai Praneeth","Wing Ki Vincent Wong",1,0.589787728992902
"MS",1,2,"score_diff",2413,"17-07-2019","H. S. Prannoy","Yu Qi Shi",0,0.660503134968506
"MS",1,2,"score_diff",2419,"18-07-2019","Kento Momota","Yu Xiang Huang",1,0.822771475164592
"MS",1,2,"score_diff",2422,"18-07-2019","Ka Long Angus Ng","Srikanth Kidambi",1,0.521893238907396
"MS",1,2,"score_diff",2424,"19-07-2019","Ka Long Angus Ng","Wing Ki Vincent Wong",0,0.666563192661362
"MS",1,2,"score_diff",2426,"19-07-2019","Yu Xiang Huang","Kantaphon Wangcharoen",0,0.240922744822362
"MS",1,2,"score_diff",2427,"20-07-2019","Kantaphon Wangcharoen","Tien Chen Chou",1,0.334370450281851
"MS",1,2,"score_diff",2428,"20-07-2019","Wing Ki Vincent Wong","Anders Antonsen",0,0.222507396009877
"MS",1,2,"score_diff",2434,"16-07-2019","Miha Ivanič","Daniel Fan",1,0.704380257785056
"MS",1,2,"score_diff",2439,"16-07-2019","Alexey Panov","Maksim Makalov",0,0.175443013875549
"MS",1,2,"score_diff",2447,"17-07-2019","Dai Watanabe","Vladimir Shipilenko",1,0.796442910134123
"MS",1,2,"score_diff",2452,"17-07-2019","Georgii Karpov","Shesar Hiren Rhustavito",0,0.262471254714385
"MS",1,2,"score_diff",2464,"19-07-2019","Pablo Abian","Shesar Hiren Rhustavito",0,0.307167021016682
"MS",1,2,"score_diff",2471,"23-07-2019","Long Chen","Kanta Tsuneyama",0,0.513997298692284
"MS",1,2,"score_diff",2472,"23-07-2019","B. Sai Praneeth","Kenta Nishimoto",1,0.568935484918641
"MS",1,2,"score_diff",2478,"23-07-2019","Wing Ki Vincent Wong","Yu Xiang Huang",1,0.723491784355962
"MS",1,2,"score_diff",2480,"24-07-2019","Khosit Phetpradab","Ka Long Angus Ng",0,0.168622723197615
"MS",1,2,"score_diff",2482,"24-07-2019","H. S. Prannoy","Srikanth Kidambi",1,0.176682501929181
"MS",1,2,"score_diff",2489,"25-07-2019","Wing Ki Vincent Wong","Tommy Sugiarto",0,0.379447528261207
"MS",1,2,"score_diff",2498,"26-07-2019","Tommy Sugiarto","B. Sai Praneeth",0,0.307838996223048
"MS",1,2,"score_diff",2503,"30-07-2019","Ajay Jayaram","Ze Qi Zhou",0,0.458081145599721
"MS",1,2,"score_diff",2508,"30-07-2019","Peng Bo Ren","Tanongsak Saensomboonsuk",1,0.23490973965992
"MS",1,2,"score_diff",2511,"30-07-2019","Chico Aura Dwi Wardoyo","Lucas Claerbout",1,0.566560279679797
"MS",1,2,"score_diff",2513,"30-07-2019","Peng Bo Ren","June Wei Cheam",1,0.661991021937318
"MS",1,2,"score_diff",2523,"31-07-2019","Dong Keun Lee","Tien Chen Chou",0,0.138229839365255
"MS",1,2,"score_diff",2537,"02-08-2019","Kenta Nishimoto","Tien Chen Chou",0,0.20172880664041
"MS",1,2,"score_diff",2543,"04-08-2019","Ka Long Angus Ng","Tien Chen Chou",1,0.276938643933408
"MS",1,2,"score_diff",2560,"06-08-2019","Talar Laa","Yee Han Chong",0,0.292748042029138
"MS",1,2,"score_diff",2564,"06-08-2019","Kiran George","Yu Peng Bai",0,0.631718515491343
"MS",1,2,"score_diff",2568,"06-08-2019","Kartikey Gulshan Kumar","Harsheel Dani",1,0.508217422154739
"MS",1,2,"score_diff",2572,"06-08-2019","Pannawit Thongnuam","Adulrach Namkul",0,0.57132534796107
"MS",1,2,"score_diff",2575,"06-08-2019","Sankeerth B. R.","Ihsan Maulana Mustofa",0,0.298765302927172
"MS",1,2,"score_diff",2576,"06-08-2019","Ikhsan Leonardo Imanuel Rumbay","Kaushal Dharmamer",0,0.60583385409378
"MS",1,2,"score_diff",2581,"07-08-2019","Aryamann Tandon","Kevin Arokia Walter",1,0.714870782476283
"MS",1,2,"score_diff",2585,"07-08-2019","Chico Aura Dwi Wardoyo","June Wei Cheam",1,0.531451621896733
"MS",1,2,"score_diff",2591,"07-08-2019","Jia Wei Tan","H. S. Prannoy",1,0.493354871300376
"MS",1,2,"score_diff",2606,"08-08-2019","Subhankar Dey","Chico Aura Dwi Wardoyo",1,0.575568469094372
"MS",1,2,"score_diff",2613,"11-08-2019","Kean Yew Loh","Sourabh Verma",1,0.333806372447861
"MS",1,2,"score_diff",2619,"13-08-2019","Teck Zhi Soo","Chun Kar Lung",1,0.642882567011107
"MS",1,2,"score_diff",2646,"18-08-2019","Yu Igarashi","Firman Abdul Kholik",0,0.36717773534943
"MS",1,2,"score_diff",2647,"03-09-2019","Li Yang Su","Chun-Yi Lin",0,0.286384256193385
"MS",1,2,"score_diff",2650,"03-09-2019","June Wei Cheam","Chi Ting Chen",1,0.509604732537527
"MS",1,2,"score_diff",2652,"03-09-2019","Hsuan Yi Hsueh","Sheng Po Yu",0,0.673051208729193
"MS",1,2,"score_diff",2654,"03-09-2019","Chih Chieh Yang","Chao Yu Kan",1,0.802668761789976
"MS",1,2,"score_diff",2661,"04-09-2019","Kwang Hee Heo","Tommy Sugiarto",0,0.60216782554528
"MS",1,2,"score_diff",2666,"04-09-2019","Cheuk Yiu Lee","Tanongsak Saensomboonsuk",0,0.32259744180803
"MS",1,2,"score_diff",2667,"04-09-2019","Dong Keun Lee","Wing Ki Vincent Wong",1,0.244672213127318
"MS",1,2,"score_diff",2671,"04-09-2019","Kazumasa Sakai","Sourabh Verma",0,0.227651733091165
"MS",1,2,"score_diff",2679,"05-09-2019","Lucas Corvee","Kwang Hee Heo",0,0.24251229007512
"MS",1,2,"score_diff",2685,"06-09-2019","Shesar Hiren Rhustavito","Tanongsak Saensomboonsuk",0,0.62111006361734
"MS",1,2,"score_diff",2695,"10-09-2019","Phakorn Chotphinit","Chacharit Yaowanit",1,0.514098129152128
"MS",1,2,"score_diff",2696,"10-09-2019","Jia Wei Tan","Teerapat Kleawan",1,0.544090119496437
"MS",1,2,"score_diff",2698,"10-09-2019","Jun Yan Ng","Yin Chak Chan",1,0.677170255148469
"MS",1,2,"score_diff",2702,"10-09-2019","Jun Hao Leong","Andre Marteen",1,0.84243272820991
"MS",1,2,"score_diff",2704,"10-09-2019","Hsuan Yi Hsueh","Tien Tuan Nguyen",1,0.716347116751096
"MS",1,2,"score_diff",2714,"11-09-2019","Ade Resky Dwicahyo","Lan Xi Lei",0,0.165316165616291
"MS",1,2,"score_diff",2715,"11-09-2019","Koki Watanabe","Miha Ivanič",1,0.839913860256425
"MS",1,2,"score_diff",2718,"11-09-2019","Azmy Qowimuramadhoni","Bagas Kristianto Nugroho",0,0.200388681985642
"MS",1,2,"score_diff",2726,"11-09-2019","Tien Minh Nguyen","Thomas Rouxel",1,0.687169900985225
"MS",1,2,"score_diff",2734,"12-09-2019","Lucas Corvee","Bagas Kristianto Nugroho",1,0.307513513817578
"MS",1,2,"score_diff",2742,"12-09-2019","Tien Minh Nguyen","Chico Aura Dwi Wardoyo",1,0.699797813068903
"MS",1,2,"score_diff",2745,"12-09-2019","Siril Verma","Lan Xi Lei",0,0.275508819107377
"MS",1,2,"score_diff",2748,"12-09-2019","Yu Igarashi","Sourabh Verma",0,0.261635629077769
"MS",1,2,"score_diff",2749,"12-09-2019","Shi Feng Li","Tien Minh Nguyen",0,0.556458103010158
"MS",1,2,"score_diff",2763,"17-09-2019","Wing Ki Vincent Wong","Tommy Sugiarto",0,0.267194911563851
"MS",1,2,"score_diff",2771,"18-09-2019","Suppanyu Avihingsanon","B. Sai Praneeth",1,0.347264446125021
"MS",1,2,"score_diff",2778,"19-09-2019","Long Chen","Tzu Wei Wang",1,0.830522854756753
"MS",1,2,"score_diff",2793,"24-09-2019","Chao Yu Kan","Chia Hung Lu",0,0.360431449910683
"MS",1,2,"score_diff",2800,"24-09-2019","Chia Hung Lu","Ze Qi Zhou",1,0.730962880690311
"MS",1,2,"score_diff",2801,"24-09-2019","Dong Keun Lee","Donghun Kim",0,0.419418464822573
"MS",1,2,"score_diff",2805,"25-09-2019","Suppanyu Avihingsanon","Zii Jia Lee",0,0.134511172089337
"MS",1,2,"score_diff",2806,"25-09-2019","Daren Liew","Dan Lin",1,0.38998615842322
"MS",1,2,"score_diff",2811,"25-09-2019","Khosit Phetpradab","Cheuk Yiu Lee",0,0.634911233529804
"MS",1,2,"score_diff",2818,"25-09-2019","Sitthikom Thammasin","Tien Chen Chou",0,0.0954435088294652
"MS",1,2,"score_diff",2826,"26-09-2019","Shesar Hiren Rhustavito","Guang Zu Lu",1,0.797767748298679
"MS",1,2,"score_diff",2829,"27-09-2019","Tzu Wei Wang","Jonatan Christie",0,0.591014263266907
"MS",1,2,"score_diff",2830,"27-09-2019","Shesar Hiren Rhustavito","Tien Chen Chou",0,0.344927342262528
"MS",1,2,"score_diff",2837,"01-10-2019","M. Enrico Giralda Harsari","Muhammad Aldo Apriyandi",0,0.302226556745692
"MS",1,2,"score_diff",2838,"01-10-2019","Md Tah M Ziyad","Nyoman Tryadnya Arya Kurniawan",0,0.709810278759997
"MS",1,2,"score_diff",2840,"01-10-2019","Muhammad Syafiq Iqbal Mohd Nadzri","Riyanto Subagja",0,0.316656869778045
"MS",1,2,"score_diff",2846,"01-10-2019","Wisnu Yuli Prasetyo","Galih Prasetyo Utomo",1,0.563268088451842
"MS",1,2,"score_diff",2849,"01-10-2019","Jovi Mikhael","Dimas Setiawan",1,0.590826796053025
"MS",1,2,"score_diff",2853,"01-10-2019","Md Tah M Ziyad","Aldy Firmanda",1,0.718050308420316
"MS",1,2,"score_diff",2857,"01-10-2019","Jovi Mikhael","Diviana Arya Ramanda Putra",1,0.534138766995813
"MS",1,2,"score_diff",2858,"01-10-2019","Jia Wei Tan","Yang Yang",1,0.687075794879582
"MS",1,2,"score_diff",2863,"01-10-2019","Lan Xi Lei","Giap Chin Goh",0,0.691675835066668
"MS",1,2,"score_diff",2870,"02-10-2019","Bagas Kristianto Nugroho","Alberto Alvin Yulianto",0,0.70798159499274
"MS",1,2,"score_diff",2875,"02-10-2019","Riyanto Subagja","Takuma Obayashi",0,0.27836124466685
"MS",1,2,"score_diff",2880,"02-10-2019","Handoko Yusuf Wijayanto","Hai Chao Liu",1,0.37406971415636
"MS",1,2,"score_diff",2882,"02-10-2019","Peng Bo Ren","Firman Abdul Kholik",0,0.58582251309239
"MS",1,2,"score_diff",2895,"03-10-2019","Panji Ahmad Maulana","Vicky Angga Saputra",0,0.288422215339415
"MS",1,2,"score_diff",2899,"04-10-2019","Tanongsak Saensomboonsuk","Peng Bo Ren",1,0.3784909099116
"MS",1,2,"score_diff",2902,"05-10-2019","Tanongsak Saensomboonsuk","Vicky Angga Saputra",0,0.606797799539689
"MS",1,2,"score_diff",2906,"08-10-2019","Jeppe Bruun","Collins Valentine Filimon",0,0.56515441419686
"MS",1,2,"score_diff",2909,"08-10-2019","Aram Mahmoud","Kiran George",0,0.328747933050015
"MS",1,2,"score_diff",2911,"08-10-2019","Joran Kweekel","Leo Rossi",1,0.362336685179782
"MS",1,2,"score_diff",2914,"08-10-2019","Jia Wei Tan","Michal Rogalski",0,0.473650760797682
"MS",1,2,"score_diff",2926,"08-10-2019","Leo Rossi","Mithun Manjunath",1,0.311276759004601
"MS",1,2,"score_diff",2934,"09-10-2019","Sameer Verma","Kiran George",0,0.561110571006121
"MS",1,2,"score_diff",2935,"09-10-2019","B.M.Rahul Bharadwaj","June Wei Cheam",1,0.462983801696882
"MS",1,2,"score_diff",2942,"09-10-2019","Mark Caljouw","Arnaud Merkle",0,0.526384347153791
"MS",1,2,"score_diff",2945,"10-10-2019","Sergey Sirant","Toby Penty",1,0.245124603689923
"MS",1,2,"score_diff",2947,"10-10-2019","B.M.Rahul Bharadwaj","Victor Svendsen",0,0.619552942600091
"MS",1,2,"score_diff",2950,"10-10-2019","Eetu Heino","Daniel Nikolov",0,0.66847590948302
"MS",1,2,"score_diff",2973,"16-10-2019","Guang Zu Lu","Tien Chen Chou",1,0.0988506730243896
"MS",1,2,"score_diff",2993,"22-10-2019","Subhankar Dey","Tommy Sugiarto",1,0.288761819232045
"MS",1,2,"score_diff",2995,"22-10-2019","Yu Xiang Huang","Khosit Phetpradab",0,0.686117130663975
"MS",1,2,"score_diff",3005,"23-10-2019","Kenta Nishimoto","Sameer Verma",1,0.507231697842663
"MS",1,2,"score_diff",3008,"24-10-2019","Anthony Sinisuka Ginting","Yu Xiang Huang",1,0.856098208750718
"MS",1,2,"score_diff",3017,"25-10-2019","Viktor Axelsen","Ka Long Angus Ng",1,0.662128057443435
"MS",1,2,"score_diff",3023,"29-10-2019","Jeffrey Lam","Binghong Ye",0,0.142095193649174
"MS",1,2,"score_diff",3029,"29-10-2019","Xiaodong Sheng","Chia Hao Lee",1,0.517837752537588
"MS",1,2,"score_diff",3030,"29-10-2019","Yu Jen Chi","Wei Chi Liu",1,0.734898862162316
"MS",1,2,"score_diff",3031,"29-10-2019","Peng Bo Ren","Robert Mann",1,0.913590856386576
"MS",1,2,"score_diff",3033,"29-10-2019","Yin Chak Chan","Aidil Sholeh Ali Sadikin",1,0.4456119148883
"MS",1,2,"score_diff",3035,"30-10-2019","Jun Peng Zhao","Shi Feng Li",1,0.306131779017908
"MS",1,2,"score_diff",3044,"30-10-2019","Chun-Yi Lin","Wing Ki Vincent Wong",1,0.696082381165706
"MS",1,2,"score_diff",3046,"30-10-2019","Fei Xiang Sun","Ajay Jayaram",1,0.81176541943939
"MS",1,2,"score_diff",3050,"31-10-2019","Dong Keun Lee","Sitthikom Thammasin",0,0.264325573671445
"MS",1,2,"score_diff",3051,"31-10-2019","Brice Leverdez","Kodai Naraoka",0,0.476793652387663
"MS",1,2,"score_diff",3053,"31-10-2019","Xiaodong Sheng","Kunlavut Vitidsarn",0,0.389006603196805
"MS",1,2,"score_diff",3054,"31-10-2019","Fei Xiang Sun","Wan Ho Son",1,0.635092233218793
"MS",1,2,"score_diff",3058,"01-11-2019","Chico Aura Dwi Wardoyo","Fei Xiang Sun",0,0.110449315710547
"MS",1,2,"score_diff",3065,"29-10-2019","Innocenzo Santoro","Jonas Scheller",0,0.164361147467859
"MS",1,2,"score_diff",3069,"29-10-2019","Kiran George","Hai Chao Liu",1,0.537023591756667
"MS",1,2,"score_diff",3072,"29-10-2019","Joran Kweekel","Julien Carraggi",1,0.507021427997579
"MS",1,2,"score_diff",3074,"29-10-2019","Samuel Hsiao","Max Weisskirchen",1,0.448387700229091
"MS",1,2,"score_diff",3082,"29-10-2019","Joshua Magee","Felix Burestedt",1,0.435696960772149
"MS",1,2,"score_diff",3097,"30-10-2019","Joshua Magee","Toby Penty",0,0.296420184687332
"MS",1,2,"score_diff",3102,"31-10-2019","Lucas Corvee","Max Weisskirchen",0,0.423444386536314
"MS",1,2,"score_diff",3108,"01-11-2019","Max Weisskirchen","Lakshya Sen",0,0.183750489882112
"MS",1,2,"score_diff",3113,"02-11-2019","Kiran George","Lakshya Sen",1,0.187179982781036
"MS",1,2,"score_diff",3119,"05-11-2019","Rasmus Gemke","H. S. Prannoy",1,0.671198367824655
"MS",1,2,"score_diff",3124,"06-11-2019","Kantaphon Wangcharoen","Anders Antonsen",0,0.214422148473492
"MS",1,2,"score_diff",3136,"07-11-2019","Kenta Nishimoto","Tien Chen Chou",0,0.274596039583231
"MS",1,2,"score_diff",3137,"07-11-2019","Ka Long Angus Ng","Jan O Jorgensen",1,0.694206181163764
"MS",1,2,"score_diff",3138,"07-11-2019","Cheuk Yiu Lee","Jonatan Christie",1,0.0587191372402203
"MS",1,2,"score_diff",3143,"09-11-2019","Kento Momota","Rasmus Gemke",1,0.815804654775088
"MS",1,2,"score_diff",3149,"12-11-2019","Daren Liew","Yehezkiel Fritz Mainaky",1,0.827330694372283
"MS",1,2,"score_diff",3154,"12-11-2019","Lucas Claerbout","Sourabh Verma",0,0.352044698986044
"MS",1,2,"score_diff",3163,"13-11-2019","Viktor Axelsen","Wan Ho Son",1,0.784472326261274
"MS",1,2,"score_diff",3164,"13-11-2019","Ka Long Angus Ng","Anthony Sinisuka Ginting",1,0.391144698210439
"MS",1,2,"score_diff",3169,"13-11-2019","Hans-Kristian Solberg Vittinghus","Dan Lin",0,0.524719078780328
"MS",1,2,"score_diff",3171,"13-11-2019","Kantaphon Wangcharoen","Jan O Jorgensen",1,0.382591901785671
"MS",1,2,"score_diff",3184,"15-11-2019","Anthony Sinisuka Ginting","Tien Chen Chou",1,0.176224750942868
"MS",1,2,"score_diff",3193,"19-11-2019","Chun-Yi Lin","Ping-Hsien Huang",1,0.338868050074959
"MS",1,2,"score_diff",3200,"20-11-2019","Donghun Kim","Sourabh Verma",1,0.270384634603226
"MS",1,2,"score_diff",3202,"20-11-2019","Kanta Tsuneyama","Chia Hung Lu",1,0.747309934554172
"MS",1,2,"score_diff",3214,"20-11-2019","Shi Feng Li","Kunlavut Vitidsarn",0,0.489040620087972
"MS",1,2,"score_diff",3215,"21-11-2019","Srikanth Kidambi","Kanta Tsuneyama",0,0.333216788992084
"MS",1,2,"score_diff",3224,"22-11-2019","Donghun Kim","Kanta Tsuneyama",0,0.624583848680972
"MS",1,2,"score_diff",3234,"26-11-2019","Chirag Sen","B.M.Rahul Bharadwaj",1,0.490198060048775
"MS",1,2,"score_diff",3236,"26-11-2019","Shreyansh Jaiswal","Kevin Arokia Walter",1,0.699792876413074
"MS",1,2,"score_diff",3240,"26-11-2019","Chirag Sen","Ansal Yadav",0,0.404039055620341
"MS",1,2,"score_diff",3246,"27-11-2019","Alap Mishra","Georges Julien Paul",1,0.702407727749847
"MS",1,2,"score_diff",3250,"27-11-2019","Jun Peng Zhao","Nhat Nguyen",1,0.779814568143502
"MS",1,2,"score_diff",3254,"27-11-2019","Kwang Hee Heo","Kai Schaefer",1,0.646660328077614
"MS",1,2,"score_diff",3268,"30-11-2019","Tzu Wei Wang","Wan Ho Son",1,0.631182703995904
"MS",1,2,"score_diff",3271,"11-12-2019","Long Chen","Viktor Axelsen",0,0.852773839820383
"MS",1,2,"score_diff",3276,"12-12-2019","Tien Chen Chou","Viktor Axelsen",1,0.376624767897003
"MS",1,2,"score_diff",3281,"13-12-2019","Kento Momota","Jonatan Christie",1,0.867566582697168
"MS",1,2,"score_diff",3282,"13-12-2019","Anders Antonsen","Tzu Wei Wang",0,0.610831646408289
"MS",1,2,"score_diff",3286,"07-01-2020","Joo Ven Soong","Wing Ki Vincent Wong",0,0.854147480327497
"MS",1,2,"score_diff",3287,"07-01-2020","Daren Liew","Subhankar Dey",1,0.660491095372721
"MS",1,2,"score_diff",3289,"07-01-2020","Kwang Hee Heo","Khosit Phetpradab",1,0.68753539119684
"MS",1,2,"score_diff",3292,"07-01-2020","Lakshya Sen","Hans-Kristian Solberg Vittinghus",0,0.835591438230704
"MS",1,2,"score_diff",3295,"07-01-2020","Daren Liew","Jun Peng Zhao",1,0.670969983113506
"MS",1,2,"score_diff",3296,"07-01-2020","Kwang Hee Heo","Hans-Kristian Solberg Vittinghus",0,0.496604224741716
"MS",1,2,"score_diff",3297,"07-01-2020","Fei Xiang Sun","Dong Keun Lee",1,0.903729519984782
"MS",1,2,"score_diff",3306,"08-01-2020","Sameer Verma","Kantaphon Wangcharoen",1,0.494187455565739
"MS",1,2,"score_diff",3309,"08-01-2020","Anthony Sinisuka Ginting","Yu Xiang Huang",0,0.754163635738342
"MS",1,2,"score_diff",3319,"09-01-2020","Yu Qi Shi","Guang Zu Lu",1,0.607904087548536
"MS",1,2,"score_diff",3323,"10-01-2020","Zii Jia Lee","Yu Qi Shi",1,0.387375596331399
"MS",1,2,"score_diff",3330,"14-01-2020","Jun Peng Zhao","Khosit Phetpradab",1,0.803983396327881
"MS",1,2,"score_diff",3333,"14-01-2020","Brice Leverdez","Wing Ki Vincent Wong",1,0.824435809099782
"MS",1,2,"score_diff",3336,"14-01-2020","Hans-Kristian Solberg Vittinghus","Thomas Rouxel",1,0.60677523196038
"MS",1,2,"score_diff",3343,"15-01-2020","Viktor Axelsen","Dan Lin",1,0.834796085205736
"MS",1,2,"score_diff",3344,"15-01-2020","Jun Peng Zhao","Hans-Kristian Solberg Vittinghus",1,0.340983778404926
"MS",1,2,"score_diff",3351,"15-01-2020","Wan Ho Son","Anders Antonsen",0,0.256313456659956
"MS",1,2,"score_diff",3352,"15-01-2020","Jan O Jorgensen","Ka Long Angus Ng",0,0.466760453235807
"MS",1,2,"score_diff",3362,"16-01-2020","Kean Yew Loh","Jun Peng Zhao",0,0.225717789140663
"MS",1,2,"score_diff",3367,"17-01-2020","Yu Xiang Huang","Anthony Sinisuka Ginting",0,0.189608941579706
"MS",1,2,"score_diff",3372,"21-01-2020","Lucas Claerbout","Joo Ven Soong",0,0.39568153693213
"MS",1,2,"score_diff",3373,"21-01-2020","Chia Hung Lu","Adulrach Namkul",1,0.746856794117501
"MS",1,2,"score_diff",3377,"21-01-2020","Lucas Corvee","Nhat Nguyen",1,0.376237175703937
"MS",1,2,"score_diff",3379,"21-01-2020","Toma Junior Popov","Sergey Sirant",0,0.27353745475757
"MS",1,2,"score_diff",3382,"21-01-2020","Joo Ven Soong","Teck Zhi Soo",1,0.664949181259667
"MS",1,2,"score_diff",3387,"22-01-2020","Wan Ho Son","Shi Feng Li",0,0.576664790496798
"MS",1,2,"score_diff",3395,"22-01-2020","Tien Minh Nguyen","Jun Peng Zhao",0,0.30742696403841
"MS",1,2,"score_diff",3398,"22-01-2020","Vladimir Malkov","Kunlavut Vitidsarn",0,0.220254656897889
"MS",1,2,"score_diff",3401,"23-01-2020","Tzu Wei Wang","Jun Peng Zhao",0,0.657742921521599
"MS",1,2,"score_diff",3402,"23-01-2020","Shi Feng Li","Ka Long Angus Ng",0,0.223970365894226
"MS",1,2,"score_diff",3413,"25-01-2020","Ka Long Angus Ng","Yu Qi Shi",1,0.544437296925753
"MS",1,2,"score_diff",3414,"26-01-2020","Kenta Nishimoto","Ka Long Angus Ng",0,0.51127098993055
"MS",1,2,"score_diff",3415,"18-02-2020","Karan Rajan Rajarajan","Kari Gunnarsson",1,0.65969181790883
"MS",1,2,"score_diff",3429,"19-02-2020","Rasmus Gemke","Artem Pochtarov",1,0.830723866016862
"MS",1,2,"score_diff",3434,"19-02-2020","Felix Burestedt","Nhat Nguyen",0,0.364607873576942
"MS",1,2,"score_diff",3436,"19-02-2020","Kunlavut Vitidsarn","Jacob Nilsson",1,0.755823924723203
"MS",1,2,"score_diff",3437,"19-02-2020","Kai Schaefer","Misha Zilberman",1,0.365255249967495
"MS",1,2,"score_diff",3438,"19-02-2020","Sameer Verma","Lucas Claerbout",1,0.648677429115405
"MS",1,2,"score_diff",3443,"20-02-2020","Kai Schaefer","Sameer Verma",1,0.346579801987633
"MS",1,2,"score_diff",3450,"21-02-2020","Kunlavut Vitidsarn","Sameer Verma",1,0.589863830692652
"MS",1,2,"score_diff",3451,"21-02-2020","Viktor Axelsen","Jan O Jorgensen",1,0.867437552866116
"MS",1,2,"score_diff",3461,"11-03-2020","Kanta Tsuneyama","Kwang Hee Heo",0,0.603733282079342
"MS",1,2,"score_diff",3483,"14-03-2020","Zii Jia Lee","Viktor Axelsen",0,0.420679048089513
"MS",1,2,"score_diff",3489,"13-10-2020","Rasmus Gemke","Luís Enrique Peñalver",1,0.608712484478085
"MS",1,2,"score_diff",3491,"13-10-2020","Max Weisskirchen","Timothy Lam",1,0.714451137268244
"MS",1,2,"score_diff",3493,"13-10-2020","Mark Caljouw","Kalle Koljonen",0,0.801887425354803
"MS",1,2,"score_diff",3498,"14-10-2020","Toma Junior Popov","Sankeerth B. R.",1,0.867221037172851
"MS",1,2,"score_diff",3502,"15-10-2020","Jason Anthony Ho-Shue","Srikanth Kidambi",0,0.193809482577016
"MS",1,2,"score_diff",3504,"15-10-2020","Kenta Nishimoto","Brice Leverdez",1,0.748539524316547
"MS",1,2,"score_diff",3509,"15-10-2020","Brian Yang","Max Weisskirchen",0,0.458856807603434
"MS",1,2,"score_diff",3514,"17-10-2020","Rasmus Gemke","Kenta Nishimoto",1,0.564744122666118
"MS",1,2,"score_diff",3522,"27-10-2020","Mads Christophersen","Julien Carraggi",1,0.778614989892166
"MS",1,2,"score_diff",3523,"27-10-2020","Jeppe Bruun","Albin Carl Hjelm",1,0.689132456824071
"MS",1,2,"score_diff",3544,"28-10-2020","Victor Svendsen","Luís Enrique Peñalver",1,0.521231853183496
"MS",1,2,"score_diff",3546,"29-10-2020","Victor Svendsen","Brian Yang",0,0.718516751196667
"MS",1,2,"score_diff",3547,"29-10-2020","Nhat Nguyen","Mark Caljouw",0,0.593779732955843
"MS",1,2,"score_diff",3549,"29-10-2020","Toma Junior Popov","Thomas Rouxel",1,0.620086520334953
"MS",1,2,"score_diff",3550,"29-10-2020","Ivan Rusev","Toby Penty",1,0.182468894778222
"MS",1,2,"score_diff",3552,"29-10-2020","Rasmus Gemke","Max Weisskirchen",1,0.515749157164454
"MS",1,2,"score_diff",3568,"13-01-2021","Brice Leverdez","Tzu Wei Wang",1,0.192683401810796
"MS",1,2,"score_diff",3574,"13-01-2021","Srikanth Kidambi","Sourabh Verma",1,0.654729309091591
"MS",1,2,"score_diff",3576,"14-01-2021","Anthony Sinisuka Ginting","Kunlavut Vitidsarn",1,0.785045373868729
"MS",1,2,"score_diff",3581,"14-01-2021","Cheuk Yiu Lee","Daren Liew",1,0.693527892878443
"MS",1,2,"score_diff",3586,"15-01-2021","Rasmus Gemke","Anthony Sinisuka Ginting",1,0.264877504691154
"MS",1,2,"score_diff",3587,"16-01-2021","Ka Long Angus Ng","Tien Chen Chou",1,0.328947424070442
"MS",1,2,"score_diff",3590,"19-01-2021","Srikanth Kidambi","Sitthikom Thammasin",1,0.710879108576368
"MS",1,2,"score_diff",3608,"21-01-2021","Sameer Verma","Rasmus Gemke",1,0.548421278391215
"MS",1,2,"score_diff",3613,"22-01-2021","Daren Liew","Viktor Axelsen",0,0.180058885737662
"MS",1,2,"score_diff",3626,"28-01-2021","Anders Antonsen","Ka Long Angus Ng",1,0.576455465520746
"MS",1,2,"score_diff",3631,"30-01-2021","Anders Antonsen","Tzu Wei Wang",0,0.728265417038845
"MS",1,2,"score_diff",3632,"30-01-2021","Viktor Axelsen","Tien Chen Chou",1,0.867022783025475
"MS",1,2,"score_diff",3637,"03-03-2021","Toma Junior Popov","Brian Yang",0,0.664505132904311
"MS",1,2,"score_diff",3638,"03-03-2021","Mark Caljouw","H. S. Prannoy",0,0.533292428808552
"MS",1,2,"score_diff",3642,"03-03-2021","Viktor Axelsen","Jason Anthony Ho-Shue",1,0.956840054821635
"MS",1,2,"score_diff",3659,"05-03-2021","Viktor Axelsen","Shesar Hiren Rhustavito",1,0.849680198990138
"MS",1,2,"score_diff",3660,"05-03-2021","Srikanth Kidambi","Kantaphon Wangcharoen",1,0.634437523828353
"MS",1,2,"score_diff",3661,"05-03-2021","Kunlavut Vitidsarn","Ajay Jayaram",1,0.77922841714308
"MS",1,2,"score_diff",3669,"17-03-2021","Srikanth Kidambi","Nhat Nguyen",1,0.44359355685951
"MS",1,2,"score_diff",3675,"17-03-2021","Ygor Coelho","Sameer Verma",0,0.185233560134622
"MS",1,2,"score_diff",3682,"18-03-2021","Thomas Rouxel","Lakshya Sen",0,0.377457523567335
"MS",1,2,"score_diff",3683,"18-03-2021","Nhat Nguyen","Mark Caljouw",0,0.460183698358866
"MS",1,2,"score_diff",3685,"18-03-2021","B. Sai Praneeth","Viktor Axelsen",0,0.228064643083184
"MS",1,2,"score_diff",3688,"19-03-2021","Sitthikom Thammasin","Viktor Axelsen",0,0.0296628373322233
"MS",1,2,"score_diff",3691,"20-03-2021","Zii Jia Lee","Mark Caljouw",1,0.768614685362461
"MS",1,2,"score_diff",3698,"23-03-2021","Yanis Gaudin","Valentin Singer",1,0.746936970605979
"MS",1,2,"score_diff",3705,"23-03-2021","Mohamed Abderrahime Belarbi","Thomas Fourcade",0,0.243091283035121
"MS",1,2,"score_diff",3707,"23-03-2021","Youcef Sabri Medel","Magnus Johannesen",0,0.224094746398111
"MS",1,2,"score_diff",3713,"23-03-2021","Martin Bundgaard","Thomas Fourcade",0,0.627587091967111
"MS",1,2,"score_diff",3714,"23-03-2021","Mads Thøgersen","Julien Carraggi",1,0.566805320382281
"MS",1,2,"score_diff",3718,"23-03-2021","Ajay Jayaram","Alap Mishra",1,0.498424803282049
"MS",1,2,"score_diff",3726,"23-03-2021","Joo Ven Soong","Johnnie Torjussen",1,0.69910156617621
"MS",1,2,"score_diff",3734,"24-03-2021","Srikanth Kidambi","Ajay Jayaram",1,0.610627844247533
"MS",1,2,"score_diff",3735,"24-03-2021","Ditlev Jaeger Holm","B.M.Rahul Bharadwaj",1,0.66304064068836
"MS",1,2,"score_diff",3736,"24-03-2021","H. S. Prannoy","Kiran George",0,0.646772196056011
"MS",1,2,"score_diff",3738,"24-03-2021","Thomas Rouxel","Harry Huang",0,0.501255554330149
"MS",1,2,"score_diff",3741,"24-03-2021","Mads Christophersen","Fabio Caponio",1,0.823981756543036
"MS",1,2,"score_diff",3751,"25-03-2021","Kiran George","Brice Leverdez",1,0.344346688908524
"MS",1,2,"score_diff",3756,"26-03-2021","Srikanth Kidambi","Toma Junior Popov",0,0.48400075058731
"MS",1,2,"score_diff",3757,"26-03-2021","Ditlev Jaeger Holm","Hans-Kristian Solberg Vittinghus",0,0.219246100902104
"MS",1,2,"sqrt",1,"09-01-2018","Jun Hao Leong","Kantawat Leelavechabutr",1,0.25005495427779
"MS",1,2,"sqrt",4,"09-01-2018","Mithun Manjunath","Henrikho Kho Wibowo",1,0.560215100290727
"MS",1,2,"sqrt",5,"09-01-2018","Chirag Sen","Hashiru Shimono",0,0.303481518258978
"MS",1,2,"sqrt",6,"09-01-2018","Shreyansh Jaiswal","Fikri Ihsandi Hadmadi",0,0.453925219445515
"MS",1,2,"sqrt",10,"09-01-2018","Teck Zhi Soo","Jun Hao Leong",0,0.468949193473332
"MS",1,2,"sqrt",11,"09-01-2018","Mithun Manjunath","Hashiru Shimono",0,0.406895366825533
"MS",1,2,"sqrt",14,"10-01-2018","Thomas Rouxel","Kantaphon Wangcharoen",0,0.45368583484541
"MS",1,2,"sqrt",23,"10-01-2018","Daren Liew","Khosit Phetpradab",0,0.560510131812393
"MS",1,2,"sqrt",34,"11-01-2018","Nan Wei","Daren Liew",0,0.397195386045823
"MS",1,2,"sqrt",36,"11-01-2018","Pannawit Thongnuam","Tommy Sugiarto",0,0.432531374049632
"MS",1,2,"sqrt",50,"16-01-2018","Kashyap Parupalli","Kantaphon Wangcharoen",0,0.31244187676311
"MS",1,2,"sqrt",55,"17-01-2018","Tien Chen Chou","Jonatan Christie",0,0.305617801222508
"MS",1,2,"sqrt",57,"17-01-2018","Hans-Kristian Solberg Vittinghus","Wing Ki Vincent Wong",1,0.721032720725155
"MS",1,2,"sqrt",60,"17-01-2018","Hyeok Jin Jeon","Tommy Sugiarto",0,0.398990546330843
"MS",1,2,"sqrt",68,"17-01-2018","Yuxiang Huang","Rasmus Gemke",1,0.704305895054581
"MS",1,2,"sqrt",70,"17-01-2018","Kantaphon Wangcharoen","B. Sai Praneeth",0,0.36724538407187
"MS",1,2,"sqrt",71,"18-01-2018","Hans-Kristian Solberg Vittinghus","Tzu Wei Wang",1,0.40156503310709
"MS",1,2,"sqrt",82,"19-01-2018","Daren Liew","Suppanyu Avihingsanon",1,0.636467796506069
"MS",1,2,"sqrt",94,"23-01-2018","Vega Vio Nirwanda","Sony Dwi Kuncoro",0,0.503356400517077
"MS",1,2,"sqrt",96,"23-01-2018","Kantaphon Wangcharoen","Saputra Vicky Angga",1,0.754531644534678
"MS",1,2,"sqrt",97,"23-01-2018","Shesar Hiren Rhustavito","Kim Bruun",0,0.716673455134192
"MS",1,2,"sqrt",98,"24-01-2018","Viktor Axelsen","Jen Hao Hsu",1,0.793701445780616
"MS",1,2,"sqrt",100,"24-01-2018","Ihsan Maulana Mustofa","Rasmus Gemke",0,0.655078454056411
"MS",1,2,"sqrt",104,"24-01-2018","Shesar Hiren Rhustavito","Tommy Sugiarto",0,0.336424509823295
"MS",1,2,"sqrt",105,"24-01-2018","Ka Long Angus Ng","Sony Dwi Kuncoro",0,0.453755278544213
"MS",1,2,"sqrt",111,"24-01-2018","Lucas Corvee","Tien Chen Chou",0,0.729895237972157
"MS",1,2,"sqrt",117,"25-01-2018","Sony Dwi Kuncoro","Tommy Sugiarto",1,0.615088086900968
"MS",1,2,"sqrt",118,"25-01-2018","Hans-Kristian Solberg Vittinghus","Wei Feng Chong",0,0.659593535028217
"MS",1,2,"sqrt",127,"27-01-2018","Kazumasa Sakai","Wan Ho Son",0,0.482178436544245
"MS",1,2,"sqrt",135,"30-01-2018","Shreyansh Jaiswal","Karan Rajan Rajarajan",1,0.581952815438547
"MS",1,2,"sqrt",136,"30-01-2018","Abhishek Yelegar","Ajay Kumar K.",1,0.620387623040625
"MS",1,2,"sqrt",137,"30-01-2018","Kartikey Gulshan Kumar","Bodhit Joshi",0,0.615109523281198
"MS",1,2,"sqrt",138,"30-01-2018","Siddharth Pratap Singh","Iskandar Zulkarnain",0,0.603619758338471
"MS",1,2,"sqrt",144,"31-01-2018","Vladimir Malkov","Nan Wei",1,0.563834056091018
"MS",1,2,"sqrt",158,"01-02-2018","Shreyansh Jaiswal","Kashyap Parupalli",0,0.631358913260621
"MS",1,2,"sqrt",167,"02-02-2018","Bin Qiao","Kashyap Parupalli",1,0.681979710297223
"MS",1,2,"sqrt",175,"20-02-2018","Riichi Takeshita","Michal Rogalski",1,0.549748012972333
"MS",1,2,"sqrt",178,"20-02-2018","Luís Enrique Peñalver","Yusuke Onodera",1,0.405874456919211
"MS",1,2,"sqrt",183,"20-02-2018","Luís Enrique Peñalver","Arnaud Merkle",0,0.466975428143619
"MS",1,2,"sqrt",185,"21-02-2018","Kantaphon Wangcharoen","Kai Schaefer",1,0.606927871053313
"MS",1,2,"sqrt",188,"21-02-2018","Christian Kirchmayr","Kento Momota",0,0.26501220263977
"MS",1,2,"sqrt",190,"21-02-2018","Thomas Rouxel","Sameer Verma",0,0.405415807565083
"MS",1,2,"sqrt",209,"23-02-2018","Koki Watanabe","Lucas Corvee",1,0.361965359914076
"MS",1,2,"sqrt",218,"06-03-2018","David Peng","Wolfgang Gnedt",0,0.555035666753703
"MS",1,2,"sqrt",222,"06-03-2018","Alexander Roovers","Junpeng Zhao",0,0.537582937539519
"MS",1,2,"sqrt",228,"07-03-2018","Suppanyu Avihingsanon","Jen Hao Hsu",1,0.676775913265892
"MS",1,2,"sqrt",239,"07-03-2018","Vladimir Malkov","Dan Lin",0,0.311587334883191
"MS",1,2,"sqrt",250,"08-03-2018","Kanta Tsuneyama","Dan Lin",0,0.547600254746522
"MS",1,2,"sqrt",268,"14-03-2018","Jen Hao Hsu","Khosit Phetpradab",0,0.390475916769054
"MS",1,2,"sqrt",274,"15-03-2018","Dong Keun Lee","Chong Wei Lee",1,0.243466372845569
"MS",1,2,"sqrt",277,"15-03-2018","Tzu Wei Wang","Dan Lin",0,0.350256832935759
"MS",1,2,"sqrt",286,"17-03-2018","Wan Ho Son","Yuqi Shi",0,0.312383370447219
"MS",1,2,"sqrt",288,"18-03-2018","Yuqi Shi","Dan Lin",0,0.685639344583307
"MS",1,2,"sqrt",293,"27-03-2018","Toma Junior Popov","Samuel Hsiao",0,0.402701103813878
"MS",1,2,"sqrt",294,"27-03-2018","Aneeth Kumar Repudi","Shinsai Deslauriers",1,0.384930419443449
"MS",1,2,"sqrt",295,"27-03-2018","Hugo Jardim","Remi Rossi",0,0.141228845456168
"MS",1,2,"sqrt",296,"27-03-2018","Marc Laporte","Hardik Makkar",0,0.315631290453605
"MS",1,2,"sqrt",314,"27-03-2018","Henri Aarnio","Adam Mendrek",1,0.737887987789095
"MS",1,2,"sqrt",319,"27-03-2018","Milan Dratva","Eetu Heino",0,0.424152238375262
"MS",1,2,"sqrt",320,"27-03-2018","Remi Rossi","Karan Rajan Rajarajan",1,0.726685072092263
"MS",1,2,"sqrt",330,"28-03-2018","Remi Rossi","Joshua Magee",0,0.294162517431718
"MS",1,2,"sqrt",358,"10-04-2018","Wei Chi Liu","Misha Zilberman",0,0.441618153286349
"MS",1,2,"sqrt",362,"10-04-2018","Jiahao Yu","Yu Jen Chi",0,0.285834632645265
"MS",1,2,"sqrt",364,"10-04-2018","Shumin Liu","Qin Zheng",1,0.67042017052377
"MS",1,2,"sqrt",370,"10-04-2018","Yun Kyu Lee","Guangzu Lu",0,0.40026016456708
"MS",1,2,"sqrt",372,"11-04-2018","Jen Hao Hsu","Chico Aura Dwi Wardoyo",0,0.510248137004247
"MS",1,2,"sqrt",377,"11-04-2018","Young Woong Ha","Zeqi Zhou",0,0.354069210138943
"MS",1,2,"sqrt",381,"11-04-2018","Haichao Liu","Pannawit Thongnuam",0,0.596822620466474
"MS",1,2,"sqrt",387,"11-04-2018","Yupeng Bai","Daren Liew",0,0.256760572909515
"MS",1,2,"sqrt",408,"01-05-2018","Pengbo Ren","Riichi Takeshita",0,0.406566713644468
"MS",1,2,"sqrt",409,"01-05-2018","Pit Seng Low","Zeqi Zhou",0,0.297923705389227
"MS",1,2,"sqrt",410,"01-05-2018","Guangzu Lu","Kwang Hee Heo",0,0.482695508455527
"MS",1,2,"sqrt",417,"02-05-2018","Kwang Hee Heo","Firman Abdul Kholik",1,0.555995764509783
"MS",1,2,"sqrt",423,"02-05-2018","Yu Igarashi","Wei Feng Chong",1,0.535432387820453
"MS",1,2,"sqrt",424,"02-05-2018","Sameer Verma","Sony Dwi Kuncoro",1,0.821404611161158
"MS",1,2,"sqrt",439,"04-05-2018","Dan Lin","Sameer Verma",1,0.472827058887678
"MS",1,2,"sqrt",440,"04-05-2018","Niluka Karunaratne","B. Sai Praneeth",0,0.201184417759891
"MS",1,2,"sqrt",453,"08-05-2018","Yehezkiel Fritz Mainaky","Robert Mann",1,0.678516535201923
"MS",1,2,"sqrt",456,"08-05-2018","Yang Shen","Riichi Takeshita",0,0.141345646216485
"MS",1,2,"sqrt",457,"09-05-2018","Misha Zilberman","B. Sai Praneeth",0,0.281415509016573
"MS",1,2,"sqrt",458,"09-05-2018","Niluka Karunaratne","Zeqi Zhou",0,0.375012558657798
"MS",1,2,"sqrt",466,"09-05-2018","Wei Feng Chong","Koki Watanabe",0,0.715243873900292
"MS",1,2,"sqrt",467,"09-05-2018","Ajay Jayaram","Riichi Takeshita",0,0.428203092475589
"MS",1,2,"sqrt",469,"09-05-2018","June Wei Cheam","Yehezkiel Fritz Mainaky",1,0.577007775171796
"MS",1,2,"sqrt",482,"11-05-2018","Tommy Sugiarto","Zeqi Zhou",0,0.340508655102412
"MS",1,2,"sqrt",483,"11-05-2018","Cheuk Yiu Lee","B. Sai Praneeth",1,0.465711506390401
"MS",1,2,"sqrt",485,"12-05-2018","Zeqi Zhou","Cheuk Yiu Lee",1,0.648451986109643
"MS",1,2,"sqrt",494,"12-06-2018","Hin Shun Wong","Phillips Jap",0,0.364827696551261
"MS",1,2,"sqrt",505,"13-06-2018","Guangzu Lu","Tien Minh Nguyen",1,0.541960075809048
"MS",1,2,"sqrt",507,"13-06-2018","Toby Penty","Kwang Hee Heo",0,0.417916485844978
"MS",1,2,"sqrt",526,"15-06-2018","Ajay Jayaram","Kwang Hee Heo",1,0.456362263013645
"MS",1,2,"sqrt",527,"15-06-2018","Dong Keun Lee","Kantaphon Wangcharoen",1,0.450354156938807
"MS",1,2,"sqrt",533,"19-06-2018","Bo Zhao","Johnathan Akin-Mulrooney",0,0.414978061124943
"MS",1,2,"sqrt",542,"19-06-2018","Joshua Hurlburt-Yu","Johnathan Akin-Mulrooney",1,0.591784429719855
"MS",1,2,"sqrt",544,"19-06-2018","Minoru Koga","Kevin Lee",1,0.744812520552938
"MS",1,2,"sqrt",562,"20-06-2018","Guangzu Lu","Yun Kyu Lee",1,0.741776997715722
"MS",1,2,"sqrt",566,"20-06-2018","Max Weisskirchen","Jacob Nilsson",1,0.631335339183587
"MS",1,2,"sqrt",570,"20-06-2018","Sankeerth B. R.","Niluka Karunaratne",0,0.186594787164224
"MS",1,2,"sqrt",573,"20-06-2018","Kok Hong Woon","Guoxing Huang",0,0.550521152922907
"MS",1,2,"sqrt",575,"20-06-2018","Dong Keun Lee","Cao Cuong Pham",0,0.588182575994595
"MS",1,2,"sqrt",577,"20-06-2018","Young Woong Ha","Toby Penty",0,0.459458602876013
"MS",1,2,"sqrt",581,"21-06-2018","Max Weisskirchen","Kwang Hee Heo",1,0.419832448240553
"MS",1,2,"sqrt",582,"21-06-2018","Cao Cuong Pham","Guoxing Huang",1,0.31291659147155
"MS",1,2,"sqrt",585,"21-06-2018","Takuma Obayashi","Toby Penty",0,0.476027660816215
"MS",1,2,"sqrt",588,"22-06-2018","Toby Penty","Guangzu Lu",1,0.255592044262092
"MS",1,2,"sqrt",592,"26-06-2018","Viktor Axelsen","Khosit Phetpradab",0,0.725420800279751
"MS",1,2,"sqrt",596,"26-06-2018","Anders Antonsen","Tanongsak Saensomboonsuk",0,0.332439608749098
"MS",1,2,"sqrt",600,"27-06-2018","Anthony Sinisuka Ginting","Kento Momota",0,0.73644289473816
"MS",1,2,"sqrt",607,"27-06-2018","Jonatan Christie","Daren Liew",1,0.575007793071698
"MS",1,2,"sqrt",617,"29-06-2018","Viktor Axelsen","Chong Wei Lee",0,0.580609512428937
"MS",1,2,"sqrt",622,"01-07-2018","Chong Wei Lee","Kento Momota",1,0.574264129119296
"MS",1,2,"sqrt",623,"03-07-2018","Kanta Tsuneyama","Jan O Jorgensen",1,0.260690383425849
"MS",1,2,"sqrt",636,"04-07-2018","Hyun Il Lee","Kantaphon Wangcharoen",1,0.283858319779514
"MS",1,2,"sqrt",639,"05-07-2018","Anthony Sinisuka Ginting","Kento Momota",0,0.34279898825574
"MS",1,2,"sqrt",640,"05-07-2018","Anders Antonsen","Chong Wei Lee",0,0.15021381795186
"MS",1,2,"sqrt",652,"07-07-2018","Kento Momota","Chong Wei Lee",1,0.511742239868828
"MS",1,2,"sqrt",662,"10-07-2018","Shreyansh Jaiswal","Guangzu Lu",0,0.104213605458254
"MS",1,2,"sqrt",664,"10-07-2018","Sony Dwi Kuncoro","Kartikey Gulshan Kumar",1,0.76447063136225
"MS",1,2,"sqrt",669,"11-07-2018","Rajiv Ouseph","Yun Hu",0,0.597581239857861
"MS",1,2,"sqrt",674,"11-07-2018","Jen Hao Hsu","Kenta Nishimoto",0,0.123829814193262
"MS",1,2,"sqrt",678,"11-07-2018","Tanongsak Saensomboonsuk","Sameer Verma",1,0.418213948143209
"MS",1,2,"sqrt",680,"11-07-2018","Sitthikom Thammasin","Toby Penty",1,0.425192346189111
"MS",1,2,"sqrt",686,"12-07-2018","Wei Feng Chong","Yuxiang Huang",0,0.290718079545227
"MS",1,2,"sqrt",694,"14-07-2018","Suppanyu Avihingsanon","Tommy Sugiarto",0,0.246403115182926
"MS",1,2,"sqrt",695,"14-07-2018","Kanta Tsuneyama","Sony Dwi Kuncoro",0,0.564809909922189
"MS",1,2,"sqrt",698,"17-07-2018","Kai Schaefer","Firman Abdul Kholik",1,0.388657975268313
"MS",1,2,"sqrt",700,"17-07-2018","Rosario Maddaloni","R. M. V. Gurusaidutt",0,0.112937309393425
"MS",1,2,"sqrt",703,"17-07-2018","Chia Hung Lu","Rahul Yadav Chittaboina",1,0.422344380040465
"MS",1,2,"sqrt",715,"18-07-2018","Firman Abdul Kholik","Ihsan Maulana Mustofa",0,0.632543305167201
"MS",1,2,"sqrt",720,"18-07-2018","Cheuk Yiu Lee","Khosit Phetpradab",0,0.716274868714368
"MS",1,2,"sqrt",729,"19-07-2018","Yu Igarashi","Bin Qiao",0,0.350544996737237
"MS",1,2,"sqrt",734,"20-07-2018","Tien Chen Chou","Hyun Il Lee",1,0.711940563013173
"MS",1,2,"sqrt",735,"20-07-2018","Jen Hao Hsu","Yuxiang Huang",0,0.538399087123217
"MS",1,2,"sqrt",737,"21-07-2018","Tien Chen Chou","Bin Qiao",0,0.720154679348677
"MS",1,2,"sqrt",741,"24-07-2018","Jeffrey Lam","Pratul Joshi",0,0.299573999382366
"MS",1,2,"sqrt",742,"24-07-2018","Elias Bracke","Mithun Manjunath",0,0.333085147677821
"MS",1,2,"sqrt",743,"24-07-2018","Gergely Krausz","Koji Naito",0,0.322576869730037
"MS",1,2,"sqrt",747,"24-07-2018","Eetu Heino","Sergey Sirant",1,0.374733214853221
"MS",1,2,"sqrt",750,"24-07-2018","Ilya Goncharov","Chun Kar Lung",1,0.40759858062112
"MS",1,2,"sqrt",763,"25-07-2018","Siddharth Pratap Singh","Bodhit Joshi",1,0.764806765102743
"MS",1,2,"sqrt",764,"25-07-2018","Misha Zilberman","Pratul Joshi",0,0.602531686952513
"MS",1,2,"sqrt",776,"27-07-2018","Subhankar Dey","Vladimir Malkov",0,0.425743623263025
"MS",1,2,"sqrt",777,"27-07-2018","Misha Zilberman","Sourabh Verma",0,0.361883343326751
"MS",1,2,"sqrt",778,"27-07-2018","Koki Watanabe","Ryotaro Maruo",1,0.635692878780102
"MS",1,2,"sqrt",780,"28-07-2018","Mithun Manjunath","Sourabh Verma",0,0.244875379798987
"MS",1,2,"sqrt",788,"24-07-2018","Yu Jen Chi","Riichi Takeshita",0,0.215745810477128
"MS",1,2,"sqrt",789,"24-07-2018","Muhammad Bayu Pangisthu","Hashiru Shimono",0,0.338353882992885
"MS",1,2,"sqrt",793,"24-07-2018","Chih Chieh Yang","Takuma Obayashi",1,0.626921293413648
"MS",1,2,"sqrt",795,"24-07-2018","Yiming Xu","Yun Kyu Lee",0,0.550137856540382
"MS",1,2,"sqrt",798,"25-07-2018","Kuei Chun Shih","Panji Ahmad Maulana",0,0.316324942284796
"MS",1,2,"sqrt",801,"25-07-2018","Hashiru Shimono","Ratnajit Tamang",1,0.512693711683536
"MS",1,2,"sqrt",807,"25-07-2018","Sitthikom Thammasin","Kodai Naraoka",1,0.745402745940165
"MS",1,2,"sqrt",808,"25-07-2018","Chih Chieh Yang","Ching Wei Chen",1,0.559248573504943
"MS",1,2,"sqrt",809,"25-07-2018","Yiming Xu","Takuma Ueda",0,0.362266147978826
"MS",1,2,"sqrt",824,"28-07-2018","Sitthikom Thammasin","Jan O Jorgensen",1,0.511301050251123
"MS",1,2,"sqrt",830,"07-08-2018","Phone Pyae Naing","Seng Zoe Yeoh",1,0.38455292729764
"MS",1,2,"sqrt",832,"07-08-2018","Thanh Long Truong","En Chia Chang",0,0.419193942867184
"MS",1,2,"sqrt",833,"07-08-2018","Vincent Cheng Wei Phuah","Yu-Hua Lai",0,0.475952810462761
"MS",1,2,"sqrt",834,"07-08-2018","Chirag Sen","Chun-Yi Lin",1,0.22110666573555
"MS",1,2,"sqrt",842,"07-08-2018","Vijetha N. V. S.","Saran Jamsri",0,0.303460601404075
"MS",1,2,"sqrt",843,"07-08-2018","Simon Wang","Gatjra Piliang Fiqihila Cupu",0,0.370634683834127
"MS",1,2,"sqrt",845,"07-08-2018","Satheishtharan Ramachandran","Kuei Chun Shih",0,0.336796231641513
"MS",1,2,"sqrt",849,"07-08-2018","Chun-Yi Lin","Siril Verma",0,0.28719865833777
"MS",1,2,"sqrt",850,"07-08-2018","Duc Phat Le","Ajay Jayaram",0,0.380391201948557
"MS",1,2,"sqrt",855,"07-08-2018","Tien Minh Nguyen","Henrikho Kho Wibowo",1,0.731947772770891
"MS",1,2,"sqrt",859,"07-08-2018","June Wei Cheam","Kantawat Leelavechabutr",0,0.464436940823856
"MS",1,2,"sqrt",867,"08-08-2018","Cao Cuong Pham","Hsuan Yi Hsueh",0,0.346447711100793
"MS",1,2,"sqrt",873,"08-08-2018","Shesar Hiren Rhustavito","Pablo Abian",1,0.784255280473584
"MS",1,2,"sqrt",874,"08-08-2018","Xiaodong Sheng","Sergey Sirant",1,0.49863294492573
"MS",1,2,"sqrt",876,"08-08-2018","Zeqi Zhou","Joo Ven Soong",0,0.723315877343623
"MS",1,2,"sqrt",885,"09-08-2018","Mithun Manjunath","Adulrach Namkul",1,0.570121436853545
"MS",1,2,"sqrt",886,"09-08-2018","Zeqi Zhou","Wei Feng Chong",1,0.350803151461154
"MS",1,2,"sqrt",888,"09-08-2018","Tien Minh Nguyen","Sitthikom Thammasin",1,0.435525154162033
"MS",1,2,"sqrt",889,"10-08-2018","Tien Minh Nguyen","Shesar Hiren Rhustavito",0,0.596120776161014
"MS",1,2,"sqrt",890,"10-08-2018","Hsuan Yi Hsueh","Yu Igarashi",0,0.365544209123366
"MS",1,2,"sqrt",892,"10-08-2018","Zeqi Zhou","Mithun Manjunath",0,0.657131126711601
"MS",1,2,"sqrt",899,"28-08-2018","Mathew Fogarty","Joshua Magee",0,0.164887052134124
"MS",1,2,"sqrt",927,"30-08-2018","Misha Zilberman","Rasmus Messerschmidt",1,0.374645881041785
"MS",1,2,"sqrt",929,"30-08-2018","Kalle Koljonen","Victor Svendsen",1,0.353626864492501
"MS",1,2,"sqrt",945,"04-09-2018","Andrew Susanto","Yash Yogi",0,0.589239832054718
"MS",1,2,"sqrt",949,"04-09-2018","Aneeth Kumar Repudi","Vijetha N. V. S.",0,0.755386875686923
"MS",1,2,"sqrt",953,"04-09-2018","Seong Hyun Son","Arintap Das Gupta",1,0.461541895938749
"MS",1,2,"sqrt",967,"04-09-2018","Vicky Angga Saputra","Ajay Jayaram",1,0.37274574949236
"MS",1,2,"sqrt",968,"04-09-2018","Adrian George","Chico Aura Dwi Wardoyo",0,0.225777708652429
"MS",1,2,"sqrt",979,"05-09-2018","Aryamann Tandon","Pratul Joshi",0,0.610370094052544
"MS",1,2,"sqrt",983,"05-09-2018","Joo Ven Soong","Mithun Manjunath",1,0.532613758259949
"MS",1,2,"sqrt",994,"06-09-2018","R. M. V. Gurusaidutt","Daniel S. Farid",1,0.710841149415927
"MS",1,2,"sqrt",1000,"07-09-2018","Kwang Hee Heo","Joo Ven Soong",0,0.584552294211257
"MS",1,2,"sqrt",1001,"07-09-2018","R. M. V. Gurusaidutt","Chi Wing Lim",1,0.467639430708402
"MS",1,2,"sqrt",1004,"08-09-2018","Sameer Verma","R. M. V. Gurusaidutt",1,0.376036039112551
"MS",1,2,"sqrt",1009,"11-09-2018","Kazumasa Sakai","Wan Ho Son",0,0.496110727418883
"MS",1,2,"sqrt",1012,"11-09-2018","Hans-Kristian Solberg Vittinghus","Wing Ki Vincent Wong",0,0.623655594745076
"MS",1,2,"sqrt",1022,"11-09-2018","Yuxiang Huang","Srikanth Kidambi",0,0.333688257615208
"MS",1,2,"sqrt",1025,"13-09-2018","Suppanyu Avihingsanon","Long Chen",0,0.296987159359816
"MS",1,2,"sqrt",1029,"13-09-2018","Wing Ki Vincent Wong","Srikanth Kidambi",0,0.262260347750333
"MS",1,2,"sqrt",1034,"14-09-2018","Long Chen","Khosit Phetpradab",0,0.446072361876881
"MS",1,2,"sqrt",1035,"15-09-2018","Viktor Axelsen","Kento Momota",0,0.344707449956185
"MS",1,2,"sqrt",1037,"16-09-2018","Kento Momota","Khosit Phetpradab",1,0.804844626829607
"MS",1,2,"sqrt",1041,"18-09-2018","Syahzlan Hazwan Salleh","Muhammad Aldo Apriyandi",0,0.329850124954758
"MS",1,2,"sqrt",1046,"18-09-2018","Dean Bencha Wijaya","Yonathan Ramlie",0,0.35754915945959
"MS",1,2,"sqrt",1049,"18-09-2018","Abdul Kadir Zailani","Aldy Firmanda",1,0.555023896665401
"MS",1,2,"sqrt",1050,"18-09-2018","Isna Sakti Maulana Mustaqim Mustaqim","Andrew Susanto",1,0.675918485413403
"MS",1,2,"sqrt",1053,"18-09-2018","Bagas Kristianto Nugroho","Christian Adinata",1,0.620934223458624
"MS",1,2,"sqrt",1057,"18-09-2018","Thanh Long Truong","Abdul Kadir Zailani",0,0.379401023926836
"MS",1,2,"sqrt",1059,"18-09-2018","Aldo Oktaviano Purnomo","Isna Sakti Maulana Mustaqim Mustaqim",1,0.276786633027921
"MS",1,2,"sqrt",1060,"18-09-2018","Koji Naito","Karono Karono",1,0.614706225117354
"MS",1,2,"sqrt",1063,"18-09-2018","Chico Aura Dwi Wardoyo","Muhammad Izzuddin Shamsul Muzli",1,0.629188283385543
"MS",1,2,"sqrt",1072,"19-09-2018","Muhammad Ziyad Md Tah","Syabda Perkasa Belawa",1,0.381423174908309
"MS",1,2,"sqrt",1075,"19-09-2018","Krishna Adi Nugraha","Yonathan Ramlie",1,0.56519901413129
"MS",1,2,"sqrt",1082,"19-09-2018","Panji Ahmad Maulana","Muhammad Febriansyah",1,0.602388738598314
"MS",1,2,"sqrt",1098,"20-09-2018","Bagas Kristianto Nugroho","Firman Abdul Kholik",0,0.476396691203742
"MS",1,2,"sqrt",1099,"20-09-2018","Koji Naito","Ikhsan Leonardo Imanuel Rumbay",0,0.343653128901539
"MS",1,2,"sqrt",1100,"21-09-2018","Firman Abdul Kholik","Krishna Adi Nugraha",1,0.617523291184748
"MS",1,2,"sqrt",1107,"18-09-2018","Wan Ho Son","Cheuk Yiu Lee",1,0.62430697252138
"MS",1,2,"sqrt",1113,"18-09-2018","Hans-Kristian Solberg Vittinghus","Kantaphon Wangcharoen",0,0.317998954506034
"MS",1,2,"sqrt",1115,"19-09-2018","Tommy Sugiarto","Yuqi Shi",0,0.453640669604244
"MS",1,2,"sqrt",1117,"19-09-2018","H. S. Prannoy","Ka Long Angus Ng",0,0.46553277541086
"MS",1,2,"sqrt",1123,"20-09-2018","Viktor Axelsen","Anthony Sinisuka Ginting",0,0.5716908001621
"MS",1,2,"sqrt",1130,"20-09-2018","Jonatan Christie","Ka Long Angus Ng",0,0.489599369318243
"MS",1,2,"sqrt",1136,"22-09-2018","Kento Momota","Yuqi Shi",1,0.816009640397445
"MS",1,2,"sqrt",1137,"23-09-2018","Anthony Sinisuka Ginting","Kento Momota",1,0.443082436715205
"MS",1,2,"sqrt",1150,"26-09-2018","Hans-Kristian Solberg Vittinghus","Junpeng Zhao",1,0.178888575594456
"MS",1,2,"sqrt",1155,"26-09-2018","Wan Ho Son","Cheuk Yiu Lee",1,0.764392084162516
"MS",1,2,"sqrt",1157,"26-09-2018","Tommy Sugiarto","Hyun Il Lee",1,0.818337591428488
"MS",1,2,"sqrt",1158,"26-09-2018","Kazumasa Sakai","Brice Leverdez",1,0.242290323030605
"MS",1,2,"sqrt",1190,"02-10-2018","Yin Chak Chan","Chao Yu Kan",0,0.812668834616371
"MS",1,2,"sqrt",1191,"03-10-2018","Yu Hsien Lin","Jun Hao Leong",1,0.290532186124201
"MS",1,2,"sqrt",1195,"03-10-2018","Cheuk Yiu Lee","Chia Hsuan Lin",1,0.621686388858469
"MS",1,2,"sqrt",1196,"03-10-2018","Jen Hao Hsu","Zii Jia Lee",0,0.497512104537669
"MS",1,2,"sqrt",1200,"03-10-2018","Abhishek Yeligar","Jan O Jorgensen",0,0.103472093080311
"MS",1,2,"sqrt",1204,"03-10-2018","Chia Hung Lu","Rahul Yadav Chittaboina",1,0.755864463868989
"MS",1,2,"sqrt",1207,"04-10-2018","Sourabh Verma","Riichi Takeshita",0,0.558204385921583
"MS",1,2,"sqrt",1222,"09-10-2018","Michael Spencer-Smith","Joonas Korhonen",0,0.254711074979668
"MS",1,2,"sqrt",1224,"09-10-2018","Dimitar Yanakiev","Seng Zoe Yeoh",1,0.376936388135184
"MS",1,2,"sqrt",1226,"09-10-2018","Valeriy Atrashchenkov","Christo Popov",1,0.453648730246977
"MS",1,2,"sqrt",1242,"09-10-2018","Thomas Rouxel","Emre Lale",1,0.588736330071768
"MS",1,2,"sqrt",1252,"10-10-2018","Sankeerth B. R.","Gergely Krausz",1,0.599953099462632
"MS",1,2,"sqrt",1260,"10-10-2018","Misha Zilberman","Niluka Karunaratne",0,0.319032325976002
"MS",1,2,"sqrt",1268,"11-10-2018","Subhankar Dey","June Wei Cheam",0,0.2584872377346
"MS",1,2,"sqrt",1271,"12-10-2018","Kashyap Parupalli","June Wei Cheam",1,0.470440735179122
"MS",1,2,"sqrt",1274,"13-10-2018","Toma Junior Popov","June Wei Cheam",0,0.537781755421803
"MS",1,2,"sqrt",1276,"14-10-2018","Sourabh Verma","June Wei Cheam",1,0.634257661196009
"MS",1,2,"sqrt",1281,"16-10-2018","Kantaphon Wangcharoen","Dan Lin",1,0.256756214774338
"MS",1,2,"sqrt",1282,"16-10-2018","Khosit Phetpradab","Brice Leverdez",1,0.780892989386871
"MS",1,2,"sqrt",1284,"17-10-2018","Tien Chen Chou","Dong Keun Lee",1,0.675394087830369
"MS",1,2,"sqrt",1300,"19-10-2018","Tien Chen Chou","Wan Ho Son",1,0.599933820747831
"MS",1,2,"sqrt",1302,"19-10-2018","Srikanth Kidambi","Sameer Verma",0,0.578513373370244
"MS",1,2,"sqrt",1308,"23-10-2018","Tommy Sugiarto","Wan Ho Son",0,0.638228688841279
"MS",1,2,"sqrt",1313,"23-10-2018","Mark Caljouw","Hans-Kristian Solberg Vittinghus",1,0.406099027617917
"MS",1,2,"sqrt",1321,"24-10-2018","Khosit Phetpradab","Dong Keun Lee",0,0.809731090960389
"MS",1,2,"sqrt",1324,"25-10-2018","Long Chen","Jan O Jorgensen",1,0.721566919743552
"MS",1,2,"sqrt",1326,"25-10-2018","Srikanth Kidambi","Dong Keun Lee",1,0.424162132511329
"MS",1,2,"sqrt",1328,"25-10-2018","B. Sai Praneeth","Jonatan Christie",0,0.260868113654213
"MS",1,2,"sqrt",1333,"26-10-2018","Kantaphon Wangcharoen","Rasmus Gemke",0,0.682272704772504
"MS",1,2,"sqrt",1337,"28-10-2018","Long Chen","Yuqi Shi",1,0.555827322507588
"MS",1,2,"sqrt",1338,"30-10-2018","Kuei Chun Shih","Hin Shun Wong",1,0.755661131570903
"MS",1,2,"sqrt",1363,"31-10-2018","Yu Hsien Lin","Xiaodong Sheng",0,0.744510727129351
"MS",1,2,"sqrt",1365,"31-10-2018","Koki Watanabe","Wing Ki Vincent Wong",0,0.529199759106442
"MS",1,2,"sqrt",1366,"01-11-2018","Wei Feng Chong","Junpeng Zhao",0,0.668726679135145
"MS",1,2,"sqrt",1371,"01-11-2018","Tanongsak Saensomboonsuk","Hyun Il Lee",0,0.508119921108959
"MS",1,2,"sqrt",1372,"01-11-2018","Sitthikom Thammasin","Yu Hsien Lin",0,0.662623936810744
"MS",1,2,"sqrt",1376,"02-11-2018","Guangzu Lu","Hyun Il Lee",0,0.779959031174943
"MS",1,2,"sqrt",1377,"02-11-2018","Chia Hung Lu","Junpeng Zhao",1,0.511880672394018
"MS",1,2,"sqrt",1383,"30-10-2018","Thomas Fuchs","Artem Serpionov",0,0.477221322181606
"MS",1,2,"sqrt",1385,"30-10-2018","Hannes Gerberich","Joel König",1,0.485222972258344
"MS",1,2,"sqrt",1386,"30-10-2018","Birger Abts","Simon Wang",1,0.236643589097357
"MS",1,2,"sqrt",1391,"30-10-2018","Subhankar Dey","Elias Bracke",0,0.501462677103075
"MS",1,2,"sqrt",1393,"30-10-2018","Artem Serpionov","Christian Kirchmayr",0,0.26741707233326
"MS",1,2,"sqrt",1395,"30-10-2018","Eetu Heino","Pengbo Ren",0,0.308481623082187
"MS",1,2,"sqrt",1400,"30-10-2018","David Kramer","Kai Schaefer",0,0.523221857041325
"MS",1,2,"sqrt",1404,"30-10-2018","Wolfgang Gnedt","Joshua Magee",0,0.436690128070521
"MS",1,2,"sqrt",1409,"31-10-2018","Alexander Roovers","Simon Wang",1,0.666589101375738
"MS",1,2,"sqrt",1425,"01-11-2018","Feixiang Sun","Mark Caljouw",0,0.380137016935
"MS",1,2,"sqrt",1428,"02-11-2018","Rajiv Ouseph","Mark Caljouw",1,0.628203723846246
"MS",1,2,"sqrt",1441,"07-11-2018","Suppanyu Avihingsanon","Kazumasa Sakai",1,0.496684658400177
"MS",1,2,"sqrt",1442,"07-11-2018","Wei Feng Chong","Anthony Sinisuka Ginting",0,0.22905523110033
"MS",1,2,"sqrt",1444,"07-11-2018","Jonatan Christie","H. S. Prannoy",1,0.774105132708799
"MS",1,2,"sqrt",1453,"08-11-2018","Kazumasa Sakai","Yuqi Shi",0,0.160127534352114
"MS",1,2,"sqrt",1460,"09-11-2018","Anders Antonsen","Long Chen",0,0.359446542799065
"MS",1,2,"sqrt",1465,"11-11-2018","Kento Momota","Tien Chen Chou",0,0.759821310483144
"MS",1,2,"sqrt",1472,"13-11-2018","Tanongsak Saensomboonsuk","Wei Feng Chong",1,0.210823046929828
"MS",1,2,"sqrt",1478,"14-11-2018","Daren Liew","Long Chen",0,0.186019944630959
"MS",1,2,"sqrt",1483,"14-11-2018","Lucas Corvee","Kenta Nishimoto",1,0.364054128621461
"MS",1,2,"sqrt",1485,"14-11-2018","Wing Ki Vincent Wong","Srikanth Kidambi",0,0.125754313936198
"MS",1,2,"sqrt",1487,"14-11-2018","Kento Momota","Dan Lin",0,0.853295403047096
"MS",1,2,"sqrt",1488,"14-11-2018","Tien Chen Chou","Dong Keun Lee",0,0.892064747596653
"MS",1,2,"sqrt",1491,"14-11-2018","H. S. Prannoy","Anders Antonsen",0,0.545656991096262
"MS",1,2,"sqrt",1493,"15-11-2018","Wan Ho Son","Khosit Phetpradab",1,0.742648775847257
"MS",1,2,"sqrt",1499,"15-11-2018","Anthony Sinisuka Ginting","Jonatan Christie",0,0.487267997294304
"MS",1,2,"sqrt",1500,"16-11-2018","Kento Momota","Jonatan Christie",1,0.73591034602334
"MS",1,2,"sqrt",1503,"16-11-2018","Dong Keun Lee","Wan Ho Son",0,0.330010596302774
"MS",1,2,"sqrt",1504,"17-11-2018","Kento Momota","Wan Ho Son",0,0.698041893223674
"MS",1,2,"sqrt",1509,"20-11-2018","Jia Wei Tan","Siddharth .",1,0.437613681606028
"MS",1,2,"sqrt",1514,"20-11-2018","Kevin Arokia Walter","Siril Verma",0,0.427485597103568
"MS",1,2,"sqrt",1516,"20-11-2018","Vicky Angga Saputra","Pratul Joshi",1,0.679807382921346
"MS",1,2,"sqrt",1519,"21-11-2018","Tanongsak Saensomboonsuk","Kashyap Parupalli",0,0.303679389768024
"MS",1,2,"sqrt",1520,"21-11-2018","Siddharath Thakur","Firman Abdul Kholik",0,0.195015013308919
"MS",1,2,"sqrt",1521,"21-11-2018","Sitthikom Thammasin","Jia Wei Tan",1,0.789347000738764
"MS",1,2,"sqrt",1524,"21-11-2018","Siddharth Pratap Singh","Shesar Hiren Rhustavito",0,0.187765747931902
"MS",1,2,"sqrt",1531,"21-11-2018","Jonathan Persson","R. M. V. Gurusaidutt",0,0.173679319404081
"MS",1,2,"sqrt",1534,"22-11-2018","Firman Abdul Kholik","Kashyap Parupalli",0,0.804162235420135
"MS",1,2,"sqrt",1537,"22-11-2018","Guangzu Lu","Subhankar Dey",1,0.696146239687029
"MS",1,2,"sqrt",1539,"22-11-2018","R. M. V. Gurusaidutt","Vicky Angga Saputra",1,0.288328614330162
"MS",1,2,"sqrt",1543,"23-11-2018","Kashyap Parupalli","Sitthikom Thammasin",0,0.314056001329947
"MS",1,2,"sqrt",1545,"23-11-2018","Vicky Angga Saputra","Chico Aura Dwi Wardoyo",0,0.403445252281875
"MS",1,2,"sqrt",1547,"24-11-2018","Sitthikom Thammasin","Guangzu Lu",0,0.659470438197554
"MS",1,2,"sqrt",1551,"21-11-2018","Wolfgang Gnedt","Jack Macgregor",1,0.870575821414931
"MS",1,2,"sqrt",1553,"21-11-2018","Mark Brady","Adam Lam",0,0.733190029629273
"MS",1,2,"sqrt",1561,"21-11-2018","Wolfgang Gnedt","Ethan Rose",1,0.382880529028539
"MS",1,2,"sqrt",1565,"21-11-2018","Johnnie Torjussen","Ben Torrance",1,0.821150648409183
"MS",1,2,"sqrt",1570,"21-11-2018","Phone Pyae Naing","Haichao Liu",0,0.178981758913967
"MS",1,2,"sqrt",1572,"21-11-2018","David Jones","Vinson Chiu",1,0.585723812555527
"MS",1,2,"sqrt",1577,"21-11-2018","Eetu Heino","Lars Schaenzler",1,0.641560234669862
"MS",1,2,"sqrt",1583,"21-11-2018","Matthew Carder","Luka Wraber",0,0.249836669305067
"MS",1,2,"sqrt",1591,"22-11-2018","Mark Caljouw","Eetu Heino",1,0.730752467484991
"MS",1,2,"sqrt",1610,"23-11-2018","Alex Lane","Lucas Corvee",0,0.567486737555102
"MS",1,2,"sqrt",1611,"23-11-2018","Lucas Claerbout","Brice Leverdez",1,0.513114479623195
"MS",1,2,"sqrt",1631,"28-11-2018","Wan Ho Son","Panji Ahmad Maulana",1,0.852399052392536
"MS",1,2,"sqrt",1633,"28-11-2018","Dong Keun Lee","Kashyap Parupalli",0,0.607544566513532
"MS",1,2,"sqrt",1636,"28-11-2018","Junpeng Zhao","Chia Hung Lu",0,0.629174110706543
"MS",1,2,"sqrt",1641,"28-11-2018","Kwang Hee Heo","Chico Aura Dwi Wardoyo",0,0.355185282808288
"MS",1,2,"sqrt",1642,"28-11-2018","Chih Chieh Yang","Milan Ludik",1,0.470713220790897
"MS",1,2,"sqrt",1651,"29-11-2018","Joo Ven Soong","Khosit Phetpradab",1,0.696919680239547
"MS",1,2,"sqrt",1658,"30-11-2018","Chia Hung Lu","Cheuk Yiu Lee",0,0.30322425647104
"MS",1,2,"sqrt",1664,"12-12-2018","Tien Chen CHOU","Anthony Sinisuka GINTING",1,0.674816680522592
"MS",1,2,"sqrt",1678,"08-01-2019","Chao Yu Kan","Adulrach Namkul",0,0.243234543168406
"MS",1,2,"sqrt",1679,"08-01-2019","Maxime Moreels","Haichao Liu",0,0.204963655262857
"MS",1,2,"sqrt",1684,"08-01-2019","Andre Marteen","Saran Jamsri",0,0.274735165587283
"MS",1,2,"sqrt",1687,"08-01-2019","Koki Watanabe","Elias Bracke",1,0.773549184691989
"MS",1,2,"sqrt",1700,"09-01-2019","Wing Ki Vincent Wong","Suppanyu Avihingsanon",1,0.4768262980151
"MS",1,2,"sqrt",1709,"10-01-2019","Subhankar Dey","Brice Leverdez",0,0.680967557288314
"MS",1,2,"sqrt",1726,"15-01-2019","Tanongsak Saensomboonsuk","Subhankar Dey",1,0.469526752905248
"MS",1,2,"sqrt",1730,"15-01-2019","Victor Svendsen","Wei Feng Chong",0,0.635939377878171
"MS",1,2,"sqrt",1740,"16-01-2019","Suppanyu Avihingsanon","Tzu Wei Wang",1,0.259262842136843
"MS",1,2,"sqrt",1742,"16-01-2019","Long Chen","Cheuk Yiu Lee",1,0.81229149071139
"MS",1,2,"sqrt",1745,"16-01-2019","Viktor Axelsen","Kazumasa Sakai",1,0.736059432108267
"MS",1,2,"sqrt",1746,"16-01-2019","Kento Momota","Kenta Nishimoto",1,0.593135358353198
"MS",1,2,"sqrt",1748,"17-01-2019","Wing Ki Vincent Wong","Srikanth Kidambi",1,0.292707991217936
"MS",1,2,"sqrt",1751,"17-01-2019","Long Chen","Jonatan Christie",1,0.737735619707265
"MS",1,2,"sqrt",1754,"17-01-2019","Kenta Nishimoto","Zii Jia Lee",0,0.397633972948164
"MS",1,2,"sqrt",1756,"18-01-2019","Long Chen","Anthony Sinisuka Ginting",1,0.783070186102823
"MS",1,2,"sqrt",1760,"19-01-2019","Viktor Axelsen","Long Chen",0,0.232298795377832
"MS",1,2,"sqrt",1765,"22-01-2019","Tanongsak Saensomboonsuk","Firman Abdul Kholik",0,0.619066107338592
"MS",1,2,"sqrt",1770,"22-01-2019","Shesar Hiren Rhustavito","Iskandar Zulkarnain",1,0.696597213954468
"MS",1,2,"sqrt",1779,"23-01-2019","Sitthikom Thammasin","Kazumasa Sakai",1,0.849119944234985
"MS",1,2,"sqrt",1787,"23-01-2019","Anders Antonsen","Wan Ho Son",0,0.256832809652185
"MS",1,2,"sqrt",1791,"24-01-2019","Shesar Hiren Rhustavito","Anders Antonsen",0,0.374794504733637
"MS",1,2,"sqrt",1793,"24-01-2019","Jonatan Christie","Yuqi Shi",1,0.474956250203255
"MS",1,2,"sqrt",1806,"19-02-2019","Kai Schaefer","Bernat Amaya",1,0.667240887724601
"MS",1,2,"sqrt",1820,"20-02-2019","Jan O Jorgensen","Kean Yew Loh",0,0.259740011884432
"MS",1,2,"sqrt",1822,"20-02-2019","Pengbo Ren","Ygor Coelho",1,0.869236364896856
"MS",1,2,"sqrt",1829,"20-02-2019","Iikka Heino","Subhankar Dey",1,0.404920762422226
"MS",1,2,"sqrt",1835,"21-02-2019","Tanongsak Saensomboonsuk","Rajiv Ouseph",0,0.544117339498445
"MS",1,2,"sqrt",1839,"21-02-2019","Kean Yew Loh","Kashyap Parupalli",0,0.774002384672275
"MS",1,2,"sqrt",1852,"26-02-2019","Thomas Rouxel","Kean Yew Loh",1,0.21462026928371
"MS",1,2,"sqrt",1864,"27-02-2019","Suppanyu Avihingsanon","Ka Long Angus Ng",0,0.363450963407922
"MS",1,2,"sqrt",1866,"27-02-2019","Tanongsak Saensomboonsuk","Hans-Kristian Solberg Vittinghus",0,0.367989215489138
"MS",1,2,"sqrt",1871,"27-02-2019","Kento Momota","Tzu Wei Wang",1,0.816678457302109
"MS",1,2,"sqrt",1882,"28-02-2019","Kento Momota","Brice Leverdez",0,0.881096498689904
"MS",1,2,"sqrt",1884,"01-03-2019","Kantaphon Wangcharoen","Kenta Nishimoto",0,0.305152265950639
"MS",1,2,"sqrt",1890,"03-03-2019","Kento Momota","Kenta Nishimoto",1,0.787431492215841
"MS",1,2,"sqrt",1897,"06-03-2019","Anthony Sinisuka Ginting","Ka Long Angus Ng",1,0.619185532659969
"MS",1,2,"sqrt",1898,"06-03-2019","B. Sai Praneeth","H. S. Prannoy",1,0.536719737531604
"MS",1,2,"sqrt",1899,"06-03-2019","Tien Chen Chou","Yuxiang Huang",1,0.662310021376646
"MS",1,2,"sqrt",1908,"07-03-2019","Guangzu Lu","Viktor Axelsen",0,0.321081298054519
"MS",1,2,"sqrt",1913,"07-03-2019","Kento Momota","Kantaphon Wangcharoen",1,0.80287462278597
"MS",1,2,"sqrt",1916,"08-03-2019","Kento Momota","Srikanth Kidambi",1,0.848355250033735
"MS",1,2,"sqrt",1918,"08-03-2019","Viktor Axelsen","Jan O Jorgensen",1,0.796214915252421
"MS",1,2,"sqrt",1919,"09-03-2019","Kento Momota","Ka Long Angus Ng",1,0.752255864043002
"MS",1,2,"sqrt",1923,"12-03-2019","Aaron Zhao","Ping-Hsien Huang",1,0.342067585060852
"MS",1,2,"sqrt",1933,"12-03-2019","Jhonatan Wu Zheng","Ping-Hsien Huang",0,0.173843370036312
"MS",1,2,"sqrt",1938,"12-03-2019","Chun-Yi Lin","Wei Chi Liu",1,0.427006086144702
"MS",1,2,"sqrt",1940,"12-03-2019","Joo Ven Soong","Chi Wing Lim",0,0.782492718108705
"MS",1,2,"sqrt",1944,"12-03-2019","Donghun Kim","Ikhsan Leonardo Imanuel Rumbay",1,0.401493761283232
"MS",1,2,"sqrt",1953,"13-03-2019","Ihsan Maulana Mustofa","Xiaodong Sheng",1,0.728499326228987
"MS",1,2,"sqrt",1958,"13-03-2019","Chia Hao Lee","Junpeng Zhao",1,0.323556222283707
"MS",1,2,"sqrt",1966,"13-03-2019","Lanxi Lei","Firman Abdul Kholik",1,0.514460751721296
"MS",1,2,"sqrt",1971,"14-03-2019","Haichao Liu","Ping-Hsien Huang",0,0.765415817321021
"MS",1,2,"sqrt",1976,"14-03-2019","Hongyang Weng","Chia Hao Lee",1,0.77802974010967
"MS",1,2,"sqrt",1979,"15-03-2019","Lakshya Sen","Zeqi Zhou",1,0.369921567510866
"MS",1,2,"sqrt",1980,"15-03-2019","Donghun Kim","Hongyang Weng",0,0.506766696409023
"MS",1,2,"sqrt",1984,"12-03-2019","Kai Schaefer","Felix Burestedt",1,0.367320128499184
"MS",1,2,"sqrt",1987,"12-03-2019","Kalle Koljonen","Luka Wraber",1,0.686694204750959
"MS",1,2,"sqrt",1993,"12-03-2019","Koki Watanabe","Kalle Koljonen",0,0.571847579498328
"MS",1,2,"sqrt",1999,"13-03-2019","Lucas Claerbout","Subhankar Dey",0,0.446689420084894
"MS",1,2,"sqrt",2005,"13-03-2019","Tommy Sugiarto","Mark Caljouw",0,0.608723465586772
"MS",1,2,"sqrt",2012,"14-03-2019","Subhankar Dey","Jonatan Christie",1,0.180399263571982
"MS",1,2,"sqrt",2015,"14-03-2019","Dan Lin","Dong Keun Lee",1,0.535693397649488
"MS",1,2,"sqrt",2018,"14-03-2019","Yu Hsien Lin","Lucas Corvee",1,0.555631397816227
"MS",1,2,"sqrt",2023,"15-03-2019","Subhankar Dey","Long Chen",0,0.271574030510934
"MS",1,2,"sqrt",2026,"17-03-2019","Yuqi Shi","B. Sai Praneeth",1,0.61413976747983
"MS",1,2,"sqrt",2027,"19-03-2019","Vladimir Nikulov","Christo Popov",0,0.300470300717921
"MS",1,2,"sqrt",2033,"19-03-2019","Ivan Rusev","Max Weisskirchen",0,0.667019901920409
"MS",1,2,"sqrt",2036,"19-03-2019","Shifeng Li","Sankeerth B. R.",1,0.674286298909176
"MS",1,2,"sqrt",2042,"19-03-2019","Chao Yu Kan","Julien Carraggi",1,0.40056727668042
"MS",1,2,"sqrt",2056,"19-03-2019","Ajay Jayaram","Georges Julien Paul",1,0.717151535049965
"MS",1,2,"sqrt",2057,"19-03-2019","Feixiang Sun","Lars Schaenzler",1,0.806701337045916
"MS",1,2,"sqrt",2062,"19-03-2019","Rosario Maddaloni","Henri Aarnio",1,0.530630225660445
"MS",1,2,"sqrt",2063,"19-03-2019","Christo Popov","Yu Hsien Lin",0,0.554647390564906
"MS",1,2,"sqrt",2069,"20-03-2019","Gergely Krausz","Koki Watanabe",1,0.186287557559581
"MS",1,2,"sqrt",2075,"20-03-2019","Feixiang Sun","Thomas Rouxel",0,0.727577441478169
"MS",1,2,"sqrt",2079,"20-03-2019","Yu Hsien Lin","Yu Igarashi",0,0.388944374862006
"MS",1,2,"sqrt",2083,"21-03-2019","Alex Lane","Shifeng Li",0,0.473189180337151
"MS",1,2,"sqrt",2087,"21-03-2019","Nhat Nguyen","Toma Junior Popov",0,0.592416464875406
"MS",1,2,"sqrt",2092,"22-03-2019","Luís Enrique Peñalver","Shifeng Li",0,0.283471374319148
"MS",1,2,"sqrt",2093,"22-03-2019","Gatjra Piliang Fiqihila Cupu","Koki Watanabe",0,0.171570483438179
"MS",1,2,"sqrt",2110,"27-03-2019","Sameer Verma","Rasmus Gemke",1,0.654847408441635
"MS",1,2,"sqrt",2118,"27-03-2019","Tanongsak Saensomboonsuk","Giap Chin Goh",1,0.577891200420947
"MS",1,2,"sqrt",2129,"28-03-2019","Tzu Wei Wang","Subhankar Dey",1,0.545037046710525
"MS",1,2,"sqrt",2136,"30-03-2019","Yuxiang Huang","Srikanth Kidambi",0,0.399137862257695
"MS",1,2,"sqrt",2147,"03-04-2019","Khosit Phetpradab","Dong Keun Lee",1,0.558382606828562
"MS",1,2,"sqrt",2149,"03-04-2019","Sitthikom Thammasin","H. S. Prannoy",1,0.391948604376852
"MS",1,2,"sqrt",2154,"03-04-2019","Suppanyu Avihingsanon","Zii Jia Lee",0,0.346078855033238
"MS",1,2,"sqrt",2155,"04-04-2019","Kento Momota","Jonatan Christie",0,0.744947003793047
"MS",1,2,"sqrt",2159,"04-04-2019","Long Chen","Kantaphon Wangcharoen",1,0.684847727841664
"MS",1,2,"sqrt",2160,"04-04-2019","Rasmus Gemke","Kenta Nishimoto",0,0.438924927137234
"MS",1,2,"sqrt",2170,"09-04-2019","June Wei Cheam","Kashyap Parupalli",1,0.130166906277177
"MS",1,2,"sqrt",2179,"09-04-2019","Shesar Hiren Rhustavito","Tanongsak Saensomboonsuk",0,0.801013347371038
"MS",1,2,"sqrt",2183,"10-04-2019","Jonatan Christie","Khosit Phetpradab",0,0.739286405001879
"MS",1,2,"sqrt",2200,"11-04-2019","Sameer Verma","Guangzu Lu",1,0.659398342619939
"MS",1,2,"sqrt",2207,"12-04-2019","Viktor Axelsen","Jonatan Christie",1,0.545472289537141
"MS",1,2,"sqrt",2208,"12-04-2019","Sameer Verma","Tien Chen Chou",1,0.288041800020736
"MS",1,2,"sqrt",2210,"13-04-2019","Anthony Sinisuka Ginting","Tien Chen Chou",0,0.577011889586308
"MS",1,2,"sqrt",2211,"13-04-2019","Kento Momota","Viktor Axelsen",1,0.618507077528665
"MS",1,2,"sqrt",2214,"30-04-2019","Teck Zhi Soo","Yehezkiel Fritz Mainaky",1,0.809423581940889
"MS",1,2,"sqrt",2216,"30-04-2019","Zvonimir Durkinjak","Pit Seng Low",1,0.687917543770998
"MS",1,2,"sqrt",2217,"30-04-2019","Joo Ven Soong","Henrikho Kho Wibowo",1,0.802475190571155
"MS",1,2,"sqrt",2221,"30-04-2019","Joo Ven Soong","Anthony Joe",1,0.677628872555657
"MS",1,2,"sqrt",2224,"30-04-2019","Wei Feng Chong","Zvonimir Durkinjak",1,0.692527056686623
"MS",1,2,"sqrt",2225,"01-05-2019","Kenta Nishimoto","Zii Jia Lee",0,0.47961495023307
"MS",1,2,"sqrt",2231,"01-05-2019","Anthony Sinisuka Ginting","Brice Leverdez",1,0.802028056069833
"MS",1,2,"sqrt",2233,"01-05-2019","Tzu Wei Wang","Lakshya Sen",1,0.227469065982952
"MS",1,2,"sqrt",2242,"02-05-2019","Zii Jia Lee","Kazumasa Sakai",1,0.727951318895546
"MS",1,2,"sqrt",2247,"02-05-2019","Sitthikom Thammasin","Kanta Tsuneyama",0,0.37641499860342
"MS",1,2,"sqrt",2258,"04-06-2019","Chico Aura Dwi Wardoyo","Hyun Il Lee",1,0.368584469120701
"MS",1,2,"sqrt",2260,"04-06-2019","Teck Zhi Soo","Lakshya Sen",0,0.153379938629544
"MS",1,2,"sqrt",2262,"04-06-2019","Yu Hsien Lin","Joo Ven Soong",0,0.294846878641203
"MS",1,2,"sqrt",2272,"05-06-2019","B. Sai Praneeth","Dong Keun Lee",1,0.707902001888737
"MS",1,2,"sqrt",2276,"05-06-2019","Wei Feng Chong","Kean Yew Loh",0,0.257438072744261
"MS",1,2,"sqrt",2277,"05-06-2019","Zii Jia Lee","Sameer Verma",1,0.338251191229548
"MS",1,2,"sqrt",2283,"05-06-2019","Suppanyu Avihingsanon","Kashyap Parupalli",0,0.27120906139457
"MS",1,2,"sqrt",2290,"06-06-2019","Dan Lin","Kashyap Parupalli",0,0.692189522518078
"MS",1,2,"sqrt",2291,"06-06-2019","Jonatan Christie","Tanongsak Saensomboonsuk",1,0.782537954751083
"MS",1,2,"sqrt",2293,"07-06-2019","Tzu Wei Wang","Kazumasa Sakai",1,0.618709816330047
"MS",1,2,"sqrt",2301,"02-07-2019","Mathieu Morneau","Xavier Laperriere",0,0.645055743084779
"MS",1,2,"sqrt",2312,"02-07-2019","Lucas Claerbout","Xiaodong Sheng",1,0.408979010154179
"MS",1,2,"sqrt",2313,"02-07-2019","Karan Rajan Rajarajan","Lino Munoz",1,0.541869075679392
"MS",1,2,"sqrt",2322,"02-07-2019","Yen-Yu Lee","Hai Chao Liu",0,0.271253231311508
"MS",1,2,"sqrt",2323,"02-07-2019","Imran Wadia","Chun-Yi Lin",0,0.423442178100067
"MS",1,2,"sqrt",2328,"03-07-2019","Kashyap Parupalli","Lucas Corvee",1,0.789536582847885
"MS",1,2,"sqrt",2334,"03-07-2019","Koki Watanabe","H. S. Prannoy",1,0.647100141311524
"MS",1,2,"sqrt",2335,"03-07-2019","Sourabh Verma","Sankeerth B. R.",1,0.763431485913775
"MS",1,2,"sqrt",2336,"03-07-2019","Tzu Wei Wang","Ygor Coelho",1,0.753565645025109
"MS",1,2,"sqrt",2339,"03-07-2019","Lakshya Sen","Hong Yang Weng",0,0.265689896787644
"MS",1,2,"sqrt",2340,"03-07-2019","Fei Xiang Sun","Chao Yu Kan",0,0.764732547342711
"MS",1,2,"sqrt",2342,"04-07-2019","Lan Xi Lei","Koki Watanabe",0,0.644878391710269
"MS",1,2,"sqrt",2343,"04-07-2019","Sheng Po Yu","Lucas Claerbout",0,0.273248568185477
"MS",1,2,"sqrt",2344,"04-07-2019","Kashyap Parupalli","Peng Bo Ren",0,0.680940644845228
"MS",1,2,"sqrt",2346,"04-07-2019","Tzu Wei Wang","Victor Svendsen",1,0.637956857314004
"MS",1,2,"sqrt",2347,"04-07-2019","Kwang Hee Heo","Chun-Yi Lin",0,0.635770176059757
"MS",1,2,"sqrt",2351,"05-07-2019","Shi Feng Li","Sourabh Verma",1,0.556709465543524
"MS",1,2,"sqrt",2359,"09-07-2019","Cesar Adonis Brito Gonzalez","Karan Rajan Rajarajan",0,0.381841557186017
"MS",1,2,"sqrt",2367,"09-07-2019","Fei Xiang Sun","Karan Rajan Rajarajan",1,0.774879207410724
"MS",1,2,"sqrt",2377,"10-07-2019","Sourabh Verma","Toby Penty",1,0.594733049429894
"MS",1,2,"sqrt",2385,"11-07-2019","Yu Hsien Lin","Chia Hao Lee",1,0.315593605646343
"MS",1,2,"sqrt",2387,"11-07-2019","Tanongsak Saensomboonsuk","Kazumasa Sakai",1,0.745857069442422
"MS",1,2,"sqrt",2389,"11-07-2019","Shi Feng Li","Chun-Yi Lin",1,0.444043631753726
"MS",1,2,"sqrt",2391,"11-07-2019","Lucas Corvee","Xiaodong Sheng",1,0.649547099800476
"MS",1,2,"sqrt",2392,"12-07-2019","Yu Hsien Lin","Lucas Corvee",1,0.797542842494988
"MS",1,2,"sqrt",2397,"13-07-2019","Chun-Yi Lin","Yu Hsien Lin",1,0.329325373872989
"MS",1,2,"sqrt",2399,"16-07-2019","Tzu Wei Wang","Hans-Kristian Solberg Vittinghus",0,0.450233206030191
"MS",1,2,"sqrt",2404,"16-07-2019","Anthony Sinisuka Ginting","Guang Zu Lu",1,0.758272202491235
"MS",1,2,"sqrt",2410,"17-07-2019","Yehezkiel Fritz Mainaky","Cheuk Yiu Lee",0,0.198686727698569
"MS",1,2,"sqrt",2411,"17-07-2019","B. Sai Praneeth","Wing Ki Vincent Wong",1,0.591207314451835
"MS",1,2,"sqrt",2413,"17-07-2019","H. S. Prannoy","Yu Qi Shi",0,0.651208641036794
"MS",1,2,"sqrt",2419,"18-07-2019","Kento Momota","Yu Xiang Huang",1,0.819052192635264
"MS",1,2,"sqrt",2422,"18-07-2019","Ka Long Angus Ng","Srikanth Kidambi",1,0.523596696329579
"MS",1,2,"sqrt",2424,"19-07-2019","Ka Long Angus Ng","Wing Ki Vincent Wong",0,0.656830455277158
"MS",1,2,"sqrt",2426,"19-07-2019","Yu Xiang Huang","Kantaphon Wangcharoen",0,0.241185389714269
"MS",1,2,"sqrt",2427,"20-07-2019","Kantaphon Wangcharoen","Tien Chen Chou",1,0.329886280836833
"MS",1,2,"sqrt",2428,"20-07-2019","Wing Ki Vincent Wong","Anders Antonsen",0,0.218081903145159
"MS",1,2,"sqrt",2434,"16-07-2019","Miha Ivanič","Daniel Fan",1,0.704455404927627
"MS",1,2,"sqrt",2439,"16-07-2019","Alexey Panov","Maksim Makalov",0,0.173462738759072
"MS",1,2,"sqrt",2447,"17-07-2019","Dai Watanabe","Vladimir Shipilenko",1,0.799127383467335
"MS",1,2,"sqrt",2452,"17-07-2019","Georgii Karpov","Shesar Hiren Rhustavito",0,0.260364785373139
"MS",1,2,"sqrt",2464,"19-07-2019","Pablo Abian","Shesar Hiren Rhustavito",0,0.306305350694701
"MS",1,2,"sqrt",2471,"23-07-2019","Long Chen","Kanta Tsuneyama",0,0.5087031908491
"MS",1,2,"sqrt",2472,"23-07-2019","B. Sai Praneeth","Kenta Nishimoto",1,0.565219204246062
"MS",1,2,"sqrt",2478,"23-07-2019","Wing Ki Vincent Wong","Yu Xiang Huang",1,0.725197376556514
"MS",1,2,"sqrt",2480,"24-07-2019","Khosit Phetpradab","Ka Long Angus Ng",0,0.163914514992693
"MS",1,2,"sqrt",2482,"24-07-2019","H. S. Prannoy","Srikanth Kidambi",1,0.177345795900408
"MS",1,2,"sqrt",2489,"25-07-2019","Wing Ki Vincent Wong","Tommy Sugiarto",0,0.386594861343148
"MS",1,2,"sqrt",2498,"26-07-2019","Tommy Sugiarto","B. Sai Praneeth",0,0.310168034525401
"MS",1,2,"sqrt",2503,"30-07-2019","Ajay Jayaram","Ze Qi Zhou",0,0.451878826886928
"MS",1,2,"sqrt",2508,"30-07-2019","Peng Bo Ren","Tanongsak Saensomboonsuk",1,0.231219416077422
"MS",1,2,"sqrt",2511,"30-07-2019","Chico Aura Dwi Wardoyo","Lucas Claerbout",1,0.570157440010449
"MS",1,2,"sqrt",2513,"30-07-2019","Peng Bo Ren","June Wei Cheam",1,0.667190695500655
"MS",1,2,"sqrt",2523,"31-07-2019","Dong Keun Lee","Tien Chen Chou",0,0.139281413622792
"MS",1,2,"sqrt",2537,"02-08-2019","Kenta Nishimoto","Tien Chen Chou",0,0.20268714677933
"MS",1,2,"sqrt",2543,"04-08-2019","Ka Long Angus Ng","Tien Chen Chou",1,0.276045883832503
"MS",1,2,"sqrt",2560,"06-08-2019","Talar Laa","Yee Han Chong",0,0.289437593788748
"MS",1,2,"sqrt",2564,"06-08-2019","Kiran George","Yu Peng Bai",0,0.623315888001751
"MS",1,2,"sqrt",2568,"06-08-2019","Kartikey Gulshan Kumar","Harsheel Dani",1,0.50992917580071
"MS",1,2,"sqrt",2572,"06-08-2019","Pannawit Thongnuam","Adulrach Namkul",0,0.567506521157175
"MS",1,2,"sqrt",2575,"06-08-2019","Sankeerth B. R.","Ihsan Maulana Mustofa",0,0.29091517148721
"MS",1,2,"sqrt",2576,"06-08-2019","Ikhsan Leonardo Imanuel Rumbay","Kaushal Dharmamer",0,0.597609303989172
"MS",1,2,"sqrt",2581,"07-08-2019","Aryamann Tandon","Kevin Arokia Walter",1,0.716957103249118
"MS",1,2,"sqrt",2585,"07-08-2019","Chico Aura Dwi Wardoyo","June Wei Cheam",1,0.52564828351321
"MS",1,2,"sqrt",2591,"07-08-2019","Jia Wei Tan","H. S. Prannoy",1,0.489631863162114
"MS",1,2,"sqrt",2606,"08-08-2019","Subhankar Dey","Chico Aura Dwi Wardoyo",1,0.571434878498441
"MS",1,2,"sqrt",2613,"11-08-2019","Kean Yew Loh","Sourabh Verma",1,0.332932439788177
"MS",1,2,"sqrt",2619,"13-08-2019","Teck Zhi Soo","Chun Kar Lung",1,0.646623894925829
"MS",1,2,"sqrt",2646,"18-08-2019","Yu Igarashi","Firman Abdul Kholik",0,0.36502085014393
"MS",1,2,"sqrt",2647,"03-09-2019","Li Yang Su","Chun-Yi Lin",0,0.294893367746949
"MS",1,2,"sqrt",2650,"03-09-2019","June Wei Cheam","Chi Ting Chen",1,0.513030046424409
"MS",1,2,"sqrt",2652,"03-09-2019","Hsuan Yi Hsueh","Sheng Po Yu",0,0.67405352851155
"MS",1,2,"sqrt",2654,"03-09-2019","Chih Chieh Yang","Chao Yu Kan",1,0.801418476174753
"MS",1,2,"sqrt",2661,"04-09-2019","Kwang Hee Heo","Tommy Sugiarto",0,0.603876897485283
"MS",1,2,"sqrt",2666,"04-09-2019","Cheuk Yiu Lee","Tanongsak Saensomboonsuk",0,0.319920908031528
"MS",1,2,"sqrt",2667,"04-09-2019","Dong Keun Lee","Wing Ki Vincent Wong",1,0.243047635232289
"MS",1,2,"sqrt",2671,"04-09-2019","Kazumasa Sakai","Sourabh Verma",0,0.233286184156967
"MS",1,2,"sqrt",2679,"05-09-2019","Lucas Corvee","Kwang Hee Heo",0,0.241362787235947
"MS",1,2,"sqrt",2685,"06-09-2019","Shesar Hiren Rhustavito","Tanongsak Saensomboonsuk",0,0.608826184682085
"MS",1,2,"sqrt",2695,"10-09-2019","Phakorn Chotphinit","Chacharit Yaowanit",1,0.519740386916435
"MS",1,2,"sqrt",2696,"10-09-2019","Jia Wei Tan","Teerapat Kleawan",1,0.540490665313011
"MS",1,2,"sqrt",2698,"10-09-2019","Jun Yan Ng","Yin Chak Chan",1,0.678722956010224
"MS",1,2,"sqrt",2702,"10-09-2019","Jun Hao Leong","Andre Marteen",1,0.843219521409503
"MS",1,2,"sqrt",2704,"10-09-2019","Hsuan Yi Hsueh","Tien Tuan Nguyen",1,0.718524969873343
"MS",1,2,"sqrt",2714,"11-09-2019","Ade Resky Dwicahyo","Lan Xi Lei",0,0.162198359963931
"MS",1,2,"sqrt",2715,"11-09-2019","Koki Watanabe","Miha Ivanič",1,0.834732465417475
"MS",1,2,"sqrt",2718,"11-09-2019","Azmy Qowimuramadhoni","Bagas Kristianto Nugroho",0,0.20002695436304
"MS",1,2,"sqrt",2726,"11-09-2019","Tien Minh Nguyen","Thomas Rouxel",1,0.684953268845604
"MS",1,2,"sqrt",2734,"12-09-2019","Lucas Corvee","Bagas Kristianto Nugroho",1,0.310964930619501
"MS",1,2,"sqrt",2742,"12-09-2019","Tien Minh Nguyen","Chico Aura Dwi Wardoyo",1,0.687952408029794
"MS",1,2,"sqrt",2745,"12-09-2019","Siril Verma","Lan Xi Lei",0,0.276496028841646
"MS",1,2,"sqrt",2748,"12-09-2019","Yu Igarashi","Sourabh Verma",0,0.274286108269921
"MS",1,2,"sqrt",2749,"12-09-2019","Shi Feng Li","Tien Minh Nguyen",0,0.569950696215438
"MS",1,2,"sqrt",2763,"17-09-2019","Wing Ki Vincent Wong","Tommy Sugiarto",0,0.265642284865789
"MS",1,2,"sqrt",2771,"18-09-2019","Suppanyu Avihingsanon","B. Sai Praneeth",1,0.340567659268954
"MS",1,2,"sqrt",2778,"19-09-2019","Long Chen","Tzu Wei Wang",1,0.829604944626379
"MS",1,2,"sqrt",2793,"24-09-2019","Chao Yu Kan","Chia Hung Lu",0,0.359915075421936
"MS",1,2,"sqrt",2800,"24-09-2019","Chia Hung Lu","Ze Qi Zhou",1,0.740815406488232
"MS",1,2,"sqrt",2801,"24-09-2019","Dong Keun Lee","Donghun Kim",0,0.42661535920605
"MS",1,2,"sqrt",2805,"25-09-2019","Suppanyu Avihingsanon","Zii Jia Lee",0,0.133179774795803
"MS",1,2,"sqrt",2806,"25-09-2019","Daren Liew","Dan Lin",1,0.395394462176374
"MS",1,2,"sqrt",2811,"25-09-2019","Khosit Phetpradab","Cheuk Yiu Lee",0,0.638642273347535
"MS",1,2,"sqrt",2818,"25-09-2019","Sitthikom Thammasin","Tien Chen Chou",0,0.0975784656613855
"MS",1,2,"sqrt",2826,"26-09-2019","Shesar Hiren Rhustavito","Guang Zu Lu",1,0.799922645640542
"MS",1,2,"sqrt",2829,"27-09-2019","Tzu Wei Wang","Jonatan Christie",0,0.592857648065955
"MS",1,2,"sqrt",2830,"27-09-2019","Shesar Hiren Rhustavito","Tien Chen Chou",0,0.331207210873365
"MS",1,2,"sqrt",2837,"01-10-2019","M. Enrico Giralda Harsari","Muhammad Aldo Apriyandi",0,0.298601804828867
"MS",1,2,"sqrt",2838,"01-10-2019","Md Tah M Ziyad","Nyoman Tryadnya Arya Kurniawan",0,0.708257456900526
"MS",1,2,"sqrt",2840,"01-10-2019","Muhammad Syafiq Iqbal Mohd Nadzri","Riyanto Subagja",0,0.318713705453955
"MS",1,2,"sqrt",2846,"01-10-2019","Wisnu Yuli Prasetyo","Galih Prasetyo Utomo",1,0.571897592099682
"MS",1,2,"sqrt",2849,"01-10-2019","Jovi Mikhael","Dimas Setiawan",1,0.597643185168402
"MS",1,2,"sqrt",2853,"01-10-2019","Md Tah M Ziyad","Aldy Firmanda",1,0.720440975254927
"MS",1,2,"sqrt",2857,"01-10-2019","Jovi Mikhael","Diviana Arya Ramanda Putra",1,0.52110356655837
"MS",1,2,"sqrt",2858,"01-10-2019","Jia Wei Tan","Yang Yang",1,0.677897859215401
"MS",1,2,"sqrt",2863,"01-10-2019","Lan Xi Lei","Giap Chin Goh",0,0.684121801802168
"MS",1,2,"sqrt",2870,"02-10-2019","Bagas Kristianto Nugroho","Alberto Alvin Yulianto",0,0.701349246062996
"MS",1,2,"sqrt",2875,"02-10-2019","Riyanto Subagja","Takuma Obayashi",0,0.275654926053101
"MS",1,2,"sqrt",2880,"02-10-2019","Handoko Yusuf Wijayanto","Hai Chao Liu",1,0.374990874687051
"MS",1,2,"sqrt",2882,"02-10-2019","Peng Bo Ren","Firman Abdul Kholik",0,0.590154386500522
"MS",1,2,"sqrt",2895,"03-10-2019","Panji Ahmad Maulana","Vicky Angga Saputra",0,0.288564215680758
"MS",1,2,"sqrt",2899,"04-10-2019","Tanongsak Saensomboonsuk","Peng Bo Ren",1,0.378929456199069
"MS",1,2,"sqrt",2902,"05-10-2019","Tanongsak Saensomboonsuk","Vicky Angga Saputra",0,0.598431210375827
"MS",1,2,"sqrt",2906,"08-10-2019","Jeppe Bruun","Collins Valentine Filimon",0,0.555816278043786
"MS",1,2,"sqrt",2909,"08-10-2019","Aram Mahmoud","Kiran George",0,0.344007821551332
"MS",1,2,"sqrt",2911,"08-10-2019","Joran Kweekel","Leo Rossi",1,0.372846407192091
"MS",1,2,"sqrt",2914,"08-10-2019","Jia Wei Tan","Michal Rogalski",0,0.476044808333432
"MS",1,2,"sqrt",2926,"08-10-2019","Leo Rossi","Mithun Manjunath",1,0.306817008992042
"MS",1,2,"sqrt",2934,"09-10-2019","Sameer Verma","Kiran George",0,0.570676815398929
"MS",1,2,"sqrt",2935,"09-10-2019","B.M.Rahul Bharadwaj","June Wei Cheam",1,0.46751543943911
"MS",1,2,"sqrt",2942,"09-10-2019","Mark Caljouw","Arnaud Merkle",0,0.526920566477871
"MS",1,2,"sqrt",2945,"10-10-2019","Sergey Sirant","Toby Penty",1,0.243325936252094
"MS",1,2,"sqrt",2947,"10-10-2019","B.M.Rahul Bharadwaj","Victor Svendsen",0,0.60483687216896
"MS",1,2,"sqrt",2950,"10-10-2019","Eetu Heino","Daniel Nikolov",0,0.665863492607914
"MS",1,2,"sqrt",2973,"16-10-2019","Guang Zu Lu","Tien Chen Chou",1,0.101301197692427
"MS",1,2,"sqrt",2993,"22-10-2019","Subhankar Dey","Tommy Sugiarto",1,0.285262162010288
"MS",1,2,"sqrt",2995,"22-10-2019","Yu Xiang Huang","Khosit Phetpradab",0,0.680975770876154
"MS",1,2,"sqrt",3005,"23-10-2019","Kenta Nishimoto","Sameer Verma",1,0.524249250498086
"MS",1,2,"sqrt",3008,"24-10-2019","Anthony Sinisuka Ginting","Yu Xiang Huang",1,0.856661864189404
"MS",1,2,"sqrt",3017,"25-10-2019","Viktor Axelsen","Ka Long Angus Ng",1,0.658684452357943
"MS",1,2,"sqrt",3023,"29-10-2019","Jeffrey Lam","Binghong Ye",0,0.14037417253297
"MS",1,2,"sqrt",3029,"29-10-2019","Xiaodong Sheng","Chia Hao Lee",1,0.524705115789456
"MS",1,2,"sqrt",3030,"29-10-2019","Yu Jen Chi","Wei Chi Liu",1,0.733003693434873
"MS",1,2,"sqrt",3031,"29-10-2019","Peng Bo Ren","Robert Mann",1,0.91480196671121
"MS",1,2,"sqrt",3033,"29-10-2019","Yin Chak Chan","Aidil Sholeh Ali Sadikin",1,0.443607451844304
"MS",1,2,"sqrt",3035,"30-10-2019","Jun Peng Zhao","Shi Feng Li",1,0.302803313701414
"MS",1,2,"sqrt",3044,"30-10-2019","Chun-Yi Lin","Wing Ki Vincent Wong",1,0.698559568954032
"MS",1,2,"sqrt",3046,"30-10-2019","Fei Xiang Sun","Ajay Jayaram",1,0.815478062569664
"MS",1,2,"sqrt",3050,"31-10-2019","Dong Keun Lee","Sitthikom Thammasin",0,0.272491586002259
"MS",1,2,"sqrt",3051,"31-10-2019","Brice Leverdez","Kodai Naraoka",0,0.48749601828847
"MS",1,2,"sqrt",3053,"31-10-2019","Xiaodong Sheng","Kunlavut Vitidsarn",0,0.390404816090121
"MS",1,2,"sqrt",3054,"31-10-2019","Fei Xiang Sun","Wan Ho Son",1,0.635588836078632
"MS",1,2,"sqrt",3058,"01-11-2019","Chico Aura Dwi Wardoyo","Fei Xiang Sun",0,0.109659468612877
"MS",1,2,"sqrt",3065,"29-10-2019","Innocenzo Santoro","Jonas Scheller",0,0.164456654192715
"MS",1,2,"sqrt",3069,"29-10-2019","Kiran George","Hai Chao Liu",1,0.544753223118882
"MS",1,2,"sqrt",3072,"29-10-2019","Joran Kweekel","Julien Carraggi",1,0.497388738869821
"MS",1,2,"sqrt",3074,"29-10-2019","Samuel Hsiao","Max Weisskirchen",1,0.452833840733515
"MS",1,2,"sqrt",3082,"29-10-2019","Joshua Magee","Felix Burestedt",1,0.44073010354223
"MS",1,2,"sqrt",3097,"30-10-2019","Joshua Magee","Toby Penty",0,0.294804417966331
"MS",1,2,"sqrt",3102,"31-10-2019","Lucas Corvee","Max Weisskirchen",0,0.426933650547259
"MS",1,2,"sqrt",3108,"01-11-2019","Max Weisskirchen","Lakshya Sen",0,0.188207827126307
"MS",1,2,"sqrt",3113,"02-11-2019","Kiran George","Lakshya Sen",1,0.192283182123347
"MS",1,2,"sqrt",3119,"05-11-2019","Rasmus Gemke","H. S. Prannoy",1,0.674476432536895
"MS",1,2,"sqrt",3124,"06-11-2019","Kantaphon Wangcharoen","Anders Antonsen",0,0.214918404259254
"MS",1,2,"sqrt",3136,"07-11-2019","Kenta Nishimoto","Tien Chen Chou",0,0.268037639916684
"MS",1,2,"sqrt",3137,"07-11-2019","Ka Long Angus Ng","Jan O Jorgensen",1,0.691557505014707
"MS",1,2,"sqrt",3138,"07-11-2019","Cheuk Yiu Lee","Jonatan Christie",1,0.0586874406718887
"MS",1,2,"sqrt",3143,"09-11-2019","Kento Momota","Rasmus Gemke",1,0.810857667484784
"MS",1,2,"sqrt",3149,"12-11-2019","Daren Liew","Yehezkiel Fritz Mainaky",1,0.827447638836433
"MS",1,2,"sqrt",3154,"12-11-2019","Lucas Claerbout","Sourabh Verma",0,0.350195006323795
"MS",1,2,"sqrt",3163,"13-11-2019","Viktor Axelsen","Wan Ho Son",1,0.784806624277582
"MS",1,2,"sqrt",3164,"13-11-2019","Ka Long Angus Ng","Anthony Sinisuka Ginting",1,0.391448447685007
"MS",1,2,"sqrt",3169,"13-11-2019","Hans-Kristian Solberg Vittinghus","Dan Lin",0,0.513181045840897
"MS",1,2,"sqrt",3171,"13-11-2019","Kantaphon Wangcharoen","Jan O Jorgensen",1,0.392087691855837
"MS",1,2,"sqrt",3184,"15-11-2019","Anthony Sinisuka Ginting","Tien Chen Chou",1,0.1790613823021
"MS",1,2,"sqrt",3193,"19-11-2019","Chun-Yi Lin","Ping-Hsien Huang",1,0.338027484078845
"MS",1,2,"sqrt",3200,"20-11-2019","Donghun Kim","Sourabh Verma",1,0.269260847641312
"MS",1,2,"sqrt",3202,"20-11-2019","Kanta Tsuneyama","Chia Hung Lu",1,0.741896159857702
"MS",1,2,"sqrt",3214,"20-11-2019","Shi Feng Li","Kunlavut Vitidsarn",0,0.499161627496272
"MS",1,2,"sqrt",3215,"21-11-2019","Srikanth Kidambi","Kanta Tsuneyama",0,0.344229010414981
"MS",1,2,"sqrt",3224,"22-11-2019","Donghun Kim","Kanta Tsuneyama",0,0.636484160781467
"MS",1,2,"sqrt",3234,"26-11-2019","Chirag Sen","B.M.Rahul Bharadwaj",1,0.500922517134042
"MS",1,2,"sqrt",3236,"26-11-2019","Shreyansh Jaiswal","Kevin Arokia Walter",1,0.69888699750879
"MS",1,2,"sqrt",3240,"26-11-2019","Chirag Sen","Ansal Yadav",0,0.406508475786614
"MS",1,2,"sqrt",3246,"27-11-2019","Alap Mishra","Georges Julien Paul",1,0.704162356259119
"MS",1,2,"sqrt",3250,"27-11-2019","Jun Peng Zhao","Nhat Nguyen",1,0.776927244562798
"MS",1,2,"sqrt",3254,"27-11-2019","Kwang Hee Heo","Kai Schaefer",1,0.646032268019603
"MS",1,2,"sqrt",3268,"30-11-2019","Tzu Wei Wang","Wan Ho Son",1,0.634329912371207
"MS",1,2,"sqrt",3271,"11-12-2019","Long Chen","Viktor Axelsen",0,0.852162300564682
"MS",1,2,"sqrt",3276,"12-12-2019","Tien Chen Chou","Viktor Axelsen",1,0.382529195940257
"MS",1,2,"sqrt",3281,"13-12-2019","Kento Momota","Jonatan Christie",1,0.869399620709797
"MS",1,2,"sqrt",3282,"13-12-2019","Anders Antonsen","Tzu Wei Wang",0,0.602303773657355
"MS",1,2,"sqrt",3286,"07-01-2020","Joo Ven Soong","Wing Ki Vincent Wong",0,0.855288850839573
"MS",1,2,"sqrt",3287,"07-01-2020","Daren Liew","Subhankar Dey",1,0.660919808749414
"MS",1,2,"sqrt",3289,"07-01-2020","Kwang Hee Heo","Khosit Phetpradab",1,0.697440557130227
"MS",1,2,"sqrt",3292,"07-01-2020","Lakshya Sen","Hans-Kristian Solberg Vittinghus",0,0.836454465615961
"MS",1,2,"sqrt",3295,"07-01-2020","Daren Liew","Jun Peng Zhao",1,0.666841182171253
"MS",1,2,"sqrt",3296,"07-01-2020","Kwang Hee Heo","Hans-Kristian Solberg Vittinghus",0,0.496996773973962
"MS",1,2,"sqrt",3297,"07-01-2020","Fei Xiang Sun","Dong Keun Lee",1,0.903367158193188
"MS",1,2,"sqrt",3306,"08-01-2020","Sameer Verma","Kantaphon Wangcharoen",1,0.490400589873264
"MS",1,2,"sqrt",3309,"08-01-2020","Anthony Sinisuka Ginting","Yu Xiang Huang",0,0.75161635344677
"MS",1,2,"sqrt",3319,"09-01-2020","Yu Qi Shi","Guang Zu Lu",1,0.610804471407421
"MS",1,2,"sqrt",3323,"10-01-2020","Zii Jia Lee","Yu Qi Shi",1,0.38590946257984
"MS",1,2,"sqrt",3330,"14-01-2020","Jun Peng Zhao","Khosit Phetpradab",1,0.806111464093222
"MS",1,2,"sqrt",3333,"14-01-2020","Brice Leverdez","Wing Ki Vincent Wong",1,0.827559706975835
"MS",1,2,"sqrt",3336,"14-01-2020","Hans-Kristian Solberg Vittinghus","Thomas Rouxel",1,0.622468718193856
"MS",1,2,"sqrt",3343,"15-01-2020","Viktor Axelsen","Dan Lin",1,0.833509265766073
"MS",1,2,"sqrt",3344,"15-01-2020","Jun Peng Zhao","Hans-Kristian Solberg Vittinghus",1,0.3382097308127
"MS",1,2,"sqrt",3351,"15-01-2020","Wan Ho Son","Anders Antonsen",0,0.257181842809928
"MS",1,2,"sqrt",3352,"15-01-2020","Jan O Jorgensen","Ka Long Angus Ng",0,0.464706829799363
"MS",1,2,"sqrt",3362,"16-01-2020","Kean Yew Loh","Jun Peng Zhao",0,0.223063839503175
"MS",1,2,"sqrt",3367,"17-01-2020","Yu Xiang Huang","Anthony Sinisuka Ginting",0,0.186110896155781
"MS",1,2,"sqrt",3372,"21-01-2020","Lucas Claerbout","Joo Ven Soong",0,0.394828720023437
"MS",1,2,"sqrt",3373,"21-01-2020","Chia Hung Lu","Adulrach Namkul",1,0.735561551710492
"MS",1,2,"sqrt",3377,"21-01-2020","Lucas Corvee","Nhat Nguyen",1,0.383106658972834
"MS",1,2,"sqrt",3379,"21-01-2020","Toma Junior Popov","Sergey Sirant",0,0.272561920326768
"MS",1,2,"sqrt",3382,"21-01-2020","Joo Ven Soong","Teck Zhi Soo",1,0.673293423715167
"MS",1,2,"sqrt",3387,"22-01-2020","Wan Ho Son","Shi Feng Li",0,0.583267844184228
"MS",1,2,"sqrt",3395,"22-01-2020","Tien Minh Nguyen","Jun Peng Zhao",0,0.310868180683893
"MS",1,2,"sqrt",3398,"22-01-2020","Vladimir Malkov","Kunlavut Vitidsarn",0,0.230680929505553
"MS",1,2,"sqrt",3401,"23-01-2020","Tzu Wei Wang","Jun Peng Zhao",0,0.660401697561575
"MS",1,2,"sqrt",3402,"23-01-2020","Shi Feng Li","Ka Long Angus Ng",0,0.22603588585475
"MS",1,2,"sqrt",3413,"25-01-2020","Ka Long Angus Ng","Yu Qi Shi",1,0.54937131564177
"MS",1,2,"sqrt",3414,"26-01-2020","Kenta Nishimoto","Ka Long Angus Ng",0,0.516698682152228
"MS",1,2,"sqrt",3415,"18-02-2020","Karan Rajan Rajarajan","Kari Gunnarsson",1,0.655257345815457
"MS",1,2,"sqrt",3429,"19-02-2020","Rasmus Gemke","Artem Pochtarov",1,0.833585391956017
"MS",1,2,"sqrt",3434,"19-02-2020","Felix Burestedt","Nhat Nguyen",0,0.363508138195656
"MS",1,2,"sqrt",3436,"19-02-2020","Kunlavut Vitidsarn","Jacob Nilsson",1,0.749483642663878
"MS",1,2,"sqrt",3437,"19-02-2020","Kai Schaefer","Misha Zilberman",1,0.361358691217602
"MS",1,2,"sqrt",3438,"19-02-2020","Sameer Verma","Lucas Claerbout",1,0.651362322915983
"MS",1,2,"sqrt",3443,"20-02-2020","Kai Schaefer","Sameer Verma",1,0.343098908877828
"MS",1,2,"sqrt",3450,"21-02-2020","Kunlavut Vitidsarn","Sameer Verma",1,0.59309878214369
"MS",1,2,"sqrt",3451,"21-02-2020","Viktor Axelsen","Jan O Jorgensen",1,0.870938082171924
"MS",1,2,"sqrt",3461,"11-03-2020","Kanta Tsuneyama","Kwang Hee Heo",0,0.592427228151117
"MS",1,2,"sqrt",3483,"14-03-2020","Zii Jia Lee","Viktor Axelsen",0,0.416672812521339
"MS",1,2,"sqrt",3489,"13-10-2020","Rasmus Gemke","Luís Enrique Peñalver",1,0.612315029411
"MS",1,2,"sqrt",3491,"13-10-2020","Max Weisskirchen","Timothy Lam",1,0.696140169203192
"MS",1,2,"sqrt",3493,"13-10-2020","Mark Caljouw","Kalle Koljonen",0,0.800128469549508
"MS",1,2,"sqrt",3498,"14-10-2020","Toma Junior Popov","Sankeerth B. R.",1,0.869003210096789
"MS",1,2,"sqrt",3502,"15-10-2020","Jason Anthony Ho-Shue","Srikanth Kidambi",0,0.191496966292313
"MS",1,2,"sqrt",3504,"15-10-2020","Kenta Nishimoto","Brice Leverdez",1,0.743238945054234
"MS",1,2,"sqrt",3509,"15-10-2020","Brian Yang","Max Weisskirchen",0,0.4679334258607
"MS",1,2,"sqrt",3514,"17-10-2020","Rasmus Gemke","Kenta Nishimoto",1,0.567317339070663
"MS",1,2,"sqrt",3522,"27-10-2020","Mads Christophersen","Julien Carraggi",1,0.774883393464114
"MS",1,2,"sqrt",3523,"27-10-2020","Jeppe Bruun","Albin Carl Hjelm",1,0.695698590831667
"MS",1,2,"sqrt",3544,"28-10-2020","Victor Svendsen","Luís Enrique Peñalver",1,0.515993818295046
"MS",1,2,"sqrt",3546,"29-10-2020","Victor Svendsen","Brian Yang",0,0.720149738644057
"MS",1,2,"sqrt",3547,"29-10-2020","Nhat Nguyen","Mark Caljouw",0,0.60177957412921
"MS",1,2,"sqrt",3549,"29-10-2020","Toma Junior Popov","Thomas Rouxel",1,0.616498850950627
"MS",1,2,"sqrt",3550,"29-10-2020","Ivan Rusev","Toby Penty",1,0.181753351209863
"MS",1,2,"sqrt",3552,"29-10-2020","Rasmus Gemke","Max Weisskirchen",1,0.506667237542188
"MS",1,2,"sqrt",3568,"13-01-2021","Brice Leverdez","Tzu Wei Wang",1,0.195340165690281
"MS",1,2,"sqrt",3574,"13-01-2021","Srikanth Kidambi","Sourabh Verma",1,0.653114955429696
"MS",1,2,"sqrt",3576,"14-01-2021","Anthony Sinisuka Ginting","Kunlavut Vitidsarn",1,0.785658726864814
"MS",1,2,"sqrt",3581,"14-01-2021","Cheuk Yiu Lee","Daren Liew",1,0.688076104383292
"MS",1,2,"sqrt",3586,"15-01-2021","Rasmus Gemke","Anthony Sinisuka Ginting",1,0.256681001396525
"MS",1,2,"sqrt",3587,"16-01-2021","Ka Long Angus Ng","Tien Chen Chou",1,0.327590489150362
"MS",1,2,"sqrt",3590,"19-01-2021","Srikanth Kidambi","Sitthikom Thammasin",1,0.711881227251937
"MS",1,2,"sqrt",3608,"21-01-2021","Sameer Verma","Rasmus Gemke",1,0.550066208585263
"MS",1,2,"sqrt",3613,"22-01-2021","Daren Liew","Viktor Axelsen",0,0.181014417126792
"MS",1,2,"sqrt",3626,"28-01-2021","Anders Antonsen","Ka Long Angus Ng",1,0.582191065454729
"MS",1,2,"sqrt",3631,"30-01-2021","Anders Antonsen","Tzu Wei Wang",0,0.734263191443058
"MS",1,2,"sqrt",3632,"30-01-2021","Viktor Axelsen","Tien Chen Chou",1,0.870815836302085
"MS",1,2,"sqrt",3637,"03-03-2021","Toma Junior Popov","Brian Yang",0,0.669639106597256
"MS",1,2,"sqrt",3638,"03-03-2021","Mark Caljouw","H. S. Prannoy",0,0.540885163080222
"MS",1,2,"sqrt",3642,"03-03-2021","Viktor Axelsen","Jason Anthony Ho-Shue",1,0.957401274430754
"MS",1,2,"sqrt",3659,"05-03-2021","Viktor Axelsen","Shesar Hiren Rhustavito",1,0.843385950519653
"MS",1,2,"sqrt",3660,"05-03-2021","Srikanth Kidambi","Kantaphon Wangcharoen",1,0.623061337372253
"MS",1,2,"sqrt",3661,"05-03-2021","Kunlavut Vitidsarn","Ajay Jayaram",1,0.780631811033518
"MS",1,2,"sqrt",3669,"17-03-2021","Srikanth Kidambi","Nhat Nguyen",1,0.442838157361327
"MS",1,2,"sqrt",3675,"17-03-2021","Ygor Coelho","Sameer Verma",0,0.185166923851738
"MS",1,2,"sqrt",3682,"18-03-2021","Thomas Rouxel","Lakshya Sen",0,0.375908049369115
"MS",1,2,"sqrt",3683,"18-03-2021","Nhat Nguyen","Mark Caljouw",0,0.457823158800284
"MS",1,2,"sqrt",3685,"18-03-2021","B. Sai Praneeth","Viktor Axelsen",0,0.227655359697382
"MS",1,2,"sqrt",3688,"19-03-2021","Sitthikom Thammasin","Viktor Axelsen",0,0.0287226134740205
"MS",1,2,"sqrt",3691,"20-03-2021","Zii Jia Lee","Mark Caljouw",1,0.769677474139435
"MS",1,2,"sqrt",3698,"23-03-2021","Yanis Gaudin","Valentin Singer",1,0.747487546490459
"MS",1,2,"sqrt",3705,"23-03-2021","Mohamed Abderrahime Belarbi","Thomas Fourcade",0,0.239164052879909
"MS",1,2,"sqrt",3707,"23-03-2021","Youcef Sabri Medel","Magnus Johannesen",0,0.223642007689977
"MS",1,2,"sqrt",3713,"23-03-2021","Martin Bundgaard","Thomas Fourcade",0,0.62974679268728
"MS",1,2,"sqrt",3714,"23-03-2021","Mads Thøgersen","Julien Carraggi",1,0.568085132489496
"MS",1,2,"sqrt",3718,"23-03-2021","Ajay Jayaram","Alap Mishra",1,0.503366518680238
"MS",1,2,"sqrt",3726,"23-03-2021","Joo Ven Soong","Johnnie Torjussen",1,0.697956112630377
"MS",1,2,"sqrt",3734,"24-03-2021","Srikanth Kidambi","Ajay Jayaram",1,0.598588027686437
"MS",1,2,"sqrt",3735,"24-03-2021","Ditlev Jaeger Holm","B.M.Rahul Bharadwaj",1,0.661226190720168
"MS",1,2,"sqrt",3736,"24-03-2021","H. S. Prannoy","Kiran George",0,0.644299211177508
"MS",1,2,"sqrt",3738,"24-03-2021","Thomas Rouxel","Harry Huang",0,0.498156715372081
"MS",1,2,"sqrt",3741,"24-03-2021","Mads Christophersen","Fabio Caponio",1,0.826142419581098
"MS",1,2,"sqrt",3751,"25-03-2021","Kiran George","Brice Leverdez",1,0.347934401243367
"MS",1,2,"sqrt",3756,"26-03-2021","Srikanth Kidambi","Toma Junior Popov",0,0.495504721341476
"MS",1,2,"sqrt",3757,"26-03-2021","Ditlev Jaeger Holm","Hans-Kristian Solberg Vittinghus",0,0.218563356083174
"MS",1,2,"time_weighted",1,"09-01-2018","Jun Hao Leong","Kantawat Leelavechabutr",1,0.24077120962413
"MS",1,2,"time_weighted",4,"09-01-2018","Mithun Manjunath","Henrikho Kho Wibowo",1,0.561972406028752
"MS",1,2,"time_weighted",5,"09-01-2018","Chirag Sen","Hashiru Shimono",0,0.290333062574057
"MS",1,2,"time_weighted",6,"09-01-2018","Shreyansh Jaiswal","Fikri Ihsandi Hadmadi",0,0.451737718646365
"MS",1,2,"time_weighted",10,"09-01-2018","Teck Zhi Soo","Jun Hao Leong",0,0.43671080102343
"MS",1,2,"time_weighted",11,"09-01-2018","Mithun Manjunath","Hashiru Shimono",0,0.405448328030306
"MS",1,2,"time_weighted",14,"10-01-2018","Thomas Rouxel","Kantaphon Wangcharoen",0,0.454151247448331
"MS",1,2,"time_weighted",23,"10-01-2018","Daren Liew","Khosit Phetpradab",0,0.577096940033688
"MS",1,2,"time_weighted",34,"11-01-2018","Nan Wei","Daren Liew",0,0.417818902833819
"MS",1,2,"time_weighted",36,"11-01-2018","Pannawit Thongnuam","Tommy Sugiarto",0,0.438253633850296
"MS",1,2,"time_weighted",50,"16-01-2018","Kashyap Parupalli","Kantaphon Wangcharoen",0,0.304500070538642
"MS",1,2,"time_weighted",55,"17-01-2018","Tien Chen Chou","Jonatan Christie",0,0.303723690059296
"MS",1,2,"time_weighted",57,"17-01-2018","Hans-Kristian Solberg Vittinghus","Wing Ki Vincent Wong",1,0.702149179451296
"MS",1,2,"time_weighted",60,"17-01-2018","Hyeok Jin Jeon","Tommy Sugiarto",0,0.414633748961082
"MS",1,2,"time_weighted",68,"17-01-2018","Yuxiang Huang","Rasmus Gemke",1,0.687933875874215
"MS",1,2,"time_weighted",70,"17-01-2018","Kantaphon Wangcharoen","B. Sai Praneeth",0,0.345971050261473
"MS",1,2,"time_weighted",71,"18-01-2018","Hans-Kristian Solberg Vittinghus","Tzu Wei Wang",1,0.411151156215594
"MS",1,2,"time_weighted",82,"19-01-2018","Daren Liew","Suppanyu Avihingsanon",1,0.638921861174978
"MS",1,2,"time_weighted",94,"23-01-2018","Vega Vio Nirwanda","Sony Dwi Kuncoro",0,0.520001773838936
"MS",1,2,"time_weighted",96,"23-01-2018","Kantaphon Wangcharoen","Saputra Vicky Angga",1,0.75654182509381
"MS",1,2,"time_weighted",97,"23-01-2018","Shesar Hiren Rhustavito","Kim Bruun",0,0.71689493384127
"MS",1,2,"time_weighted",98,"24-01-2018","Viktor Axelsen","Jen Hao Hsu",1,0.78958092401519
"MS",1,2,"time_weighted",100,"24-01-2018","Ihsan Maulana Mustofa","Rasmus Gemke",0,0.661058950554222
"MS",1,2,"time_weighted",104,"24-01-2018","Shesar Hiren Rhustavito","Tommy Sugiarto",0,0.32556460995919
"MS",1,2,"time_weighted",105,"24-01-2018","Ka Long Angus Ng","Sony Dwi Kuncoro",0,0.470524609256825
"MS",1,2,"time_weighted",111,"24-01-2018","Lucas Corvee","Tien Chen Chou",0,0.735923319567686
"MS",1,2,"time_weighted",117,"25-01-2018","Sony Dwi Kuncoro","Tommy Sugiarto",1,0.610020915931317
"MS",1,2,"time_weighted",118,"25-01-2018","Hans-Kristian Solberg Vittinghus","Wei Feng Chong",0,0.652133889252355
"MS",1,2,"time_weighted",127,"27-01-2018","Kazumasa Sakai","Wan Ho Son",0,0.473408962775083
"MS",1,2,"time_weighted",135,"30-01-2018","Shreyansh Jaiswal","Karan Rajan Rajarajan",1,0.584453065397025
"MS",1,2,"time_weighted",136,"30-01-2018","Abhishek Yelegar","Ajay Kumar K.",1,0.611357410519752
"MS",1,2,"time_weighted",137,"30-01-2018","Kartikey Gulshan Kumar","Bodhit Joshi",0,0.637211945888877
"MS",1,2,"time_weighted",138,"30-01-2018","Siddharth Pratap Singh","Iskandar Zulkarnain",0,0.602842658062227
"MS",1,2,"time_weighted",144,"31-01-2018","Vladimir Malkov","Nan Wei",1,0.596287274302494
"MS",1,2,"time_weighted",158,"01-02-2018","Shreyansh Jaiswal","Kashyap Parupalli",0,0.624435998986763
"MS",1,2,"time_weighted",167,"02-02-2018","Bin Qiao","Kashyap Parupalli",1,0.693145762599641
"MS",1,2,"time_weighted",175,"20-02-2018","Riichi Takeshita","Michal Rogalski",1,0.558210579264389
"MS",1,2,"time_weighted",178,"20-02-2018","Luís Enrique Peñalver","Yusuke Onodera",1,0.396698222873465
"MS",1,2,"time_weighted",183,"20-02-2018","Luís Enrique Peñalver","Arnaud Merkle",0,0.475106768893823
"MS",1,2,"time_weighted",185,"21-02-2018","Kantaphon Wangcharoen","Kai Schaefer",1,0.594942693325563
"MS",1,2,"time_weighted",188,"21-02-2018","Christian Kirchmayr","Kento Momota",0,0.267374615355803
"MS",1,2,"time_weighted",190,"21-02-2018","Thomas Rouxel","Sameer Verma",0,0.398127796798319
"MS",1,2,"time_weighted",209,"23-02-2018","Koki Watanabe","Lucas Corvee",1,0.366459679782202
"MS",1,2,"time_weighted",218,"06-03-2018","David Peng","Wolfgang Gnedt",0,0.577124470248808
"MS",1,2,"time_weighted",222,"06-03-2018","Alexander Roovers","Junpeng Zhao",0,0.543981313224192
"MS",1,2,"time_weighted",228,"07-03-2018","Suppanyu Avihingsanon","Jen Hao Hsu",1,0.697723284618451
"MS",1,2,"time_weighted",239,"07-03-2018","Vladimir Malkov","Dan Lin",0,0.31698253782262
"MS",1,2,"time_weighted",250,"08-03-2018","Kanta Tsuneyama","Dan Lin",0,0.5764872649019
"MS",1,2,"time_weighted",268,"14-03-2018","Jen Hao Hsu","Khosit Phetpradab",0,0.383737822398181
"MS",1,2,"time_weighted",274,"15-03-2018","Dong Keun Lee","Chong Wei Lee",1,0.254900084824679
"MS",1,2,"time_weighted",277,"15-03-2018","Tzu Wei Wang","Dan Lin",0,0.352221763699308
"MS",1,2,"time_weighted",286,"17-03-2018","Wan Ho Son","Yuqi Shi",0,0.298237177231649
"MS",1,2,"time_weighted",288,"18-03-2018","Yuqi Shi","Dan Lin",0,0.686905328601306
"MS",1,2,"time_weighted",293,"27-03-2018","Toma Junior Popov","Samuel Hsiao",0,0.387866058211999
"MS",1,2,"time_weighted",294,"27-03-2018","Aneeth Kumar Repudi","Shinsai Deslauriers",1,0.367567474539539
"MS",1,2,"time_weighted",295,"27-03-2018","Hugo Jardim","Remi Rossi",0,0.154899444805838
"MS",1,2,"time_weighted",296,"27-03-2018","Marc Laporte","Hardik Makkar",0,0.321764576646846
"MS",1,2,"time_weighted",314,"27-03-2018","Henri Aarnio","Adam Mendrek",1,0.752292335907234
"MS",1,2,"time_weighted",319,"27-03-2018","Milan Dratva","Eetu Heino",0,0.424456954238777
"MS",1,2,"time_weighted",320,"27-03-2018","Remi Rossi","Karan Rajan Rajarajan",1,0.73915134557644
"MS",1,2,"time_weighted",330,"28-03-2018","Remi Rossi","Joshua Magee",0,0.288593598650636
"MS",1,2,"time_weighted",358,"10-04-2018","Wei Chi Liu","Misha Zilberman",0,0.445188646704755
"MS",1,2,"time_weighted",362,"10-04-2018","Jiahao Yu","Yu Jen Chi",0,0.278258136321865
"MS",1,2,"time_weighted",364,"10-04-2018","Shumin Liu","Qin Zheng",1,0.653789857699131
"MS",1,2,"time_weighted",370,"10-04-2018","Yun Kyu Lee","Guangzu Lu",0,0.397071593340271
"MS",1,2,"time_weighted",372,"11-04-2018","Jen Hao Hsu","Chico Aura Dwi Wardoyo",0,0.51926915177648
"MS",1,2,"time_weighted",377,"11-04-2018","Young Woong Ha","Zeqi Zhou",0,0.354475523270153
"MS",1,2,"time_weighted",381,"11-04-2018","Haichao Liu","Pannawit Thongnuam",0,0.603205150306218
"MS",1,2,"time_weighted",387,"11-04-2018","Yupeng Bai","Daren Liew",0,0.263201454930617
"MS",1,2,"time_weighted",408,"01-05-2018","Pengbo Ren","Riichi Takeshita",0,0.388994036138426
"MS",1,2,"time_weighted",409,"01-05-2018","Pit Seng Low","Zeqi Zhou",0,0.304961041154297
"MS",1,2,"time_weighted",410,"01-05-2018","Guangzu Lu","Kwang Hee Heo",0,0.458927992303121
"MS",1,2,"time_weighted",417,"02-05-2018","Kwang Hee Heo","Firman Abdul Kholik",1,0.551696935944559
"MS",1,2,"time_weighted",423,"02-05-2018","Yu Igarashi","Wei Feng Chong",1,0.516126263723961
"MS",1,2,"time_weighted",424,"02-05-2018","Sameer Verma","Sony Dwi Kuncoro",1,0.814248260732952
"MS",1,2,"time_weighted",439,"04-05-2018","Dan Lin","Sameer Verma",1,0.476642669170588
"MS",1,2,"time_weighted",440,"04-05-2018","Niluka Karunaratne","B. Sai Praneeth",0,0.218249926929174
"MS",1,2,"time_weighted",453,"08-05-2018","Yehezkiel Fritz Mainaky","Robert Mann",1,0.693833119869007
"MS",1,2,"time_weighted",456,"08-05-2018","Yang Shen","Riichi Takeshita",0,0.155039553175041
"MS",1,2,"time_weighted",457,"09-05-2018","Misha Zilberman","B. Sai Praneeth",0,0.286856550822689
"MS",1,2,"time_weighted",458,"09-05-2018","Niluka Karunaratne","Zeqi Zhou",0,0.38785785082063
"MS",1,2,"time_weighted",466,"09-05-2018","Wei Feng Chong","Koki Watanabe",0,0.710621049400038
"MS",1,2,"time_weighted",467,"09-05-2018","Ajay Jayaram","Riichi Takeshita",0,0.433549235112906
"MS",1,2,"time_weighted",469,"09-05-2018","June Wei Cheam","Yehezkiel Fritz Mainaky",1,0.555879558982718
"MS",1,2,"time_weighted",482,"11-05-2018","Tommy Sugiarto","Zeqi Zhou",0,0.340449591250577
"MS",1,2,"time_weighted",483,"11-05-2018","Cheuk Yiu Lee","B. Sai Praneeth",1,0.473411742460446
"MS",1,2,"time_weighted",485,"12-05-2018","Zeqi Zhou","Cheuk Yiu Lee",1,0.653797314007438
"MS",1,2,"time_weighted",494,"12-06-2018","Hin Shun Wong","Phillips Jap",0,0.363481886213761
"MS",1,2,"time_weighted",505,"13-06-2018","Guangzu Lu","Tien Minh Nguyen",1,0.556922637608264
"MS",1,2,"time_weighted",507,"13-06-2018","Toby Penty","Kwang Hee Heo",0,0.416867157700996
"MS",1,2,"time_weighted",526,"15-06-2018","Ajay Jayaram","Kwang Hee Heo",1,0.445375620313244
"MS",1,2,"time_weighted",527,"15-06-2018","Dong Keun Lee","Kantaphon Wangcharoen",1,0.459817910434255
"MS",1,2,"time_weighted",533,"19-06-2018","Bo Zhao","Johnathan Akin-Mulrooney",0,0.42473373738445
"MS",1,2,"time_weighted",542,"19-06-2018","Joshua Hurlburt-Yu","Johnathan Akin-Mulrooney",1,0.604456198292015
"MS",1,2,"time_weighted",544,"19-06-2018","Minoru Koga","Kevin Lee",1,0.739958854614206
"MS",1,2,"time_weighted",562,"20-06-2018","Guangzu Lu","Yun Kyu Lee",1,0.732908596697282
"MS",1,2,"time_weighted",566,"20-06-2018","Max Weisskirchen","Jacob Nilsson",1,0.634730127177938
"MS",1,2,"time_weighted",570,"20-06-2018","Sankeerth B. R.","Niluka Karunaratne",0,0.202150737333867
"MS",1,2,"time_weighted",573,"20-06-2018","Kok Hong Woon","Guoxing Huang",0,0.565224541793555
"MS",1,2,"time_weighted",575,"20-06-2018","Dong Keun Lee","Cao Cuong Pham",0,0.585493278593089
"MS",1,2,"time_weighted",577,"20-06-2018","Young Woong Ha","Toby Penty",0,0.435068127511026
"MS",1,2,"time_weighted",581,"21-06-2018","Max Weisskirchen","Kwang Hee Heo",1,0.425072488961743
"MS",1,2,"time_weighted",582,"21-06-2018","Cao Cuong Pham","Guoxing Huang",1,0.31699730800067
"MS",1,2,"time_weighted",585,"21-06-2018","Takuma Obayashi","Toby Penty",0,0.459474063484566
"MS",1,2,"time_weighted",588,"22-06-2018","Toby Penty","Guangzu Lu",1,0.246430446878328
"MS",1,2,"time_weighted",592,"26-06-2018","Viktor Axelsen","Khosit Phetpradab",0,0.728990490911733
"MS",1,2,"time_weighted",596,"26-06-2018","Anders Antonsen","Tanongsak Saensomboonsuk",0,0.314099896340004
"MS",1,2,"time_weighted",600,"27-06-2018","Anthony Sinisuka Ginting","Kento Momota",0,0.718104415677242
"MS",1,2,"time_weighted",607,"27-06-2018","Jonatan Christie","Daren Liew",1,0.581294308140729
"MS",1,2,"time_weighted",617,"29-06-2018","Viktor Axelsen","Chong Wei Lee",0,0.576700581523602
"MS",1,2,"time_weighted",622,"01-07-2018","Chong Wei Lee","Kento Momota",1,0.584651994761606
"MS",1,2,"time_weighted",623,"03-07-2018","Kanta Tsuneyama","Jan O Jorgensen",1,0.251597725991073
"MS",1,2,"time_weighted",636,"04-07-2018","Hyun Il Lee","Kantaphon Wangcharoen",1,0.291624643805441
"MS",1,2,"time_weighted",639,"05-07-2018","Anthony Sinisuka Ginting","Kento Momota",0,0.347777628683949
"MS",1,2,"time_weighted",640,"05-07-2018","Anders Antonsen","Chong Wei Lee",0,0.141381482039672
"MS",1,2,"time_weighted",652,"07-07-2018","Kento Momota","Chong Wei Lee",1,0.544052926070306
"MS",1,2,"time_weighted",662,"10-07-2018","Shreyansh Jaiswal","Guangzu Lu",0,0.108612271357043
"MS",1,2,"time_weighted",664,"10-07-2018","Sony Dwi Kuncoro","Kartikey Gulshan Kumar",1,0.782078459846116
"MS",1,2,"time_weighted",669,"11-07-2018","Rajiv Ouseph","Yun Hu",0,0.595166590146923
"MS",1,2,"time_weighted",674,"11-07-2018","Jen Hao Hsu","Kenta Nishimoto",0,0.131355160176967
"MS",1,2,"time_weighted",678,"11-07-2018","Tanongsak Saensomboonsuk","Sameer Verma",1,0.469063035199886
"MS",1,2,"time_weighted",680,"11-07-2018","Sitthikom Thammasin","Toby Penty",1,0.407069539591411
"MS",1,2,"time_weighted",686,"12-07-2018","Wei Feng Chong","Yuxiang Huang",0,0.286389956630882
"MS",1,2,"time_weighted",694,"14-07-2018","Suppanyu Avihingsanon","Tommy Sugiarto",0,0.243091405660218
"MS",1,2,"time_weighted",695,"14-07-2018","Kanta Tsuneyama","Sony Dwi Kuncoro",0,0.572959418585466
"MS",1,2,"time_weighted",698,"17-07-2018","Kai Schaefer","Firman Abdul Kholik",1,0.384430830316703
"MS",1,2,"time_weighted",700,"17-07-2018","Rosario Maddaloni","R. M. V. Gurusaidutt",0,0.124823259112669
"MS",1,2,"time_weighted",703,"17-07-2018","Chia Hung Lu","Rahul Yadav Chittaboina",1,0.38384698066599
"MS",1,2,"time_weighted",715,"18-07-2018","Firman Abdul Kholik","Ihsan Maulana Mustofa",0,0.631438239004375
"MS",1,2,"time_weighted",720,"18-07-2018","Cheuk Yiu Lee","Khosit Phetpradab",0,0.696412909007445
"MS",1,2,"time_weighted",729,"19-07-2018","Yu Igarashi","Bin Qiao",0,0.34817511519033
"MS",1,2,"time_weighted",734,"20-07-2018","Tien Chen Chou","Hyun Il Lee",1,0.694211280156921
"MS",1,2,"time_weighted",735,"20-07-2018","Jen Hao Hsu","Yuxiang Huang",0,0.534644107289427
"MS",1,2,"time_weighted",737,"21-07-2018","Tien Chen Chou","Bin Qiao",0,0.717103399545065
"MS",1,2,"time_weighted",741,"24-07-2018","Jeffrey Lam","Pratul Joshi",0,0.309068211823024
"MS",1,2,"time_weighted",742,"24-07-2018","Elias Bracke","Mithun Manjunath",0,0.326487089454994
"MS",1,2,"time_weighted",743,"24-07-2018","Gergely Krausz","Koji Naito",0,0.32043942713274
"MS",1,2,"time_weighted",747,"24-07-2018","Eetu Heino","Sergey Sirant",1,0.358833556136215
"MS",1,2,"time_weighted",750,"24-07-2018","Ilya Goncharov","Chun Kar Lung",1,0.403102491942878
"MS",1,2,"time_weighted",763,"25-07-2018","Siddharth Pratap Singh","Bodhit Joshi",1,0.749380642133947
"MS",1,2,"time_weighted",764,"25-07-2018","Misha Zilberman","Pratul Joshi",0,0.595232840964607
"MS",1,2,"time_weighted",776,"27-07-2018","Subhankar Dey","Vladimir Malkov",0,0.416578648989557
"MS",1,2,"time_weighted",777,"27-07-2018","Misha Zilberman","Sourabh Verma",0,0.357655023397031
"MS",1,2,"time_weighted",778,"27-07-2018","Koki Watanabe","Ryotaro Maruo",1,0.627075273590796
"MS",1,2,"time_weighted",780,"28-07-2018","Mithun Manjunath","Sourabh Verma",0,0.248799880914657
"MS",1,2,"time_weighted",788,"24-07-2018","Yu Jen Chi","Riichi Takeshita",0,0.226749515974203
"MS",1,2,"time_weighted",789,"24-07-2018","Muhammad Bayu Pangisthu","Hashiru Shimono",0,0.32816986691403
"MS",1,2,"time_weighted",793,"24-07-2018","Chih Chieh Yang","Takuma Obayashi",1,0.634546234676352
"MS",1,2,"time_weighted",795,"24-07-2018","Yiming Xu","Yun Kyu Lee",0,0.574959687257766
"MS",1,2,"time_weighted",798,"25-07-2018","Kuei Chun Shih","Panji Ahmad Maulana",0,0.32762249589218
"MS",1,2,"time_weighted",801,"25-07-2018","Hashiru Shimono","Ratnajit Tamang",1,0.500251937579822
"MS",1,2,"time_weighted",807,"25-07-2018","Sitthikom Thammasin","Kodai Naraoka",1,0.738749997744776
"MS",1,2,"time_weighted",808,"25-07-2018","Chih Chieh Yang","Ching Wei Chen",1,0.600102771413706
"MS",1,2,"time_weighted",809,"25-07-2018","Yiming Xu","Takuma Ueda",0,0.345625367622956
"MS",1,2,"time_weighted",824,"28-07-2018","Sitthikom Thammasin","Jan O Jorgensen",1,0.528541399746576
"MS",1,2,"time_weighted",830,"07-08-2018","Phone Pyae Naing","Seng Zoe Yeoh",1,0.386862004364089
"MS",1,2,"time_weighted",832,"07-08-2018","Thanh Long Truong","En Chia Chang",0,0.414750131344086
"MS",1,2,"time_weighted",833,"07-08-2018","Vincent Cheng Wei Phuah","Yu-Hua Lai",0,0.457674868459533
"MS",1,2,"time_weighted",834,"07-08-2018","Chirag Sen","Chun-Yi Lin",1,0.226817452869996
"MS",1,2,"time_weighted",842,"07-08-2018","Vijetha N. V. S.","Saran Jamsri",0,0.305757611907776
"MS",1,2,"time_weighted",843,"07-08-2018","Simon Wang","Gatjra Piliang Fiqihila Cupu",0,0.359129179449692
"MS",1,2,"time_weighted",845,"07-08-2018","Satheishtharan Ramachandran","Kuei Chun Shih",0,0.321528791999643
"MS",1,2,"time_weighted",849,"07-08-2018","Chun-Yi Lin","Siril Verma",0,0.289693231608505
"MS",1,2,"time_weighted",850,"07-08-2018","Duc Phat Le","Ajay Jayaram",0,0.374988870780511
"MS",1,2,"time_weighted",855,"07-08-2018","Tien Minh Nguyen","Henrikho Kho Wibowo",1,0.720322549563303
"MS",1,2,"time_weighted",859,"07-08-2018","June Wei Cheam","Kantawat Leelavechabutr",0,0.459635875522494
"MS",1,2,"time_weighted",867,"08-08-2018","Cao Cuong Pham","Hsuan Yi Hsueh",0,0.334838048827885
"MS",1,2,"time_weighted",873,"08-08-2018","Shesar Hiren Rhustavito","Pablo Abian",1,0.784266756597927
"MS",1,2,"time_weighted",874,"08-08-2018","Xiaodong Sheng","Sergey Sirant",1,0.479193389419441
"MS",1,2,"time_weighted",876,"08-08-2018","Zeqi Zhou","Joo Ven Soong",0,0.740242787257839
"MS",1,2,"time_weighted",885,"09-08-2018","Mithun Manjunath","Adulrach Namkul",1,0.576866665521175
"MS",1,2,"time_weighted",886,"09-08-2018","Zeqi Zhou","Wei Feng Chong",1,0.357706697494494
"MS",1,2,"time_weighted",888,"09-08-2018","Tien Minh Nguyen","Sitthikom Thammasin",1,0.461082794991476
"MS",1,2,"time_weighted",889,"10-08-2018","Tien Minh Nguyen","Shesar Hiren Rhustavito",0,0.614559877568114
"MS",1,2,"time_weighted",890,"10-08-2018","Hsuan Yi Hsueh","Yu Igarashi",0,0.328118254448349
"MS",1,2,"time_weighted",892,"10-08-2018","Zeqi Zhou","Mithun Manjunath",0,0.653017685909754
"MS",1,2,"time_weighted",899,"28-08-2018","Mathew Fogarty","Joshua Magee",0,0.159950080465136
"MS",1,2,"time_weighted",927,"30-08-2018","Misha Zilberman","Rasmus Messerschmidt",1,0.355400693485699
"MS",1,2,"time_weighted",929,"30-08-2018","Kalle Koljonen","Victor Svendsen",1,0.374198596887006
"MS",1,2,"time_weighted",945,"04-09-2018","Andrew Susanto","Yash Yogi",0,0.571389793448266
"MS",1,2,"time_weighted",949,"04-09-2018","Aneeth Kumar Repudi","Vijetha N. V. S.",0,0.749949453679355
"MS",1,2,"time_weighted",953,"04-09-2018","Seong Hyun Son","Arintap Das Gupta",1,0.455732366855581
"MS",1,2,"time_weighted",967,"04-09-2018","Vicky Angga Saputra","Ajay Jayaram",1,0.378291645078385
"MS",1,2,"time_weighted",968,"04-09-2018","Adrian George","Chico Aura Dwi Wardoyo",0,0.221511894566015
"MS",1,2,"time_weighted",979,"05-09-2018","Aryamann Tandon","Pratul Joshi",0,0.622776016217741
"MS",1,2,"time_weighted",983,"05-09-2018","Joo Ven Soong","Mithun Manjunath",1,0.546430839576816
"MS",1,2,"time_weighted",994,"06-09-2018","R. M. V. Gurusaidutt","Daniel S. Farid",1,0.707821367801835
"MS",1,2,"time_weighted",1000,"07-09-2018","Kwang Hee Heo","Joo Ven Soong",0,0.593163484083676
"MS",1,2,"time_weighted",1001,"07-09-2018","R. M. V. Gurusaidutt","Chi Wing Lim",1,0.453462311168817
"MS",1,2,"time_weighted",1004,"08-09-2018","Sameer Verma","R. M. V. Gurusaidutt",1,0.391640331675713
"MS",1,2,"time_weighted",1009,"11-09-2018","Kazumasa Sakai","Wan Ho Son",0,0.502348580085099
"MS",1,2,"time_weighted",1012,"11-09-2018","Hans-Kristian Solberg Vittinghus","Wing Ki Vincent Wong",0,0.608946695165255
"MS",1,2,"time_weighted",1022,"11-09-2018","Yuxiang Huang","Srikanth Kidambi",0,0.312926792631108
"MS",1,2,"time_weighted",1025,"13-09-2018","Suppanyu Avihingsanon","Long Chen",0,0.322803084550624
"MS",1,2,"time_weighted",1029,"13-09-2018","Wing Ki Vincent Wong","Srikanth Kidambi",0,0.258979343943598
"MS",1,2,"time_weighted",1034,"14-09-2018","Long Chen","Khosit Phetpradab",0,0.420596443299296
"MS",1,2,"time_weighted",1035,"15-09-2018","Viktor Axelsen","Kento Momota",0,0.328527426821991
"MS",1,2,"time_weighted",1037,"16-09-2018","Kento Momota","Khosit Phetpradab",1,0.814625413569248
"MS",1,2,"time_weighted",1041,"18-09-2018","Syahzlan Hazwan Salleh","Muhammad Aldo Apriyandi",0,0.341998562960985
"MS",1,2,"time_weighted",1046,"18-09-2018","Dean Bencha Wijaya","Yonathan Ramlie",0,0.368291809397804
"MS",1,2,"time_weighted",1049,"18-09-2018","Abdul Kadir Zailani","Aldy Firmanda",1,0.554518650971011
"MS",1,2,"time_weighted",1050,"18-09-2018","Isna Sakti Maulana Mustaqim Mustaqim","Andrew Susanto",1,0.70189823256745
"MS",1,2,"time_weighted",1053,"18-09-2018","Bagas Kristianto Nugroho","Christian Adinata",1,0.624286563641486
"MS",1,2,"time_weighted",1057,"18-09-2018","Thanh Long Truong","Abdul Kadir Zailani",0,0.378964493354111
"MS",1,2,"time_weighted",1059,"18-09-2018","Aldo Oktaviano Purnomo","Isna Sakti Maulana Mustaqim Mustaqim",1,0.266838556498995
"MS",1,2,"time_weighted",1060,"18-09-2018","Koji Naito","Karono Karono",1,0.628191974710377
"MS",1,2,"time_weighted",1063,"18-09-2018","Chico Aura Dwi Wardoyo","Muhammad Izzuddin Shamsul Muzli",1,0.635314605927448
"MS",1,2,"time_weighted",1072,"19-09-2018","Muhammad Ziyad Md Tah","Syabda Perkasa Belawa",1,0.398988060204112
"MS",1,2,"time_weighted",1075,"19-09-2018","Krishna Adi Nugraha","Yonathan Ramlie",1,0.560588349202724
"MS",1,2,"time_weighted",1082,"19-09-2018","Panji Ahmad Maulana","Muhammad Febriansyah",1,0.592229036659737
"MS",1,2,"time_weighted",1098,"20-09-2018","Bagas Kristianto Nugroho","Firman Abdul Kholik",0,0.487630718952018
"MS",1,2,"time_weighted",1099,"20-09-2018","Koji Naito","Ikhsan Leonardo Imanuel Rumbay",0,0.351023059065107
"MS",1,2,"time_weighted",1100,"21-09-2018","Firman Abdul Kholik","Krishna Adi Nugraha",1,0.612068523896801
"MS",1,2,"time_weighted",1107,"18-09-2018","Wan Ho Son","Cheuk Yiu Lee",1,0.620772170001417
"MS",1,2,"time_weighted",1113,"18-09-2018","Hans-Kristian Solberg Vittinghus","Kantaphon Wangcharoen",0,0.327009366643806
"MS",1,2,"time_weighted",1115,"19-09-2018","Tommy Sugiarto","Yuqi Shi",0,0.432427677549572
"MS",1,2,"time_weighted",1117,"19-09-2018","H. S. Prannoy","Ka Long Angus Ng",0,0.455866807686413
"MS",1,2,"time_weighted",1123,"20-09-2018","Viktor Axelsen","Anthony Sinisuka Ginting",0,0.565261107994099
"MS",1,2,"time_weighted",1130,"20-09-2018","Jonatan Christie","Ka Long Angus Ng",0,0.488308679654791
"MS",1,2,"time_weighted",1136,"22-09-2018","Kento Momota","Yuqi Shi",1,0.801192970558765
"MS",1,2,"time_weighted",1137,"23-09-2018","Anthony Sinisuka Ginting","Kento Momota",1,0.462095376599314
"MS",1,2,"time_weighted",1150,"26-09-2018","Hans-Kristian Solberg Vittinghus","Junpeng Zhao",1,0.171450350301332
"MS",1,2,"time_weighted",1155,"26-09-2018","Wan Ho Son","Cheuk Yiu Lee",1,0.770219936203322
"MS",1,2,"time_weighted",1157,"26-09-2018","Tommy Sugiarto","Hyun Il Lee",1,0.803707883565956
"MS",1,2,"time_weighted",1158,"26-09-2018","Kazumasa Sakai","Brice Leverdez",1,0.242361815677806
"MS",1,2,"time_weighted",1190,"02-10-2018","Yin Chak Chan","Chao Yu Kan",0,0.802588617018607
"MS",1,2,"time_weighted",1191,"03-10-2018","Yu Hsien Lin","Jun Hao Leong",1,0.311730361612213
"MS",1,2,"time_weighted",1195,"03-10-2018","Cheuk Yiu Lee","Chia Hsuan Lin",1,0.627707295496434
"MS",1,2,"time_weighted",1196,"03-10-2018","Jen Hao Hsu","Zii Jia Lee",0,0.4720008360119
"MS",1,2,"time_weighted",1200,"03-10-2018","Abhishek Yeligar","Jan O Jorgensen",0,0.105758101253279
"MS",1,2,"time_weighted",1204,"03-10-2018","Chia Hung Lu","Rahul Yadav Chittaboina",1,0.748241806993759
"MS",1,2,"time_weighted",1207,"04-10-2018","Sourabh Verma","Riichi Takeshita",0,0.574826654261172
"MS",1,2,"time_weighted",1222,"09-10-2018","Michael Spencer-Smith","Joonas Korhonen",0,0.251070323189995
"MS",1,2,"time_weighted",1224,"09-10-2018","Dimitar Yanakiev","Seng Zoe Yeoh",1,0.37686730738027
"MS",1,2,"time_weighted",1226,"09-10-2018","Valeriy Atrashchenkov","Christo Popov",1,0.45344336018833
"MS",1,2,"time_weighted",1242,"09-10-2018","Thomas Rouxel","Emre Lale",1,0.591290602468263
"MS",1,2,"time_weighted",1252,"10-10-2018","Sankeerth B. R.","Gergely Krausz",1,0.608796858459809
"MS",1,2,"time_weighted",1260,"10-10-2018","Misha Zilberman","Niluka Karunaratne",0,0.311902227324381
"MS",1,2,"time_weighted",1268,"11-10-2018","Subhankar Dey","June Wei Cheam",0,0.260048047417146
"MS",1,2,"time_weighted",1271,"12-10-2018","Kashyap Parupalli","June Wei Cheam",1,0.478254324844425
"MS",1,2,"time_weighted",1274,"13-10-2018","Toma Junior Popov","June Wei Cheam",0,0.532988710080414
"MS",1,2,"time_weighted",1276,"14-10-2018","Sourabh Verma","June Wei Cheam",1,0.635593816317147
"MS",1,2,"time_weighted",1281,"16-10-2018","Kantaphon Wangcharoen","Dan Lin",1,0.254957796268166
"MS",1,2,"time_weighted",1282,"16-10-2018","Khosit Phetpradab","Brice Leverdez",1,0.800931355412747
"MS",1,2,"time_weighted",1284,"17-10-2018","Tien Chen Chou","Dong Keun Lee",1,0.662580622563197
"MS",1,2,"time_weighted",1300,"19-10-2018","Tien Chen Chou","Wan Ho Son",1,0.597052766345036
"MS",1,2,"time_weighted",1302,"19-10-2018","Srikanth Kidambi","Sameer Verma",0,0.583338529508835
"MS",1,2,"time_weighted",1308,"23-10-2018","Tommy Sugiarto","Wan Ho Son",0,0.621986717872086
"MS",1,2,"time_weighted",1313,"23-10-2018","Mark Caljouw","Hans-Kristian Solberg Vittinghus",1,0.419085774399165
"MS",1,2,"time_weighted",1321,"24-10-2018","Khosit Phetpradab","Dong Keun Lee",0,0.820519162439156
"MS",1,2,"time_weighted",1324,"25-10-2018","Long Chen","Jan O Jorgensen",1,0.71247239536508
"MS",1,2,"time_weighted",1326,"25-10-2018","Srikanth Kidambi","Dong Keun Lee",1,0.403324874074609
"MS",1,2,"time_weighted",1328,"25-10-2018","B. Sai Praneeth","Jonatan Christie",0,0.246875173606657
"MS",1,2,"time_weighted",1333,"26-10-2018","Kantaphon Wangcharoen","Rasmus Gemke",0,0.673258180636927
"MS",1,2,"time_weighted",1337,"28-10-2018","Long Chen","Yuqi Shi",1,0.548119052840858
"MS",1,2,"time_weighted",1338,"30-10-2018","Kuei Chun Shih","Hin Shun Wong",1,0.739128049920907
"MS",1,2,"time_weighted",1363,"31-10-2018","Yu Hsien Lin","Xiaodong Sheng",0,0.744742116834614
"MS",1,2,"time_weighted",1365,"31-10-2018","Koki Watanabe","Wing Ki Vincent Wong",0,0.50791110970375
"MS",1,2,"time_weighted",1366,"01-11-2018","Wei Feng Chong","Junpeng Zhao",0,0.663821978495246
"MS",1,2,"time_weighted",1371,"01-11-2018","Tanongsak Saensomboonsuk","Hyun Il Lee",0,0.508258860747662
"MS",1,2,"time_weighted",1372,"01-11-2018","Sitthikom Thammasin","Yu Hsien Lin",0,0.686281407463195
"MS",1,2,"time_weighted",1376,"02-11-2018","Guangzu Lu","Hyun Il Lee",0,0.77155782148646
"MS",1,2,"time_weighted",1377,"02-11-2018","Chia Hung Lu","Junpeng Zhao",1,0.496640909463027
"MS",1,2,"time_weighted",1383,"30-10-2018","Thomas Fuchs","Artem Serpionov",0,0.485332686957179
"MS",1,2,"time_weighted",1385,"30-10-2018","Hannes Gerberich","Joel König",1,0.490914952340277
"MS",1,2,"time_weighted",1386,"30-10-2018","Birger Abts","Simon Wang",1,0.232384406926676
"MS",1,2,"time_weighted",1391,"30-10-2018","Subhankar Dey","Elias Bracke",0,0.489357349611488
"MS",1,2,"time_weighted",1393,"30-10-2018","Artem Serpionov","Christian Kirchmayr",0,0.281614353186034
"MS",1,2,"time_weighted",1395,"30-10-2018","Eetu Heino","Pengbo Ren",0,0.303801630954946
"MS",1,2,"time_weighted",1400,"30-10-2018","David Kramer","Kai Schaefer",0,0.490740133736958
"MS",1,2,"time_weighted",1404,"30-10-2018","Wolfgang Gnedt","Joshua Magee",0,0.466227497295713
"MS",1,2,"time_weighted",1409,"31-10-2018","Alexander Roovers","Simon Wang",1,0.65595315416236
"MS",1,2,"time_weighted",1425,"01-11-2018","Feixiang Sun","Mark Caljouw",0,0.355472795001189
"MS",1,2,"time_weighted",1428,"02-11-2018","Rajiv Ouseph","Mark Caljouw",1,0.626361728455902
"MS",1,2,"time_weighted",1441,"07-11-2018","Suppanyu Avihingsanon","Kazumasa Sakai",1,0.474066358394398
"MS",1,2,"time_weighted",1442,"07-11-2018","Wei Feng Chong","Anthony Sinisuka Ginting",0,0.227610652753759
"MS",1,2,"time_weighted",1444,"07-11-2018","Jonatan Christie","H. S. Prannoy",1,0.769475631481888
"MS",1,2,"time_weighted",1453,"08-11-2018","Kazumasa Sakai","Yuqi Shi",0,0.16391799330653
"MS",1,2,"time_weighted",1460,"09-11-2018","Anders Antonsen","Long Chen",0,0.35036057818208
"MS",1,2,"time_weighted",1465,"11-11-2018","Kento Momota","Tien Chen Chou",0,0.771841385654869
"MS",1,2,"time_weighted",1472,"13-11-2018","Tanongsak Saensomboonsuk","Wei Feng Chong",1,0.217430608158644
"MS",1,2,"time_weighted",1478,"14-11-2018","Daren Liew","Long Chen",0,0.197500428899014
"MS",1,2,"time_weighted",1483,"14-11-2018","Lucas Corvee","Kenta Nishimoto",1,0.355719865195651
"MS",1,2,"time_weighted",1485,"14-11-2018","Wing Ki Vincent Wong","Srikanth Kidambi",0,0.126670921733646
"MS",1,2,"time_weighted",1487,"14-11-2018","Kento Momota","Dan Lin",0,0.86053242770837
"MS",1,2,"time_weighted",1488,"14-11-2018","Tien Chen Chou","Dong Keun Lee",0,0.892464988314525
"MS",1,2,"time_weighted",1491,"14-11-2018","H. S. Prannoy","Anders Antonsen",0,0.54818533834895
"MS",1,2,"time_weighted",1493,"15-11-2018","Wan Ho Son","Khosit Phetpradab",1,0.734672035569989
"MS",1,2,"time_weighted",1499,"15-11-2018","Anthony Sinisuka Ginting","Jonatan Christie",0,0.482012048345699
"MS",1,2,"time_weighted",1500,"16-11-2018","Kento Momota","Jonatan Christie",1,0.746593634003851
"MS",1,2,"time_weighted",1503,"16-11-2018","Dong Keun Lee","Wan Ho Son",0,0.317782485757535
"MS",1,2,"time_weighted",1504,"17-11-2018","Kento Momota","Wan Ho Son",0,0.680438821886025
"MS",1,2,"time_weighted",1509,"20-11-2018","Jia Wei Tan","Siddharth .",1,0.420993053249873
"MS",1,2,"time_weighted",1514,"20-11-2018","Kevin Arokia Walter","Siril Verma",0,0.415468861230778
"MS",1,2,"time_weighted",1516,"20-11-2018","Vicky Angga Saputra","Pratul Joshi",1,0.68230788709409
"MS",1,2,"time_weighted",1519,"21-11-2018","Tanongsak Saensomboonsuk","Kashyap Parupalli",0,0.303793031141723
"MS",1,2,"time_weighted",1520,"21-11-2018","Siddharath Thakur","Firman Abdul Kholik",0,0.196093904949854
"MS",1,2,"time_weighted",1521,"21-11-2018","Sitthikom Thammasin","Jia Wei Tan",1,0.780221108237295
"MS",1,2,"time_weighted",1524,"21-11-2018","Siddharth Pratap Singh","Shesar Hiren Rhustavito",0,0.194751718459564
"MS",1,2,"time_weighted",1531,"21-11-2018","Jonathan Persson","R. M. V. Gurusaidutt",0,0.166722560559648
"MS",1,2,"time_weighted",1534,"22-11-2018","Firman Abdul Kholik","Kashyap Parupalli",0,0.803970470448231
"MS",1,2,"time_weighted",1537,"22-11-2018","Guangzu Lu","Subhankar Dey",1,0.695337929248812
"MS",1,2,"time_weighted",1539,"22-11-2018","R. M. V. Gurusaidutt","Vicky Angga Saputra",1,0.293228332012204
"MS",1,2,"time_weighted",1543,"23-11-2018","Kashyap Parupalli","Sitthikom Thammasin",0,0.325226423280258
"MS",1,2,"time_weighted",1545,"23-11-2018","Vicky Angga Saputra","Chico Aura Dwi Wardoyo",0,0.414603964138133
"MS",1,2,"time_weighted",1547,"24-11-2018","Sitthikom Thammasin","Guangzu Lu",0,0.654276018343972
"MS",1,2,"time_weighted",1551,"21-11-2018","Wolfgang Gnedt","Jack Macgregor",1,0.858114740833737
"MS",1,2,"time_weighted",1553,"21-11-2018","Mark Brady","Adam Lam",0,0.719820362495675
"MS",1,2,"time_weighted",1561,"21-11-2018","Wolfgang Gnedt","Ethan Rose",1,0.354021329206758
"MS",1,2,"time_weighted",1565,"21-11-2018","Johnnie Torjussen","Ben Torrance",1,0.836433479392311
"MS",1,2,"time_weighted",1570,"21-11-2018","Phone Pyae Naing","Haichao Liu",0,0.171452274309448
"MS",1,2,"time_weighted",1572,"21-11-2018","David Jones","Vinson Chiu",1,0.599504933650423
"MS",1,2,"time_weighted",1577,"21-11-2018","Eetu Heino","Lars Schaenzler",1,0.641287763332141
"MS",1,2,"time_weighted",1583,"21-11-2018","Matthew Carder","Luka Wraber",0,0.249671192217663
"MS",1,2,"time_weighted",1591,"22-11-2018","Mark Caljouw","Eetu Heino",1,0.723006610005113
"MS",1,2,"time_weighted",1610,"23-11-2018","Alex Lane","Lucas Corvee",0,0.577799475769122
"MS",1,2,"time_weighted",1611,"23-11-2018","Lucas Claerbout","Brice Leverdez",1,0.514135237980859
"MS",1,2,"time_weighted",1631,"28-11-2018","Wan Ho Son","Panji Ahmad Maulana",1,0.85714524445142
"MS",1,2,"time_weighted",1633,"28-11-2018","Dong Keun Lee","Kashyap Parupalli",0,0.610929435991022
"MS",1,2,"time_weighted",1636,"28-11-2018","Junpeng Zhao","Chia Hung Lu",0,0.643649143747328
"MS",1,2,"time_weighted",1641,"28-11-2018","Kwang Hee Heo","Chico Aura Dwi Wardoyo",0,0.350067721818775
"MS",1,2,"time_weighted",1642,"28-11-2018","Chih Chieh Yang","Milan Ludik",1,0.468772920565107
"MS",1,2,"time_weighted",1651,"29-11-2018","Joo Ven Soong","Khosit Phetpradab",1,0.694921990922276
"MS",1,2,"time_weighted",1658,"30-11-2018","Chia Hung Lu","Cheuk Yiu Lee",0,0.301123858429673
"MS",1,2,"time_weighted",1664,"12-12-2018","Tien Chen CHOU","Anthony Sinisuka GINTING",1,0.67183591411783
"MS",1,2,"time_weighted",1678,"08-01-2019","Chao Yu Kan","Adulrach Namkul",0,0.246948542545671
"MS",1,2,"time_weighted",1679,"08-01-2019","Maxime Moreels","Haichao Liu",0,0.207529812215016
"MS",1,2,"time_weighted",1684,"08-01-2019","Andre Marteen","Saran Jamsri",0,0.274500555661279
"MS",1,2,"time_weighted",1687,"08-01-2019","Koki Watanabe","Elias Bracke",1,0.784149012314086
"MS",1,2,"time_weighted",1700,"09-01-2019","Wing Ki Vincent Wong","Suppanyu Avihingsanon",1,0.484114441611033
"MS",1,2,"time_weighted",1709,"10-01-2019","Subhankar Dey","Brice Leverdez",0,0.672283051873063
"MS",1,2,"time_weighted",1726,"15-01-2019","Tanongsak Saensomboonsuk","Subhankar Dey",1,0.487106886412536
"MS",1,2,"time_weighted",1730,"15-01-2019","Victor Svendsen","Wei Feng Chong",0,0.629808361177203
"MS",1,2,"time_weighted",1740,"16-01-2019","Suppanyu Avihingsanon","Tzu Wei Wang",1,0.265745575226843
"MS",1,2,"time_weighted",1742,"16-01-2019","Long Chen","Cheuk Yiu Lee",1,0.825261061663383
"MS",1,2,"time_weighted",1745,"16-01-2019","Viktor Axelsen","Kazumasa Sakai",1,0.747877115748594
"MS",1,2,"time_weighted",1746,"16-01-2019","Kento Momota","Kenta Nishimoto",1,0.596901964895992
"MS",1,2,"time_weighted",1748,"17-01-2019","Wing Ki Vincent Wong","Srikanth Kidambi",1,0.275025286648341
"MS",1,2,"time_weighted",1751,"17-01-2019","Long Chen","Jonatan Christie",1,0.746309686789602
"MS",1,2,"time_weighted",1754,"17-01-2019","Kenta Nishimoto","Zii Jia Lee",0,0.371426785464394
"MS",1,2,"time_weighted",1756,"18-01-2019","Long Chen","Anthony Sinisuka Ginting",1,0.776533210827487
"MS",1,2,"time_weighted",1760,"19-01-2019","Viktor Axelsen","Long Chen",0,0.230674286586343
"MS",1,2,"time_weighted",1765,"22-01-2019","Tanongsak Saensomboonsuk","Firman Abdul Kholik",0,0.588702865900744
"MS",1,2,"time_weighted",1770,"22-01-2019","Shesar Hiren Rhustavito","Iskandar Zulkarnain",1,0.710542300603687
"MS",1,2,"time_weighted",1779,"23-01-2019","Sitthikom Thammasin","Kazumasa Sakai",1,0.848414519164654
"MS",1,2,"time_weighted",1787,"23-01-2019","Anders Antonsen","Wan Ho Son",0,0.266260539240203
"MS",1,2,"time_weighted",1791,"24-01-2019","Shesar Hiren Rhustavito","Anders Antonsen",0,0.37478907513313
"MS",1,2,"time_weighted",1793,"24-01-2019","Jonatan Christie","Yuqi Shi",1,0.499234913893799
"MS",1,2,"time_weighted",1806,"19-02-2019","Kai Schaefer","Bernat Amaya",1,0.680673536988128
"MS",1,2,"time_weighted",1820,"20-02-2019","Jan O Jorgensen","Kean Yew Loh",0,0.240680875520048
"MS",1,2,"time_weighted",1822,"20-02-2019","Pengbo Ren","Ygor Coelho",1,0.862670717502512
"MS",1,2,"time_weighted",1829,"20-02-2019","Iikka Heino","Subhankar Dey",1,0.415293008638099
"MS",1,2,"time_weighted",1835,"21-02-2019","Tanongsak Saensomboonsuk","Rajiv Ouseph",0,0.547554485073464
"MS",1,2,"time_weighted",1839,"21-02-2019","Kean Yew Loh","Kashyap Parupalli",0,0.766331807355272
"MS",1,2,"time_weighted",1852,"26-02-2019","Thomas Rouxel","Kean Yew Loh",1,0.199607138383569
"MS",1,2,"time_weighted",1864,"27-02-2019","Suppanyu Avihingsanon","Ka Long Angus Ng",0,0.379234234501211
"MS",1,2,"time_weighted",1866,"27-02-2019","Tanongsak Saensomboonsuk","Hans-Kristian Solberg Vittinghus",0,0.385123808378827
"MS",1,2,"time_weighted",1871,"27-02-2019","Kento Momota","Tzu Wei Wang",1,0.814224663215387
"MS",1,2,"time_weighted",1882,"28-02-2019","Kento Momota","Brice Leverdez",0,0.88398665433671
"MS",1,2,"time_weighted",1884,"01-03-2019","Kantaphon Wangcharoen","Kenta Nishimoto",0,0.299126760051946
"MS",1,2,"time_weighted",1890,"03-03-2019","Kento Momota","Kenta Nishimoto",1,0.782107301822583
"MS",1,2,"time_weighted",1897,"06-03-2019","Anthony Sinisuka Ginting","Ka Long Angus Ng",1,0.6175971427949
"MS",1,2,"time_weighted",1898,"06-03-2019","B. Sai Praneeth","H. S. Prannoy",1,0.545952683731971
"MS",1,2,"time_weighted",1899,"06-03-2019","Tien Chen Chou","Yuxiang Huang",1,0.673751215608014
"MS",1,2,"time_weighted",1908,"07-03-2019","Guangzu Lu","Viktor Axelsen",0,0.302267556250035
"MS",1,2,"time_weighted",1913,"07-03-2019","Kento Momota","Kantaphon Wangcharoen",1,0.820438957283614
"MS",1,2,"time_weighted",1916,"08-03-2019","Kento Momota","Srikanth Kidambi",1,0.854250880694934
"MS",1,2,"time_weighted",1918,"08-03-2019","Viktor Axelsen","Jan O Jorgensen",1,0.799971189354656
"MS",1,2,"time_weighted",1919,"09-03-2019","Kento Momota","Ka Long Angus Ng",1,0.766966672294673
"MS",1,2,"time_weighted",1923,"12-03-2019","Aaron Zhao","Ping-Hsien Huang",1,0.336781439271633
"MS",1,2,"time_weighted",1933,"12-03-2019","Jhonatan Wu Zheng","Ping-Hsien Huang",0,0.186011165585299
"MS",1,2,"time_weighted",1938,"12-03-2019","Chun-Yi Lin","Wei Chi Liu",1,0.42274490538627
"MS",1,2,"time_weighted",1940,"12-03-2019","Joo Ven Soong","Chi Wing Lim",0,0.769907961833283
"MS",1,2,"time_weighted",1944,"12-03-2019","Donghun Kim","Ikhsan Leonardo Imanuel Rumbay",1,0.408605329027955
"MS",1,2,"time_weighted",1953,"13-03-2019","Ihsan Maulana Mustofa","Xiaodong Sheng",1,0.734848617021123
"MS",1,2,"time_weighted",1958,"13-03-2019","Chia Hao Lee","Junpeng Zhao",1,0.315263365020371
"MS",1,2,"time_weighted",1966,"13-03-2019","Lanxi Lei","Firman Abdul Kholik",1,0.520274681573746
"MS",1,2,"time_weighted",1971,"14-03-2019","Haichao Liu","Ping-Hsien Huang",0,0.763848981474505
"MS",1,2,"time_weighted",1976,"14-03-2019","Hongyang Weng","Chia Hao Lee",1,0.774413728902983
"MS",1,2,"time_weighted",1979,"15-03-2019","Lakshya Sen","Zeqi Zhou",1,0.361618150616818
"MS",1,2,"time_weighted",1980,"15-03-2019","Donghun Kim","Hongyang Weng",0,0.499769249526526
"MS",1,2,"time_weighted",1984,"12-03-2019","Kai Schaefer","Felix Burestedt",1,0.35569093168619
"MS",1,2,"time_weighted",1987,"12-03-2019","Kalle Koljonen","Luka Wraber",1,0.694148100439671
"MS",1,2,"time_weighted",1993,"12-03-2019","Koki Watanabe","Kalle Koljonen",0,0.577758750744237
"MS",1,2,"time_weighted",1999,"13-03-2019","Lucas Claerbout","Subhankar Dey",0,0.461168474591589
"MS",1,2,"time_weighted",2005,"13-03-2019","Tommy Sugiarto","Mark Caljouw",0,0.605540651462835
"MS",1,2,"time_weighted",2012,"14-03-2019","Subhankar Dey","Jonatan Christie",1,0.184150740482037
"MS",1,2,"time_weighted",2015,"14-03-2019","Dan Lin","Dong Keun Lee",1,0.542291990413228
"MS",1,2,"time_weighted",2018,"14-03-2019","Yu Hsien Lin","Lucas Corvee",1,0.537594603998735
"MS",1,2,"time_weighted",2023,"15-03-2019","Subhankar Dey","Long Chen",0,0.259257138122216
"MS",1,2,"time_weighted",2026,"17-03-2019","Yuqi Shi","B. Sai Praneeth",1,0.624254265733646
"MS",1,2,"time_weighted",2027,"19-03-2019","Vladimir Nikulov","Christo Popov",0,0.296797795595993
"MS",1,2,"time_weighted",2033,"19-03-2019","Ivan Rusev","Max Weisskirchen",0,0.648305743547938
"MS",1,2,"time_weighted",2036,"19-03-2019","Shifeng Li","Sankeerth B. R.",1,0.668568670753252
"MS",1,2,"time_weighted",2042,"19-03-2019","Chao Yu Kan","Julien Carraggi",1,0.397465689806824
"MS",1,2,"time_weighted",2056,"19-03-2019","Ajay Jayaram","Georges Julien Paul",1,0.718287583934108
"MS",1,2,"time_weighted",2057,"19-03-2019","Feixiang Sun","Lars Schaenzler",1,0.815252907365882
"MS",1,2,"time_weighted",2062,"19-03-2019","Rosario Maddaloni","Henri Aarnio",1,0.5344038379999
"MS",1,2,"time_weighted",2063,"19-03-2019","Christo Popov","Yu Hsien Lin",0,0.56836616327345
"MS",1,2,"time_weighted",2069,"20-03-2019","Gergely Krausz","Koki Watanabe",1,0.188481806026701
"MS",1,2,"time_weighted",2075,"20-03-2019","Feixiang Sun","Thomas Rouxel",0,0.730693531781786
"MS",1,2,"time_weighted",2079,"20-03-2019","Yu Hsien Lin","Yu Igarashi",0,0.382917758545938
"MS",1,2,"time_weighted",2083,"21-03-2019","Alex Lane","Shifeng Li",0,0.470368226026197
"MS",1,2,"time_weighted",2087,"21-03-2019","Nhat Nguyen","Toma Junior Popov",0,0.59289117243557
"MS",1,2,"time_weighted",2092,"22-03-2019","Luís Enrique Peñalver","Shifeng Li",0,0.267712162446872
"MS",1,2,"time_weighted",2093,"22-03-2019","Gatjra Piliang Fiqihila Cupu","Koki Watanabe",0,0.165142665068527
"MS",1,2,"time_weighted",2110,"27-03-2019","Sameer Verma","Rasmus Gemke",1,0.669786266510527
"MS",1,2,"time_weighted",2118,"27-03-2019","Tanongsak Saensomboonsuk","Giap Chin Goh",1,0.556828759367461
"MS",1,2,"time_weighted",2129,"28-03-2019","Tzu Wei Wang","Subhankar Dey",1,0.556557348047727
"MS",1,2,"time_weighted",2136,"30-03-2019","Yuxiang Huang","Srikanth Kidambi",0,0.41075704906106
"MS",1,2,"time_weighted",2147,"03-04-2019","Khosit Phetpradab","Dong Keun Lee",1,0.564699380165892
"MS",1,2,"time_weighted",2149,"03-04-2019","Sitthikom Thammasin","H. S. Prannoy",1,0.374380845324077
"MS",1,2,"time_weighted",2154,"03-04-2019","Suppanyu Avihingsanon","Zii Jia Lee",0,0.351857741105224
"MS",1,2,"time_weighted",2155,"04-04-2019","Kento Momota","Jonatan Christie",0,0.750105737962134
"MS",1,2,"time_weighted",2159,"04-04-2019","Long Chen","Kantaphon Wangcharoen",1,0.689480437564676
"MS",1,2,"time_weighted",2160,"04-04-2019","Rasmus Gemke","Kenta Nishimoto",0,0.440189033221502
"MS",1,2,"time_weighted",2170,"09-04-2019","June Wei Cheam","Kashyap Parupalli",1,0.134879003342573
"MS",1,2,"time_weighted",2179,"09-04-2019","Shesar Hiren Rhustavito","Tanongsak Saensomboonsuk",0,0.795000951303431
"MS",1,2,"time_weighted",2183,"10-04-2019","Jonatan Christie","Khosit Phetpradab",0,0.725087712493227
"MS",1,2,"time_weighted",2200,"11-04-2019","Sameer Verma","Guangzu Lu",1,0.651222686297653
"MS",1,2,"time_weighted",2207,"12-04-2019","Viktor Axelsen","Jonatan Christie",1,0.546610450956976
"MS",1,2,"time_weighted",2208,"12-04-2019","Sameer Verma","Tien Chen Chou",1,0.290683061946738
"MS",1,2,"time_weighted",2210,"13-04-2019","Anthony Sinisuka Ginting","Tien Chen Chou",0,0.601959164403019
"MS",1,2,"time_weighted",2211,"13-04-2019","Kento Momota","Viktor Axelsen",1,0.624987611358735
"MS",1,2,"time_weighted",2214,"30-04-2019","Teck Zhi Soo","Yehezkiel Fritz Mainaky",1,0.803627227403419
"MS",1,2,"time_weighted",2216,"30-04-2019","Zvonimir Durkinjak","Pit Seng Low",1,0.663112065222633
"MS",1,2,"time_weighted",2217,"30-04-2019","Joo Ven Soong","Henrikho Kho Wibowo",1,0.79399445806298
"MS",1,2,"time_weighted",2221,"30-04-2019","Joo Ven Soong","Anthony Joe",1,0.689409524596279
"MS",1,2,"time_weighted",2224,"30-04-2019","Wei Feng Chong","Zvonimir Durkinjak",1,0.688927606630605
"MS",1,2,"time_weighted",2225,"01-05-2019","Kenta Nishimoto","Zii Jia Lee",0,0.498646364592268
"MS",1,2,"time_weighted",2231,"01-05-2019","Anthony Sinisuka Ginting","Brice Leverdez",1,0.788071267428073
"MS",1,2,"time_weighted",2233,"01-05-2019","Tzu Wei Wang","Lakshya Sen",1,0.214265550482058
"MS",1,2,"time_weighted",2242,"02-05-2019","Zii Jia Lee","Kazumasa Sakai",1,0.732585741101354
"MS",1,2,"time_weighted",2247,"02-05-2019","Sitthikom Thammasin","Kanta Tsuneyama",0,0.358433374882399
"MS",1,2,"time_weighted",2258,"04-06-2019","Chico Aura Dwi Wardoyo","Hyun Il Lee",1,0.375993671031524
"MS",1,2,"time_weighted",2260,"04-06-2019","Teck Zhi Soo","Lakshya Sen",0,0.153871986329472
"MS",1,2,"time_weighted",2262,"04-06-2019","Yu Hsien Lin","Joo Ven Soong",0,0.29399621677495
"MS",1,2,"time_weighted",2272,"05-06-2019","B. Sai Praneeth","Dong Keun Lee",1,0.725746095848653
"MS",1,2,"time_weighted",2276,"05-06-2019","Wei Feng Chong","Kean Yew Loh",0,0.249776991109187
"MS",1,2,"time_weighted",2277,"05-06-2019","Zii Jia Lee","Sameer Verma",1,0.349269779413662
"MS",1,2,"time_weighted",2283,"05-06-2019","Suppanyu Avihingsanon","Kashyap Parupalli",0,0.268623525016584
"MS",1,2,"time_weighted",2290,"06-06-2019","Dan Lin","Kashyap Parupalli",0,0.709077445277995
"MS",1,2,"time_weighted",2291,"06-06-2019","Jonatan Christie","Tanongsak Saensomboonsuk",1,0.784651426478509
"MS",1,2,"time_weighted",2293,"07-06-2019","Tzu Wei Wang","Kazumasa Sakai",1,0.636933986456093
"MS",1,2,"time_weighted",2301,"02-07-2019","Mathieu Morneau","Xavier Laperriere",0,0.656944567222728
"MS",1,2,"time_weighted",2312,"02-07-2019","Lucas Claerbout","Xiaodong Sheng",1,0.40535077160324
"MS",1,2,"time_weighted",2313,"02-07-2019","Karan Rajan Rajarajan","Lino Munoz",1,0.542195149678883
"MS",1,2,"time_weighted",2322,"02-07-2019","Yen-Yu Lee","Hai Chao Liu",0,0.281857800976832
"MS",1,2,"time_weighted",2323,"02-07-2019","Imran Wadia","Chun-Yi Lin",0,0.406278234430522
"MS",1,2,"time_weighted",2328,"03-07-2019","Kashyap Parupalli","Lucas Corvee",1,0.785861978318903
"MS",1,2,"time_weighted",2334,"03-07-2019","Koki Watanabe","H. S. Prannoy",1,0.646155473047295
"MS",1,2,"time_weighted",2335,"03-07-2019","Sourabh Verma","Sankeerth B. R.",1,0.77508400999748
"MS",1,2,"time_weighted",2336,"03-07-2019","Tzu Wei Wang","Ygor Coelho",1,0.747360325779301
"MS",1,2,"time_weighted",2339,"03-07-2019","Lakshya Sen","Hong Yang Weng",0,0.28528297917879
"MS",1,2,"time_weighted",2340,"03-07-2019","Fei Xiang Sun","Chao Yu Kan",0,0.768529664640834
"MS",1,2,"time_weighted",2342,"04-07-2019","Lan Xi Lei","Koki Watanabe",0,0.651260046236514
"MS",1,2,"time_weighted",2343,"04-07-2019","Sheng Po Yu","Lucas Claerbout",0,0.269570129067336
"MS",1,2,"time_weighted",2344,"04-07-2019","Kashyap Parupalli","Peng Bo Ren",0,0.696114704021861
"MS",1,2,"time_weighted",2346,"04-07-2019","Tzu Wei Wang","Victor Svendsen",1,0.658212574064951
"MS",1,2,"time_weighted",2347,"04-07-2019","Kwang Hee Heo","Chun-Yi Lin",0,0.643732778345415
"MS",1,2,"time_weighted",2351,"05-07-2019","Shi Feng Li","Sourabh Verma",1,0.571354529029153
"MS",1,2,"time_weighted",2359,"09-07-2019","Cesar Adonis Brito Gonzalez","Karan Rajan Rajarajan",0,0.381141871245934
"MS",1,2,"time_weighted",2367,"09-07-2019","Fei Xiang Sun","Karan Rajan Rajarajan",1,0.763151672847245
"MS",1,2,"time_weighted",2377,"10-07-2019","Sourabh Verma","Toby Penty",1,0.565140699929196
"MS",1,2,"time_weighted",2385,"11-07-2019","Yu Hsien Lin","Chia Hao Lee",1,0.285544502038648
"MS",1,2,"time_weighted",2387,"11-07-2019","Tanongsak Saensomboonsuk","Kazumasa Sakai",1,0.743374718986241
"MS",1,2,"time_weighted",2389,"11-07-2019","Shi Feng Li","Chun-Yi Lin",1,0.44200225794589
"MS",1,2,"time_weighted",2391,"11-07-2019","Lucas Corvee","Xiaodong Sheng",1,0.658605484200532
"MS",1,2,"time_weighted",2392,"12-07-2019","Yu Hsien Lin","Lucas Corvee",1,0.774613679510946
"MS",1,2,"time_weighted",2397,"13-07-2019","Chun-Yi Lin","Yu Hsien Lin",1,0.336901031764684
"MS",1,2,"time_weighted",2399,"16-07-2019","Tzu Wei Wang","Hans-Kristian Solberg Vittinghus",0,0.457246515642569
"MS",1,2,"time_weighted",2404,"16-07-2019","Anthony Sinisuka Ginting","Guang Zu Lu",1,0.755646245477489
"MS",1,2,"time_weighted",2410,"17-07-2019","Yehezkiel Fritz Mainaky","Cheuk Yiu Lee",0,0.203353563763588
"MS",1,2,"time_weighted",2411,"17-07-2019","B. Sai Praneeth","Wing Ki Vincent Wong",1,0.607637806102927
"MS",1,2,"time_weighted",2413,"17-07-2019","H. S. Prannoy","Yu Qi Shi",0,0.666959140923679
"MS",1,2,"time_weighted",2419,"18-07-2019","Kento Momota","Yu Xiang Huang",1,0.811117744057537
"MS",1,2,"time_weighted",2422,"18-07-2019","Ka Long Angus Ng","Srikanth Kidambi",1,0.52780103963725
"MS",1,2,"time_weighted",2424,"19-07-2019","Ka Long Angus Ng","Wing Ki Vincent Wong",0,0.650756805943779
"MS",1,2,"time_weighted",2426,"19-07-2019","Yu Xiang Huang","Kantaphon Wangcharoen",0,0.254320509763835
"MS",1,2,"time_weighted",2427,"20-07-2019","Kantaphon Wangcharoen","Tien Chen Chou",1,0.326823117074137
"MS",1,2,"time_weighted",2428,"20-07-2019","Wing Ki Vincent Wong","Anders Antonsen",0,0.214518361553171
"MS",1,2,"time_weighted",2434,"16-07-2019","Miha Ivanič","Daniel Fan",1,0.68802279442743
"MS",1,2,"time_weighted",2439,"16-07-2019","Alexey Panov","Maksim Makalov",0,0.182780086581889
"MS",1,2,"time_weighted",2447,"17-07-2019","Dai Watanabe","Vladimir Shipilenko",1,0.777554873800449
"MS",1,2,"time_weighted",2452,"17-07-2019","Georgii Karpov","Shesar Hiren Rhustavito",0,0.259041051708909
"MS",1,2,"time_weighted",2464,"19-07-2019","Pablo Abian","Shesar Hiren Rhustavito",0,0.310712683080786
"MS",1,2,"time_weighted",2471,"23-07-2019","Long Chen","Kanta Tsuneyama",0,0.513378524194212
"MS",1,2,"time_weighted",2472,"23-07-2019","B. Sai Praneeth","Kenta Nishimoto",1,0.5662055269737
"MS",1,2,"time_weighted",2478,"23-07-2019","Wing Ki Vincent Wong","Yu Xiang Huang",1,0.721572542204127
"MS",1,2,"time_weighted",2480,"24-07-2019","Khosit Phetpradab","Ka Long Angus Ng",0,0.157584292779841
"MS",1,2,"time_weighted",2482,"24-07-2019","H. S. Prannoy","Srikanth Kidambi",1,0.173735279985393
"MS",1,2,"time_weighted",2489,"25-07-2019","Wing Ki Vincent Wong","Tommy Sugiarto",0,0.365184128338364
"MS",1,2,"time_weighted",2498,"26-07-2019","Tommy Sugiarto","B. Sai Praneeth",0,0.320473449729465
"MS",1,2,"time_weighted",2503,"30-07-2019","Ajay Jayaram","Ze Qi Zhou",0,0.447591359554791
"MS",1,2,"time_weighted",2508,"30-07-2019","Peng Bo Ren","Tanongsak Saensomboonsuk",1,0.239079226400286
"MS",1,2,"time_weighted",2511,"30-07-2019","Chico Aura Dwi Wardoyo","Lucas Claerbout",1,0.549350519411961
"MS",1,2,"time_weighted",2513,"30-07-2019","Peng Bo Ren","June Wei Cheam",1,0.652370604619892
"MS",1,2,"time_weighted",2523,"31-07-2019","Dong Keun Lee","Tien Chen Chou",0,0.137008846899043
"MS",1,2,"time_weighted",2537,"02-08-2019","Kenta Nishimoto","Tien Chen Chou",0,0.214356455234862
"MS",1,2,"time_weighted",2543,"04-08-2019","Ka Long Angus Ng","Tien Chen Chou",1,0.293883620983762
"MS",1,2,"time_weighted",2560,"06-08-2019","Talar Laa","Yee Han Chong",0,0.285686555723666
"MS",1,2,"time_weighted",2564,"06-08-2019","Kiran George","Yu Peng Bai",0,0.630598769222625
"MS",1,2,"time_weighted",2568,"06-08-2019","Kartikey Gulshan Kumar","Harsheel Dani",1,0.478449437975297
"MS",1,2,"time_weighted",2572,"06-08-2019","Pannawit Thongnuam","Adulrach Namkul",0,0.586748445901619
"MS",1,2,"time_weighted",2575,"06-08-2019","Sankeerth B. R.","Ihsan Maulana Mustofa",0,0.287920949352843
"MS",1,2,"time_weighted",2576,"06-08-2019","Ikhsan Leonardo Imanuel Rumbay","Kaushal Dharmamer",0,0.616495508468685
"MS",1,2,"time_weighted",2581,"07-08-2019","Aryamann Tandon","Kevin Arokia Walter",1,0.722459601773511
"MS",1,2,"time_weighted",2585,"07-08-2019","Chico Aura Dwi Wardoyo","June Wei Cheam",1,0.559728036268109
"MS",1,2,"time_weighted",2591,"07-08-2019","Jia Wei Tan","H. S. Prannoy",1,0.473369643692476
"MS",1,2,"time_weighted",2606,"08-08-2019","Subhankar Dey","Chico Aura Dwi Wardoyo",1,0.574130369248516
"MS",1,2,"time_weighted",2613,"11-08-2019","Kean Yew Loh","Sourabh Verma",1,0.346914071118479
"MS",1,2,"time_weighted",2619,"13-08-2019","Teck Zhi Soo","Chun Kar Lung",1,0.643595051440043
"MS",1,2,"time_weighted",2646,"18-08-2019","Yu Igarashi","Firman Abdul Kholik",0,0.358511474845115
"MS",1,2,"time_weighted",2647,"03-09-2019","Li Yang Su","Chun-Yi Lin",0,0.283798574711583
"MS",1,2,"time_weighted",2650,"03-09-2019","June Wei Cheam","Chi Ting Chen",1,0.498117092128118
"MS",1,2,"time_weighted",2652,"03-09-2019","Hsuan Yi Hsueh","Sheng Po Yu",0,0.651030308330416
"MS",1,2,"time_weighted",2654,"03-09-2019","Chih Chieh Yang","Chao Yu Kan",1,0.793155278144791
"MS",1,2,"time_weighted",2661,"04-09-2019","Kwang Hee Heo","Tommy Sugiarto",0,0.61456832152753
"MS",1,2,"time_weighted",2666,"04-09-2019","Cheuk Yiu Lee","Tanongsak Saensomboonsuk",0,0.320518030085469
"MS",1,2,"time_weighted",2667,"04-09-2019","Dong Keun Lee","Wing Ki Vincent Wong",1,0.25561548973247
"MS",1,2,"time_weighted",2671,"04-09-2019","Kazumasa Sakai","Sourabh Verma",0,0.22581113282782
"MS",1,2,"time_weighted",2679,"05-09-2019","Lucas Corvee","Kwang Hee Heo",0,0.256808506414478
"MS",1,2,"time_weighted",2685,"06-09-2019","Shesar Hiren Rhustavito","Tanongsak Saensomboonsuk",0,0.628168000660337
"MS",1,2,"time_weighted",2695,"10-09-2019","Phakorn Chotphinit","Chacharit Yaowanit",1,0.502238479836421
"MS",1,2,"time_weighted",2696,"10-09-2019","Jia Wei Tan","Teerapat Kleawan",1,0.547852716259644
"MS",1,2,"time_weighted",2698,"10-09-2019","Jun Yan Ng","Yin Chak Chan",1,0.676231340258329
"MS",1,2,"time_weighted",2702,"10-09-2019","Jun Hao Leong","Andre Marteen",1,0.856970503484848
"MS",1,2,"time_weighted",2704,"10-09-2019","Hsuan Yi Hsueh","Tien Tuan Nguyen",1,0.718118311975896
"MS",1,2,"time_weighted",2714,"11-09-2019","Ade Resky Dwicahyo","Lan Xi Lei",0,0.157512243227871
"MS",1,2,"time_weighted",2715,"11-09-2019","Koki Watanabe","Miha Ivanič",1,0.842041510457704
"MS",1,2,"time_weighted",2718,"11-09-2019","Azmy Qowimuramadhoni","Bagas Kristianto Nugroho",0,0.207076361038003
"MS",1,2,"time_weighted",2726,"11-09-2019","Tien Minh Nguyen","Thomas Rouxel",1,0.695583890563724
"MS",1,2,"time_weighted",2734,"12-09-2019","Lucas Corvee","Bagas Kristianto Nugroho",1,0.287494626258263
"MS",1,2,"time_weighted",2742,"12-09-2019","Tien Minh Nguyen","Chico Aura Dwi Wardoyo",1,0.722996829590123
"MS",1,2,"time_weighted",2745,"12-09-2019","Siril Verma","Lan Xi Lei",0,0.278263146100971
"MS",1,2,"time_weighted",2748,"12-09-2019","Yu Igarashi","Sourabh Verma",0,0.257375588803719
"MS",1,2,"time_weighted",2749,"12-09-2019","Shi Feng Li","Tien Minh Nguyen",0,0.540926429806986
"MS",1,2,"time_weighted",2763,"17-09-2019","Wing Ki Vincent Wong","Tommy Sugiarto",0,0.266687539966099
"MS",1,2,"time_weighted",2771,"18-09-2019","Suppanyu Avihingsanon","B. Sai Praneeth",1,0.355175849852261
"MS",1,2,"time_weighted",2778,"19-09-2019","Long Chen","Tzu Wei Wang",1,0.824328167866095
"MS",1,2,"time_weighted",2793,"24-09-2019","Chao Yu Kan","Chia Hung Lu",0,0.368736340481011
"MS",1,2,"time_weighted",2800,"24-09-2019","Chia Hung Lu","Ze Qi Zhou",1,0.741559491897141
"MS",1,2,"time_weighted",2801,"24-09-2019","Dong Keun Lee","Donghun Kim",0,0.412218974552988
"MS",1,2,"time_weighted",2805,"25-09-2019","Suppanyu Avihingsanon","Zii Jia Lee",0,0.134098113160425
"MS",1,2,"time_weighted",2806,"25-09-2019","Daren Liew","Dan Lin",1,0.381949166091892
"MS",1,2,"time_weighted",2811,"25-09-2019","Khosit Phetpradab","Cheuk Yiu Lee",0,0.646837355861173
"MS",1,2,"time_weighted",2818,"25-09-2019","Sitthikom Thammasin","Tien Chen Chou",0,0.0955367659402544
"MS",1,2,"time_weighted",2826,"26-09-2019","Shesar Hiren Rhustavito","Guang Zu Lu",1,0.79530826197844
"MS",1,2,"time_weighted",2829,"27-09-2019","Tzu Wei Wang","Jonatan Christie",0,0.587435812666238
"MS",1,2,"time_weighted",2830,"27-09-2019","Shesar Hiren Rhustavito","Tien Chen Chou",0,0.330989686717296
"MS",1,2,"time_weighted",2837,"01-10-2019","M. Enrico Giralda Harsari","Muhammad Aldo Apriyandi",0,0.288748828809882
"MS",1,2,"time_weighted",2838,"01-10-2019","Md Tah M Ziyad","Nyoman Tryadnya Arya Kurniawan",0,0.695625518398057
"MS",1,2,"time_weighted",2840,"01-10-2019","Muhammad Syafiq Iqbal Mohd Nadzri","Riyanto Subagja",0,0.314592759229799
"MS",1,2,"time_weighted",2846,"01-10-2019","Wisnu Yuli Prasetyo","Galih Prasetyo Utomo",1,0.571445094708165
"MS",1,2,"time_weighted",2849,"01-10-2019","Jovi Mikhael","Dimas Setiawan",1,0.596700674985226
"MS",1,2,"time_weighted",2853,"01-10-2019","Md Tah M Ziyad","Aldy Firmanda",1,0.713266078947888
"MS",1,2,"time_weighted",2857,"01-10-2019","Jovi Mikhael","Diviana Arya Ramanda Putra",1,0.560508080632883
"MS",1,2,"time_weighted",2858,"01-10-2019","Jia Wei Tan","Yang Yang",1,0.696649228410139
"MS",1,2,"time_weighted",2863,"01-10-2019","Lan Xi Lei","Giap Chin Goh",0,0.697691770596944
"MS",1,2,"time_weighted",2870,"02-10-2019","Bagas Kristianto Nugroho","Alberto Alvin Yulianto",0,0.715413893901449
"MS",1,2,"time_weighted",2875,"02-10-2019","Riyanto Subagja","Takuma Obayashi",0,0.273587924601982
"MS",1,2,"time_weighted",2880,"02-10-2019","Handoko Yusuf Wijayanto","Hai Chao Liu",1,0.362449508879956
"MS",1,2,"time_weighted",2882,"02-10-2019","Peng Bo Ren","Firman Abdul Kholik",0,0.589099691060007
"MS",1,2,"time_weighted",2895,"03-10-2019","Panji Ahmad Maulana","Vicky Angga Saputra",0,0.307054568733829
"MS",1,2,"time_weighted",2899,"04-10-2019","Tanongsak Saensomboonsuk","Peng Bo Ren",1,0.387386963511961
"MS",1,2,"time_weighted",2902,"05-10-2019","Tanongsak Saensomboonsuk","Vicky Angga Saputra",0,0.62565777509786
"MS",1,2,"time_weighted",2906,"08-10-2019","Jeppe Bruun","Collins Valentine Filimon",0,0.56561284985456
"MS",1,2,"time_weighted",2909,"08-10-2019","Aram Mahmoud","Kiran George",0,0.3234809571638
"MS",1,2,"time_weighted",2911,"08-10-2019","Joran Kweekel","Leo Rossi",1,0.338295656972735
"MS",1,2,"time_weighted",2914,"08-10-2019","Jia Wei Tan","Michal Rogalski",0,0.458285695264744
"MS",1,2,"time_weighted",2926,"08-10-2019","Leo Rossi","Mithun Manjunath",1,0.306149978700214
"MS",1,2,"time_weighted",2934,"09-10-2019","Sameer Verma","Kiran George",0,0.554400044770512
"MS",1,2,"time_weighted",2935,"09-10-2019","B.M.Rahul Bharadwaj","June Wei Cheam",1,0.455517927310554
"MS",1,2,"time_weighted",2942,"09-10-2019","Mark Caljouw","Arnaud Merkle",0,0.531167253799783
"MS",1,2,"time_weighted",2945,"10-10-2019","Sergey Sirant","Toby Penty",1,0.251334061611605
"MS",1,2,"time_weighted",2947,"10-10-2019","B.M.Rahul Bharadwaj","Victor Svendsen",0,0.624047461745568
"MS",1,2,"time_weighted",2950,"10-10-2019","Eetu Heino","Daniel Nikolov",0,0.656033456380579
"MS",1,2,"time_weighted",2973,"16-10-2019","Guang Zu Lu","Tien Chen Chou",1,0.0938228889568216
"MS",1,2,"time_weighted",2993,"22-10-2019","Subhankar Dey","Tommy Sugiarto",1,0.280829923169974
"MS",1,2,"time_weighted",2995,"22-10-2019","Yu Xiang Huang","Khosit Phetpradab",0,0.691337310605407
"MS",1,2,"time_weighted",3005,"23-10-2019","Kenta Nishimoto","Sameer Verma",1,0.496781278098378
"MS",1,2,"time_weighted",3008,"24-10-2019","Anthony Sinisuka Ginting","Yu Xiang Huang",1,0.850928388910408
"MS",1,2,"time_weighted",3017,"25-10-2019","Viktor Axelsen","Ka Long Angus Ng",1,0.676248117191817
"MS",1,2,"time_weighted",3023,"29-10-2019","Jeffrey Lam","Binghong Ye",0,0.148514062889655
"MS",1,2,"time_weighted",3029,"29-10-2019","Xiaodong Sheng","Chia Hao Lee",1,0.524039734004698
"MS",1,2,"time_weighted",3030,"29-10-2019","Yu Jen Chi","Wei Chi Liu",1,0.71663280793183
"MS",1,2,"time_weighted",3031,"29-10-2019","Peng Bo Ren","Robert Mann",1,0.902859664609027
"MS",1,2,"time_weighted",3033,"29-10-2019","Yin Chak Chan","Aidil Sholeh Ali Sadikin",1,0.446985317211794
"MS",1,2,"time_weighted",3035,"30-10-2019","Jun Peng Zhao","Shi Feng Li",1,0.292184741804178
"MS",1,2,"time_weighted",3044,"30-10-2019","Chun-Yi Lin","Wing Ki Vincent Wong",1,0.709055441011963
"MS",1,2,"time_weighted",3046,"30-10-2019","Fei Xiang Sun","Ajay Jayaram",1,0.822831054949029
"MS",1,2,"time_weighted",3050,"31-10-2019","Dong Keun Lee","Sitthikom Thammasin",0,0.266453310180098
"MS",1,2,"time_weighted",3051,"31-10-2019","Brice Leverdez","Kodai Naraoka",0,0.495538123500379
"MS",1,2,"time_weighted",3053,"31-10-2019","Xiaodong Sheng","Kunlavut Vitidsarn",0,0.391307741842501
"MS",1,2,"time_weighted",3054,"31-10-2019","Fei Xiang Sun","Wan Ho Son",1,0.618179643477026
"MS",1,2,"time_weighted",3058,"01-11-2019","Chico Aura Dwi Wardoyo","Fei Xiang Sun",0,0.108464710805676
"MS",1,2,"time_weighted",3065,"29-10-2019","Innocenzo Santoro","Jonas Scheller",0,0.16115021502093
"MS",1,2,"time_weighted",3069,"29-10-2019","Kiran George","Hai Chao Liu",1,0.547104623374331
"MS",1,2,"time_weighted",3072,"29-10-2019","Joran Kweekel","Julien Carraggi",1,0.512549005612887
"MS",1,2,"time_weighted",3074,"29-10-2019","Samuel Hsiao","Max Weisskirchen",1,0.43673835568957
"MS",1,2,"time_weighted",3082,"29-10-2019","Joshua Magee","Felix Burestedt",1,0.437630975850475
"MS",1,2,"time_weighted",3097,"30-10-2019","Joshua Magee","Toby Penty",0,0.294433615569484
"MS",1,2,"time_weighted",3102,"31-10-2019","Lucas Corvee","Max Weisskirchen",0,0.403290797032853
"MS",1,2,"time_weighted",3108,"01-11-2019","Max Weisskirchen","Lakshya Sen",0,0.182982415973145
"MS",1,2,"time_weighted",3113,"02-11-2019","Kiran George","Lakshya Sen",1,0.181711246203888
"MS",1,2,"time_weighted",3119,"05-11-2019","Rasmus Gemke","H. S. Prannoy",1,0.674355652933066
"MS",1,2,"time_weighted",3124,"06-11-2019","Kantaphon Wangcharoen","Anders Antonsen",0,0.220254340235544
"MS",1,2,"time_weighted",3136,"07-11-2019","Kenta Nishimoto","Tien Chen Chou",0,0.269263580904543
"MS",1,2,"time_weighted",3137,"07-11-2019","Ka Long Angus Ng","Jan O Jorgensen",1,0.685623713020492
"MS",1,2,"time_weighted",3138,"07-11-2019","Cheuk Yiu Lee","Jonatan Christie",1,0.059568313671008
"MS",1,2,"time_weighted",3143,"09-11-2019","Kento Momota","Rasmus Gemke",1,0.830491695867958
"MS",1,2,"time_weighted",3149,"12-11-2019","Daren Liew","Yehezkiel Fritz Mainaky",1,0.821980257209465
"MS",1,2,"time_weighted",3154,"12-11-2019","Lucas Claerbout","Sourabh Verma",0,0.345438828051293
"MS",1,2,"time_weighted",3163,"13-11-2019","Viktor Axelsen","Wan Ho Son",1,0.781863919411352
"MS",1,2,"time_weighted",3164,"13-11-2019","Ka Long Angus Ng","Anthony Sinisuka Ginting",1,0.390976248054992
"MS",1,2,"time_weighted",3169,"13-11-2019","Hans-Kristian Solberg Vittinghus","Dan Lin",0,0.535993144316843
"MS",1,2,"time_weighted",3171,"13-11-2019","Kantaphon Wangcharoen","Jan O Jorgensen",1,0.325360083054788
"MS",1,2,"time_weighted",3184,"15-11-2019","Anthony Sinisuka Ginting","Tien Chen Chou",1,0.18305587594227
"MS",1,2,"time_weighted",3193,"19-11-2019","Chun-Yi Lin","Ping-Hsien Huang",1,0.346656311972576
"MS",1,2,"time_weighted",3200,"20-11-2019","Donghun Kim","Sourabh Verma",1,0.276130374623165
"MS",1,2,"time_weighted",3202,"20-11-2019","Kanta Tsuneyama","Chia Hung Lu",1,0.741200208440074
"MS",1,2,"time_weighted",3214,"20-11-2019","Shi Feng Li","Kunlavut Vitidsarn",0,0.47866863572884
"MS",1,2,"time_weighted",3215,"21-11-2019","Srikanth Kidambi","Kanta Tsuneyama",0,0.326902366514199
"MS",1,2,"time_weighted",3224,"22-11-2019","Donghun Kim","Kanta Tsuneyama",0,0.647561811414556
"MS",1,2,"time_weighted",3234,"26-11-2019","Chirag Sen","B.M.Rahul Bharadwaj",1,0.502427927392078
"MS",1,2,"time_weighted",3236,"26-11-2019","Shreyansh Jaiswal","Kevin Arokia Walter",1,0.686761803160687
"MS",1,2,"time_weighted",3240,"26-11-2019","Chirag Sen","Ansal Yadav",0,0.392687375518846
"MS",1,2,"time_weighted",3246,"27-11-2019","Alap Mishra","Georges Julien Paul",1,0.695837111759691
"MS",1,2,"time_weighted",3250,"27-11-2019","Jun Peng Zhao","Nhat Nguyen",1,0.780995626048378
"MS",1,2,"time_weighted",3254,"27-11-2019","Kwang Hee Heo","Kai Schaefer",1,0.657135652745788
"MS",1,2,"time_weighted",3268,"30-11-2019","Tzu Wei Wang","Wan Ho Son",1,0.617046931561167
"MS",1,2,"time_weighted",3271,"11-12-2019","Long Chen","Viktor Axelsen",0,0.851411654998273
"MS",1,2,"time_weighted",3276,"12-12-2019","Tien Chen Chou","Viktor Axelsen",1,0.386389759412512
"MS",1,2,"time_weighted",3281,"13-12-2019","Kento Momota","Jonatan Christie",1,0.864802477213254
"MS",1,2,"time_weighted",3282,"13-12-2019","Anders Antonsen","Tzu Wei Wang",0,0.623537585869465
"MS",1,2,"time_weighted",3286,"07-01-2020","Joo Ven Soong","Wing Ki Vincent Wong",0,0.850714675506132
"MS",1,2,"time_weighted",3287,"07-01-2020","Daren Liew","Subhankar Dey",1,0.653510692989579
"MS",1,2,"time_weighted",3289,"07-01-2020","Kwang Hee Heo","Khosit Phetpradab",1,0.690915981393773
"MS",1,2,"time_weighted",3292,"07-01-2020","Lakshya Sen","Hans-Kristian Solberg Vittinghus",0,0.832291971249759
"MS",1,2,"time_weighted",3295,"07-01-2020","Daren Liew","Jun Peng Zhao",1,0.664230051338971
"MS",1,2,"time_weighted",3296,"07-01-2020","Kwang Hee Heo","Hans-Kristian Solberg Vittinghus",0,0.48243427393141
"MS",1,2,"time_weighted",3297,"07-01-2020","Fei Xiang Sun","Dong Keun Lee",1,0.902162783630246
"MS",1,2,"time_weighted",3306,"08-01-2020","Sameer Verma","Kantaphon Wangcharoen",1,0.500239784441771
"MS",1,2,"time_weighted",3309,"08-01-2020","Anthony Sinisuka Ginting","Yu Xiang Huang",0,0.751355014646915
"MS",1,2,"time_weighted",3319,"09-01-2020","Yu Qi Shi","Guang Zu Lu",1,0.591905099248017
"MS",1,2,"time_weighted",3323,"10-01-2020","Zii Jia Lee","Yu Qi Shi",1,0.389803048374461
"MS",1,2,"time_weighted",3330,"14-01-2020","Jun Peng Zhao","Khosit Phetpradab",1,0.805659746942926
"MS",1,2,"time_weighted",3333,"14-01-2020","Brice Leverdez","Wing Ki Vincent Wong",1,0.819420839360341
"MS",1,2,"time_weighted",3336,"14-01-2020","Hans-Kristian Solberg Vittinghus","Thomas Rouxel",1,0.612978279615829
"MS",1,2,"time_weighted",3343,"15-01-2020","Viktor Axelsen","Dan Lin",1,0.835270194328114
"MS",1,2,"time_weighted",3344,"15-01-2020","Jun Peng Zhao","Hans-Kristian Solberg Vittinghus",1,0.349709803526912
"MS",1,2,"time_weighted",3351,"15-01-2020","Wan Ho Son","Anders Antonsen",0,0.257289589566618
"MS",1,2,"time_weighted",3352,"15-01-2020","Jan O Jorgensen","Ka Long Angus Ng",0,0.469686727929009
"MS",1,2,"time_weighted",3362,"16-01-2020","Kean Yew Loh","Jun Peng Zhao",0,0.218956178375986
"MS",1,2,"time_weighted",3367,"17-01-2020","Yu Xiang Huang","Anthony Sinisuka Ginting",0,0.179720861302805
"MS",1,2,"time_weighted",3372,"21-01-2020","Lucas Claerbout","Joo Ven Soong",0,0.393046756592239
"MS",1,2,"time_weighted",3373,"21-01-2020","Chia Hung Lu","Adulrach Namkul",1,0.756763210804858
"MS",1,2,"time_weighted",3377,"21-01-2020","Lucas Corvee","Nhat Nguyen",1,0.369773744801289
"MS",1,2,"time_weighted",3379,"21-01-2020","Toma Junior Popov","Sergey Sirant",0,0.266125963070112
"MS",1,2,"time_weighted",3382,"21-01-2020","Joo Ven Soong","Teck Zhi Soo",1,0.663628083669778
"MS",1,2,"time_weighted",3387,"22-01-2020","Wan Ho Son","Shi Feng Li",0,0.576945357723244
"MS",1,2,"time_weighted",3395,"22-01-2020","Tien Minh Nguyen","Jun Peng Zhao",0,0.290874590398664
"MS",1,2,"time_weighted",3398,"22-01-2020","Vladimir Malkov","Kunlavut Vitidsarn",0,0.211506053639096
"MS",1,2,"time_weighted",3401,"23-01-2020","Tzu Wei Wang","Jun Peng Zhao",0,0.64947003818294
"MS",1,2,"time_weighted",3402,"23-01-2020","Shi Feng Li","Ka Long Angus Ng",0,0.239769817240946
"MS",1,2,"time_weighted",3413,"25-01-2020","Ka Long Angus Ng","Yu Qi Shi",1,0.537973902388821
"MS",1,2,"time_weighted",3414,"26-01-2020","Kenta Nishimoto","Ka Long Angus Ng",0,0.517548566496396
"MS",1,2,"time_weighted",3415,"18-02-2020","Karan Rajan Rajarajan","Kari Gunnarsson",1,0.646184994934375
"MS",1,2,"time_weighted",3429,"19-02-2020","Rasmus Gemke","Artem Pochtarov",1,0.829526509595772
"MS",1,2,"time_weighted",3434,"19-02-2020","Felix Burestedt","Nhat Nguyen",0,0.349904838020935
"MS",1,2,"time_weighted",3436,"19-02-2020","Kunlavut Vitidsarn","Jacob Nilsson",1,0.758138963183118
"MS",1,2,"time_weighted",3437,"19-02-2020","Kai Schaefer","Misha Zilberman",1,0.363765935916226
"MS",1,2,"time_weighted",3438,"19-02-2020","Sameer Verma","Lucas Claerbout",1,0.643961314869818
"MS",1,2,"time_weighted",3443,"20-02-2020","Kai Schaefer","Sameer Verma",1,0.345942900294895
"MS",1,2,"time_weighted",3450,"21-02-2020","Kunlavut Vitidsarn","Sameer Verma",1,0.59123284883656
"MS",1,2,"time_weighted",3451,"21-02-2020","Viktor Axelsen","Jan O Jorgensen",1,0.874206892106577
"MS",1,2,"time_weighted",3461,"11-03-2020","Kanta Tsuneyama","Kwang Hee Heo",0,0.624918130242914
"MS",1,2,"time_weighted",3483,"14-03-2020","Zii Jia Lee","Viktor Axelsen",0,0.428430314003859
"MS",1,2,"time_weighted",3489,"13-10-2020","Rasmus Gemke","Luís Enrique Peñalver",1,0.620164758024698
"MS",1,2,"time_weighted",3491,"13-10-2020","Max Weisskirchen","Timothy Lam",1,0.719790100519146
"MS",1,2,"time_weighted",3493,"13-10-2020","Mark Caljouw","Kalle Koljonen",0,0.784422894357948
"MS",1,2,"time_weighted",3498,"14-10-2020","Toma Junior Popov","Sankeerth B. R.",1,0.86304177000903
"MS",1,2,"time_weighted",3502,"15-10-2020","Jason Anthony Ho-Shue","Srikanth Kidambi",0,0.194751268105284
"MS",1,2,"time_weighted",3504,"15-10-2020","Kenta Nishimoto","Brice Leverdez",1,0.747208446173903
"MS",1,2,"time_weighted",3509,"15-10-2020","Brian Yang","Max Weisskirchen",0,0.449821428971737
"MS",1,2,"time_weighted",3514,"17-10-2020","Rasmus Gemke","Kenta Nishimoto",1,0.566487082559431
"MS",1,2,"time_weighted",3522,"27-10-2020","Mads Christophersen","Julien Carraggi",1,0.77745481896892
"MS",1,2,"time_weighted",3523,"27-10-2020","Jeppe Bruun","Albin Carl Hjelm",1,0.696445438871524
"MS",1,2,"time_weighted",3544,"28-10-2020","Victor Svendsen","Luís Enrique Peñalver",1,0.50957324985295
"MS",1,2,"time_weighted",3546,"29-10-2020","Victor Svendsen","Brian Yang",0,0.717433254638242
"MS",1,2,"time_weighted",3547,"29-10-2020","Nhat Nguyen","Mark Caljouw",0,0.600321683353904
"MS",1,2,"time_weighted",3549,"29-10-2020","Toma Junior Popov","Thomas Rouxel",1,0.636984854479401
"MS",1,2,"time_weighted",3550,"29-10-2020","Ivan Rusev","Toby Penty",1,0.193654804911874
"MS",1,2,"time_weighted",3552,"29-10-2020","Rasmus Gemke","Max Weisskirchen",1,0.497193187135773
"MS",1,2,"time_weighted",3568,"13-01-2021","Brice Leverdez","Tzu Wei Wang",1,0.206587420884208
"MS",1,2,"time_weighted",3574,"13-01-2021","Srikanth Kidambi","Sourabh Verma",1,0.6455002752369
"MS",1,2,"time_weighted",3576,"14-01-2021","Anthony Sinisuka Ginting","Kunlavut Vitidsarn",1,0.781719329503344
"MS",1,2,"time_weighted",3581,"14-01-2021","Cheuk Yiu Lee","Daren Liew",1,0.685500549505354
"MS",1,2,"time_weighted",3586,"15-01-2021","Rasmus Gemke","Anthony Sinisuka Ginting",1,0.243381648292235
"MS",1,2,"time_weighted",3587,"16-01-2021","Ka Long Angus Ng","Tien Chen Chou",1,0.360249869885575
"MS",1,2,"time_weighted",3590,"19-01-2021","Srikanth Kidambi","Sitthikom Thammasin",1,0.70892057743466
"MS",1,2,"time_weighted",3608,"21-01-2021","Sameer Verma","Rasmus Gemke",1,0.546112490338119
"MS",1,2,"time_weighted",3613,"22-01-2021","Daren Liew","Viktor Axelsen",0,0.200634121613148
"MS",1,2,"time_weighted",3626,"28-01-2021","Anders Antonsen","Ka Long Angus Ng",1,0.583357483794095
"MS",1,2,"time_weighted",3631,"30-01-2021","Anders Antonsen","Tzu Wei Wang",0,0.732641755366683
"MS",1,2,"time_weighted",3632,"30-01-2021","Viktor Axelsen","Tien Chen Chou",1,0.875219066895675
"MS",1,2,"time_weighted",3637,"03-03-2021","Toma Junior Popov","Brian Yang",0,0.667644196802253
"MS",1,2,"time_weighted",3638,"03-03-2021","Mark Caljouw","H. S. Prannoy",0,0.547096766297335
"MS",1,2,"time_weighted",3642,"03-03-2021","Viktor Axelsen","Jason Anthony Ho-Shue",1,0.956644469756892
"MS",1,2,"time_weighted",3659,"05-03-2021","Viktor Axelsen","Shesar Hiren Rhustavito",1,0.852267287962931
"MS",1,2,"time_weighted",3660,"05-03-2021","Srikanth Kidambi","Kantaphon Wangcharoen",1,0.62935130714933
"MS",1,2,"time_weighted",3661,"05-03-2021","Kunlavut Vitidsarn","Ajay Jayaram",1,0.776134937482798
"MS",1,2,"time_weighted",3669,"17-03-2021","Srikanth Kidambi","Nhat Nguyen",1,0.447126940767248
"MS",1,2,"time_weighted",3675,"17-03-2021","Ygor Coelho","Sameer Verma",0,0.185862829938741
"MS",1,2,"time_weighted",3682,"18-03-2021","Thomas Rouxel","Lakshya Sen",0,0.36772584028804
"MS",1,2,"time_weighted",3683,"18-03-2021","Nhat Nguyen","Mark Caljouw",0,0.466882143093938
"MS",1,2,"time_weighted",3685,"18-03-2021","B. Sai Praneeth","Viktor Axelsen",0,0.230081395741255
"MS",1,2,"time_weighted",3688,"19-03-2021","Sitthikom Thammasin","Viktor Axelsen",0,0.0296521241537175
"MS",1,2,"time_weighted",3691,"20-03-2021","Zii Jia Lee","Mark Caljouw",1,0.757105965575184
"MS",1,2,"time_weighted",3698,"23-03-2021","Yanis Gaudin","Valentin Singer",1,0.744088119125739
"MS",1,2,"time_weighted",3705,"23-03-2021","Mohamed Abderrahime Belarbi","Thomas Fourcade",0,0.251603189924567
"MS",1,2,"time_weighted",3707,"23-03-2021","Youcef Sabri Medel","Magnus Johannesen",0,0.230910434455854
"MS",1,2,"time_weighted",3713,"23-03-2021","Martin Bundgaard","Thomas Fourcade",0,0.640575682411145
"MS",1,2,"time_weighted",3714,"23-03-2021","Mads Thøgersen","Julien Carraggi",1,0.57176264094025
"MS",1,2,"time_weighted",3718,"23-03-2021","Ajay Jayaram","Alap Mishra",1,0.484081192192899
"MS",1,2,"time_weighted",3726,"23-03-2021","Joo Ven Soong","Johnnie Torjussen",1,0.715811787053752
"MS",1,2,"time_weighted",3734,"24-03-2021","Srikanth Kidambi","Ajay Jayaram",1,0.620635777578182
"MS",1,2,"time_weighted",3735,"24-03-2021","Ditlev Jaeger Holm","B.M.Rahul Bharadwaj",1,0.659337366613941
"MS",1,2,"time_weighted",3736,"24-03-2021","H. S. Prannoy","Kiran George",0,0.614677329413588
"MS",1,2,"time_weighted",3738,"24-03-2021","Thomas Rouxel","Harry Huang",0,0.503234444743868
"MS",1,2,"time_weighted",3741,"24-03-2021","Mads Christophersen","Fabio Caponio",1,0.825017215791512
"MS",1,2,"time_weighted",3751,"25-03-2021","Kiran George","Brice Leverdez",1,0.34090515529057
"MS",1,2,"time_weighted",3756,"26-03-2021","Srikanth Kidambi","Toma Junior Popov",0,0.475865401019258
"MS",1,2,"time_weighted",3757,"26-03-2021","Ditlev Jaeger Holm","Hans-Kristian Solberg Vittinghus",0,0.230169694027874
"MS",2,3,"max_streak",3,"09-01-2018","Mek Narongrit","Yee Han Chong",1,0.506272885325281
"MS",2,3,"max_streak",17,"10-01-2018","Tien Minh Nguyen","Jason Anthony Ho-Shue",1,0.540300274288963
"MS",2,3,"max_streak",23,"10-01-2018","Daren Liew","Khosit Phetpradab",1,0.528015638756204
"MS",2,3,"max_streak",58,"17-01-2018","Kazumasa Sakai","Tzu Wei Wang",0,0.56750681946376
"MS",2,3,"max_streak",62,"17-01-2018","Iskandar Zulkarnain","Anders Antonsen",0,0.618305809165245
"MS",2,3,"max_streak",74,"18-01-2018","Daren Liew","Hyeok Jin Jeon",1,0.555538438408868
"MS",2,3,"max_streak",85,"21-01-2018","Viktor Axelsen","Kenta Nishimoto",1,0.672933009778571
"MS",2,3,"max_streak",92,"23-01-2018","Chao Yu Kan","Lucas Corvee",0,0.514485904961368
"MS",2,3,"max_streak",108,"24-01-2018","Suppanyu Avihingsanon","Emil Holst",1,0.596976165170823
"MS",2,3,"max_streak",110,"24-01-2018","Brice Leverdez","Yuxiang Huang",1,0.545180952341725
"MS",2,3,"max_streak",122,"26-01-2018","Anthony Sinisuka Ginting","Long Chen",1,0.550900754590397
"MS",2,3,"max_streak",127,"27-01-2018","Kazumasa Sakai","Wan Ho Son",1,0.578385641061473
"MS",2,3,"max_streak",131,"30-01-2018","Joo Ven Soong","Siddharth Pratap Singh",0,0.555949489291565
"MS",2,3,"max_streak",139,"30-01-2018","Daren Liew","Rahul Yadav Chittaboina",1,0.560873782170159
"MS",2,3,"max_streak",155,"31-01-2018","Bin Qiao","Zii Jia Lee",1,0.56750681946376
"MS",2,3,"max_streak",158,"01-02-2018","Shreyansh Jaiswal","Kashyap Parupalli",0,0.547114734197579
"MS",2,3,"max_streak",194,"21-02-2018","Emil Holst","Arnaud Merkle",0,0.489083599765694
"MS",2,3,"max_streak",219,"06-03-2018","Thomas Rouxel","Dmytro Zavadsky",0,0.483735089040326
"MS",2,3,"max_streak",222,"06-03-2018","Alexander Roovers","Junpeng Zhao",0,0.518722421181691
"MS",2,3,"max_streak",252,"09-03-2018","Anthony Sinisuka Ginting","Yuqi Shi",0,0.460370107617645
"MS",2,3,"max_streak",256,"10-03-2018","Yuqi Shi","Ka Long Angus Ng",0,0.663627842989732
"MS",2,3,"max_streak",266,"14-03-2018","Wan Ho Son","B. Sai Praneeth",1,0.518340772930797
"MS",2,3,"max_streak",272,"14-03-2018","H. S. Prannoy","Tien Chen Chou",1,0.323916845688956
"MS",2,3,"max_streak",284,"16-03-2018","Kenta Nishimoto","Wan Ho Son",0,0.581480341593281
"MS",2,3,"max_streak",302,"27-03-2018","Hemanth M.Gowda","Alex Vlaar",1,0.472832380952791
"MS",2,3,"max_streak",334,"28-03-2018","Lucas Corvee","Kalle Koljonen",1,0.653896100157937
"MS",2,3,"max_streak",346,"29-03-2018","Alexander Roovers","Sam Parsons",1,0.400104177936126
"MS",2,3,"max_streak",351,"30-03-2018","Sameer Verma","Lucas Corvee",1,0.576987499141372
"MS",2,3,"max_streak",353,"30-03-2018","Lucas Claerbout","Alexander Roovers",1,0.439295234991951
"MS",2,3,"max_streak",356,"31-03-2018","Sameer Verma","Mark Caljouw",0,0.59741214420814
"MS",2,3,"max_streak",360,"10-04-2018","Saputra Vicky Angga","Pengbo Ren",0,0.4349727946227
"MS",2,3,"max_streak",380,"11-04-2018","Yu Jen Chi","Panji Ahmad Maulana",0,0.45394918904244
"MS",2,3,"max_streak",391,"12-04-2018","Ihsan Maulana Mustofa","Zeqi Zhou",0,0.460479475155587
"MS",2,3,"max_streak",394,"12-04-2018","Kwang Hee Heo","Daren Liew",0,0.345829833073562
"MS",2,3,"max_streak",397,"13-04-2018","Yu Hsien Lin","Iskandar Zulkarnain",1,0.395217621820226
"MS",2,3,"max_streak",449,"08-05-2018","Yang Shen","Dimitri Han",1,0.555416113120215
"MS",2,3,"max_streak",467,"09-05-2018","Ajay Jayaram","Riichi Takeshita",0,0.428078118671051
"MS",2,3,"max_streak",509,"13-06-2018","Xiaodong Sheng","Kai Schaefer",1,0.611227926542596
"MS",2,3,"max_streak",516,"14-06-2018","Kalle Koljonen","Mark Caljouw",0,0.373261973296212
"MS",2,3,"max_streak",521,"14-06-2018","Suppanyu Avihingsanon","Guangzu Lu",0,0.297963375591551
"MS",2,3,"max_streak",529,"16-06-2018","Dong Keun Lee","Khosit Phetpradab",1,0.56903913957655
"MS",2,3,"max_streak",553,"19-06-2018","Cao Cuong Pham","Timothy Lam",1,0.411732100382753
"MS",2,3,"max_streak",588,"22-06-2018","Toby Penty","Guangzu Lu",0,0.313453664317921
"MS",2,3,"max_streak",613,"28-06-2018","Ka Long Angus Ng","Tien Chen Chou",0,0.384849056522059
"MS",2,3,"max_streak",679,"11-07-2018","Kantaphon Wangcharoen","Jun Hao Leong",1,0.558607054199678
"MS",2,3,"max_streak",682,"12-07-2018","Tommy Sugiarto","Tanongsak Saensomboonsuk",1,0.645413328024785
"MS",2,3,"max_streak",685,"12-07-2018","Kashyap Parupalli","Kanta Tsuneyama",0,0.544483358648635
"MS",2,3,"max_streak",699,"17-07-2018","Jun Hao Leong","Chao Yu Kan",1,0.704985456641863
"MS",2,3,"max_streak",715,"18-07-2018","Firman Abdul Kholik","Ihsan Maulana Mustofa",0,0.573233154936693
"MS",2,3,"max_streak",719,"18-07-2018","Hyun Il Lee","Zii Jia Lee",1,0.635554688840203
"MS",2,3,"max_streak",723,"18-07-2018","Toby Penty","Ka Long Angus Ng",0,0.501365872615001
"MS",2,3,"max_streak",735,"20-07-2018","Jen Hao Hsu","Yuxiang Huang",1,0.337672240381866
"MS",2,3,"max_streak",747,"24-07-2018","Eetu Heino","Sergey Sirant",0,0.413659477118952
"MS",2,3,"max_streak",753,"25-07-2018","Ilya Kamyshenkov","Vladimir Nikulov",0,0.472341027016246
"MS",2,3,"max_streak",781,"29-07-2018","Sourabh Verma","Koki Watanabe",1,0.585881151991153
"MS",2,3,"max_streak",795,"24-07-2018","Yiming Xu","Yun Kyu Lee",1,0.427639615876798
"MS",2,3,"max_streak",810,"25-07-2018","Nabin Shrestha","Ihsan Maulana Mustofa",0,0.419729864043928
"MS",2,3,"max_streak",831,"07-08-2018","Saran Jamsri","Faiz Rozain",1,0.472832380952791
"MS",2,3,"max_streak",844,"07-08-2018","Seng Zoe Yeoh","En Chia Chang",1,0.526905289663319
"MS",2,3,"max_streak",852,"07-08-2018","Minoru Koga","Zin Rei Ryan Ng",1,0.587281663478368
"MS",2,3,"max_streak",865,"08-08-2018","Mithun Manjunath","Ryotaro Maruo",1,0.413014089710923
"MS",2,3,"max_streak",886,"09-08-2018","Zeqi Zhou","Wei Feng Chong",1,0.531071290273191
"MS",2,3,"max_streak",897,"28-08-2018","Alex Alcala Dominguez","Alvaro Vazquez",0,0.518607490224013
"MS",2,3,"max_streak",906,"28-08-2018","Riichi Takeshita","Kodai Naraoka",1,0.393475513373833
"MS",2,3,"max_streak",914,"29-08-2018","Luís Enrique Peñalver","Raul Must",1,0.502410325514111
"MS",2,3,"max_streak",918,"29-08-2018","Rosario Maddaloni","Vladimir Malkov",0,0.391628539588797
"MS",2,3,"max_streak",944,"04-09-2018","Sai Charan Koya","Siddharth .",0,0.472832380952791
"MS",2,3,"max_streak",960,"04-09-2018","Kaushal Dharmamer","Ajay Kumar K.",1,0.626473164660972
"MS",2,3,"max_streak",977,"05-09-2018","Ikhsan Leonardo Imanuel Rumbay","Rahul Yadav Chittaboina",1,0.586435445063387
"MS",2,3,"max_streak",990,"05-09-2018","Siril Verma","Chirag Sen",0,0.620706125624911
"MS",2,3,"max_streak",1014,"11-09-2018","Tommy Sugiarto","Long Chen",0,0.68306537425109
"MS",2,3,"max_streak",1026,"13-09-2018","Tien Chen Chou","Dan Lin",0,0.500111558496606
"MS",2,3,"max_streak",1033,"14-09-2018","Srikanth Kidambi","Dong Keun Lee",0,0.39725347229893
"MS",2,3,"max_streak",1052,"18-09-2018","Bobby Setiabudi","Muhammad Rehan Diaz",0,0.551430650479054
"MS",2,3,"max_streak",1081,"19-09-2018","Chico Aura Dwi Wardoyo","Firman Abdul Kholik",0,0.524298131409483
"MS",2,3,"max_streak",1086,"19-09-2018","Ihsan Maulana Mustofa","Fikri Ihsandi Hadmadi",1,0.532426794436209
"MS",2,3,"max_streak",1087,"19-09-2018","Guoxing Huang","Syabda Perkasa Belawa",0,0.525366771190801
"MS",2,3,"max_streak",1089,"19-09-2018","Ajay Kumar K.","Andre Marteen",0,0.501574243083092
"MS",2,3,"max_streak",1107,"18-09-2018","Wan Ho Son","Cheuk Yiu Lee",1,0.731484653266806
"MS",2,3,"max_streak",1111,"18-09-2018","Long Chen","Yuxiang Huang",1,0.530447191932338
"MS",2,3,"max_streak",1139,"25-09-2018","Yin Chak Chan","Chao Yu Kan",1,0.66715385701781
"MS",2,3,"max_streak",1164,"26-09-2018","Anders Antonsen","Sameer Verma",1,0.36586911369031
"MS",2,3,"max_streak",1171,"27-09-2018","Wan Ho Son","Kwang Hee Heo",0,0.434081455879483
"MS",2,3,"max_streak",1190,"02-10-2018","Yin Chak Chan","Chao Yu Kan",1,0.50583792322447
"MS",2,3,"max_streak",1210,"04-10-2018","Yin Chak Chan","Cheuk Yiu Lee",0,0.515751450620527
"MS",2,3,"max_streak",1232,"09-10-2018","Sam Parsons","Toma Junior Popov",0,0.436469441502433
"MS",2,3,"max_streak",1234,"09-10-2018","Victor Svendsen","Zvonimir Durkinjak",1,0.521503611492442
"MS",2,3,"max_streak",1240,"09-10-2018","Artem Pochtarov","Joo Ven Soong",0,0.305463105180336
"MS",2,3,"max_streak",1271,"12-10-2018","Kashyap Parupalli","June Wei Cheam",0,0.477447895356421
"MS",2,3,"max_streak",1280,"16-10-2018","Anthony Sinisuka Ginting","Kento Momota",0,0.45445295804283
"MS",2,3,"max_streak",1287,"17-10-2018","Kenta Nishimoto","Rasmus Gemke",1,0.56651342403967
"MS",2,3,"max_streak",1290,"17-10-2018","Kanta Tsuneyama","Daren Liew",1,0.54339233299867
"MS",2,3,"max_streak",1320,"24-10-2018","Kazumasa Sakai","Dan Lin",1,0.424652654364861
"MS",2,3,"max_streak",1322,"24-10-2018","Sameer Verma","Jonatan Christie",0,0.531712905739847
"MS",2,3,"max_streak",1333,"26-10-2018","Kantaphon Wangcharoen","Rasmus Gemke",0,0.421303984897818
"MS",2,3,"max_streak",1341,"30-10-2018","Kuei Chun Shih","Mithun Manjunath",0,0.331587610214517
"MS",2,3,"max_streak",1350,"31-10-2018","Adulrach Namkul","Riichi Takeshita",0,0.370993054032906
"MS",2,3,"max_streak",1372,"01-11-2018","Sitthikom Thammasin","Yu Hsien Lin",1,0.422164793103034
"MS",2,3,"max_streak",1378,"03-11-2018","Hyun Il Lee","Sitthikom Thammasin",1,0.499532823544412
"MS",2,3,"max_streak",1420,"01-11-2018","Lucas Claerbout","Michal Rogalski",1,0.414843262911888
"MS",2,3,"max_streak",1423,"01-11-2018","Kean Yew Loh","Rajiv Ouseph",0,0.55523957626512
"MS",2,3,"max_streak",1461,"09-11-2018","Anthony Sinisuka Ginting","Yuqi Shi",0,0.422377830325982
"MS",2,3,"max_streak",1465,"11-11-2018","Kento Momota","Tien Chen Chou",1,0.66319095907906
"MS",2,3,"max_streak",1472,"13-11-2018","Tanongsak Saensomboonsuk","Wei Feng Chong",1,0.518048432698247
"MS",2,3,"max_streak",1475,"13-11-2018","Jen Hao Hsu","Kashyap Parupalli",0,0.430498190004523
"MS",2,3,"max_streak",1489,"14-11-2018","Jan O Jorgensen","Tommy Sugiarto",1,0.534479877290482
"MS",2,3,"max_streak",1518,"21-11-2018","Milan Ludik","Rahul Yadav Chittaboina",1,0.528905383417553
"MS",2,3,"max_streak",1528,"21-11-2018","Ajay Jayaram","Harsheel Dani",0,0.522354154816768
"MS",2,3,"max_streak",1544,"23-11-2018","Zeqi Zhou","Sameer Verma",0,0.573071467542035
"MS",2,3,"max_streak",1548,"25-11-2018","Guangzu Lu","Sameer Verma",0,0.68278975814261
"MS",2,3,"max_streak",1582,"21-11-2018","Kean Yew Loh","Jason Anthony Ho-Shue",0,0.560393920302724
"MS",2,3,"max_streak",1593,"22-11-2018","Alexander Roovers","Luka Wraber",0,0.508066942163296
"MS",2,3,"max_streak",1608,"23-11-2018","Nick Fransman","Haichao Liu",0,0.346568994286601
"MS",2,3,"max_streak",1655,"30-11-2018","Wan Ho Son","Ihsan Maulana Mustofa",1,0.619201100064127
"MS",2,3,"max_streak",1665,"12-12-2018","Tommy SUGIARTO","Kantaphon WANGCHAROEN",1,0.999999395358163
"MS",2,3,"max_streak",1682,"08-01-2019","Elias Bracke","Xiaodong Sheng",1,0.543572877630487
"MS",2,3,"max_streak",1689,"09-01-2019","Dan Lin","Kunlavut Vitidsarn",1,0.498820026784034
"MS",2,3,"max_streak",1693,"09-01-2019","Cheuk Yiu Lee","Vladimir Malkov",1,0.641254993732025
"MS",2,3,"max_streak",1722,"15-01-2019","Sitthikom Thammasin","Junpeng Zhao",1,0.679424430526373
"MS",2,3,"max_streak",1731,"15-01-2019","Tanongsak Saensomboonsuk","Iskandar Zulkarnain",1,0.403157850021806
"MS",2,3,"max_streak",1810,"19-02-2019","Armand Rodriguez","Mohamed Abderrahime Belarbi",0,0.569168974066129
"MS",2,3,"max_streak",1811,"19-02-2019","Iikka Heino","Milan Ludik",1,0.621707617156056
"MS",2,3,"max_streak",1829,"20-02-2019","Iikka Heino","Subhankar Dey",1,0.511904903498088
"MS",2,3,"max_streak",1842,"22-02-2019","Pengbo Ren","Pablo Abian",1,0.658184857968295
"MS",2,3,"max_streak",1877,"28-02-2019","Dan Lin","Hans-Kristian Solberg Vittinghus",0,0.551451394312217
"MS",2,3,"max_streak",1883,"28-02-2019","Cheuk Yiu Lee","Tien Chen Chou",0,0.34752355995832
"MS",2,3,"max_streak",1893,"06-03-2019","Sameer Verma","Viktor Axelsen",0,0.423780237280508
"MS",2,3,"max_streak",1909,"07-03-2019","Yuxiang Huang","Tommy Sugiarto",0,0.341387579832706
"MS",2,3,"max_streak",1921,"10-03-2019","Kento Momota","Viktor Axelsen",1,0.631146225259214
"MS",2,3,"max_streak",1938,"12-03-2019","Chun-Yi Lin","Wei Chi Liu",1,0.458230923749208
"MS",2,3,"max_streak",1962,"13-03-2019","Young Woong Ha","Shesar Hiren Rhustavito",1,0.347486048446734
"MS",2,3,"max_streak",1969,"14-03-2019","Ihsan Maulana Mustofa","Iskandar Zulkarnain",0,0.444349745917538
"MS",2,3,"max_streak",1980,"15-03-2019","Donghun Kim","Hongyang Weng",0,0.401649991937849
"MS",2,3,"max_streak",1981,"16-03-2019","Iskandar Zulkarnain","Haichao Liu",0,0.449953925231908
"MS",2,3,"max_streak",1996,"13-03-2019","Kalle Koljonen","Ygor Coelho",0,0.665919998845213
"MS",2,3,"max_streak",2035,"19-03-2019","Valentin Singer","Christian Kirchmayr",1,0.493677149399637
"MS",2,3,"max_streak",2076,"20-03-2019","Lucas Claerbout","Eetu Heino",0,0.553427154057283
"MS",2,3,"max_streak",2090,"22-03-2019","Thomas Rouxel","Eetu Heino",1,0.524381935402114
"MS",2,3,"max_streak",2105,"26-03-2019","Sarath Dunna","Kartik Jindal",0,0.403646563825573
"MS",2,3,"max_streak",2112,"27-03-2019","Srikanth Kidambi","Wing Ki Vincent Wong",1,0.751570696347689
"MS",2,3,"max_streak",2122,"27-03-2019","Junpeng Zhao","Guangzu Lu",0,0.489857353113822
"MS",2,3,"max_streak",2125,"28-03-2019","Sameer Verma","B. Sai Praneeth",0,0.540559818547057
"MS",2,3,"max_streak",2162,"04-04-2019","Sitthikom Thammasin","Kanta Tsuneyama",0,0.463005843127256
"MS",2,3,"max_streak",2167,"06-04-2019","Jonatan Christie","Long Chen",0,0.510376527279566
"MS",2,3,"max_streak",2207,"12-04-2019","Viktor Axelsen","Jonatan Christie",1,0.59690758811999
"MS",2,3,"max_streak",2232,"01-05-2019","Zeqi Zhou","Kazumasa Sakai",0,0.560927663949113
"MS",2,3,"max_streak",2233,"01-05-2019","Tzu Wei Wang","Lakshya Sen",1,0.484862690317352
"MS",2,3,"max_streak",2249,"03-05-2019","Kanta Tsuneyama","H. S. Prannoy",1,0.598234453143001
"MS",2,3,"max_streak",2256,"04-06-2019","Feixiang Sun","Koki Watanabe",1,0.54214245342854
"MS",2,3,"max_streak",2299,"02-07-2019","Sheng Po Yu","Patrick Bjerregaard",1,0.405078986408123
"MS",2,3,"max_streak",2308,"02-07-2019","Seyed Mohammad Hossein Vakili","Mathew Fogarty",1,0.544577848458536
"MS",2,3,"max_streak",2312,"02-07-2019","Lucas Claerbout","Xiaodong Sheng",1,0.482822044793701
"MS",2,3,"max_streak",2345,"04-07-2019","Hai Chao Liu","Shi Feng Li",0,0.464160192280435
"MS",2,3,"max_streak",2358,"09-07-2019","Fei Xiang Sun","Sankeerth B. R.",1,0.580951481143028
"MS",2,3,"max_streak",2366,"09-07-2019","Shi Feng Li","Hong Yang Weng",1,0.540533080644117
"MS",2,3,"max_streak",2377,"10-07-2019","Sourabh Verma","Toby Penty",1,0.668700612542143
"MS",2,3,"max_streak",2381,"10-07-2019","Yu Igarashi","H. S. Prannoy",0,0.434425963239421
"MS",2,3,"max_streak",2388,"11-07-2019","Dong Keun Lee","Koki Watanabe",1,0.379737416310308
"MS",2,3,"max_streak",2402,"16-07-2019","Kantaphon Wangcharoen","Kanta Tsuneyama",1,0.479471062391446
"MS",2,3,"max_streak",2407,"17-07-2019","Tommy Sugiarto","Long Chen",0,0.391208568613073
"MS",2,3,"max_streak",2420,"18-07-2019","Zii Jia Lee","Long Chen",1,0.378103364362434
"MS",2,3,"max_streak",2443,"17-07-2019","Teck Zhi Soo","Runze Yan",0,0.448547716853045
"MS",2,3,"max_streak",2448,"17-07-2019","Siril Verma","Sergey Sirant",1,0.522320544372408
"MS",2,3,"max_streak",2476,"23-07-2019","Kantaphon Wangcharoen","Mark Caljouw",1,0.669999736409666
"MS",2,3,"max_streak",2482,"24-07-2019","H. S. Prannoy","Srikanth Kidambi",1,0.417885537924544
"MS",2,3,"max_streak",2504,"30-07-2019","Ihsan Maulana Mustofa","Chico Aura Dwi Wardoyo",0,0.549777880780143
"MS",2,3,"max_streak",2510,"30-07-2019","Sourabh Verma","Ze Qi Zhou",1,0.581570789085549
"MS",2,3,"max_streak",2527,"31-07-2019","Lucas Claerbout","Shesar Hiren Rhustavito",0,0.512686237842804
"MS",2,3,"max_streak",2528,"31-07-2019","Kantaphon Wangcharoen","B. Sai Praneeth",0,0.568384928637181
"MS",2,3,"max_streak",2532,"01-08-2019","Kanta Tsuneyama","Sitthikom Thammasin",1,0.55569976491212
"MS",2,3,"max_streak",2548,"06-08-2019","Yee Han Chong","Alap Mishra",1,0.413545336648206
"MS",2,3,"max_streak",2576,"06-08-2019","Ikhsan Leonardo Imanuel Rumbay","Kaushal Dharmamer",1,0.378421158237803
"MS",2,3,"max_streak",2580,"07-08-2019","Seng Zoe Yeoh","Luka Wraber",1,0.481616501883336
"MS",2,3,"max_streak",2593,"07-08-2019","Yu Peng Bai","Rahul Yadav Chittaboina",1,0.603404733190308
"MS",2,3,"max_streak",2597,"07-08-2019","Aryamann Tandon","Iskandar Zulkarnain",0,0.417511420424239
"MS",2,3,"max_streak",2624,"14-08-2019","Teck Zhi Soo","Suppanyu Avihingsanon",0,0.39127937938082
"MS",2,3,"max_streak",2641,"16-08-2019","Firman Abdul Kholik","Donghun Kim",1,0.448685236854084
"MS",2,3,"max_streak",2653,"03-09-2019","Yehezkiel Fritz Mainaky","Pang Fong Pui",0,0.433381174022993
"MS",2,3,"max_streak",2669,"04-09-2019","Lucas Claerbout","Tzu Wei Wang",1,0.441735970422398
"MS",2,3,"max_streak",2683,"06-09-2019","Tien Chen Chou","June Wei Cheam",1,0.654363097564515
"MS",2,3,"max_streak",2729,"12-09-2019","Daren Liew","Siril Verma",0,0.44199986433772
"MS",2,3,"max_streak",2764,"17-09-2019","Daren Liew","Sitthikom Thammasin",1,0.423906266869882
"MS",2,3,"max_streak",2771,"18-09-2019","Suppanyu Avihingsanon","B. Sai Praneeth",0,0.393840356845564
"MS",2,3,"max_streak",2785,"20-09-2019","Anthony Sinisuka Ginting","B. Sai Praneeth",1,0.60946337406174
"MS",2,3,"max_streak",2797,"24-09-2019","Teck Zhi Soo","Yu Hsien Lin",0,0.464700402342024
"MS",2,3,"max_streak",2810,"25-09-2019","Rasmus Gemke","Donghun Kim",0,0.537707174045508
"MS",2,3,"max_streak",2811,"25-09-2019","Khosit Phetpradab","Cheuk Yiu Lee",1,0.595922549132862
"MS",2,3,"max_streak",2829,"27-09-2019","Tzu Wei Wang","Jonatan Christie",1,0.345010172226505
"MS",2,3,"max_streak",2863,"01-10-2019","Lan Xi Lei","Giap Chin Goh",0,0.501286376427375
"MS",2,3,"max_streak",2870,"02-10-2019","Bagas Kristianto Nugroho","Alberto Alvin Yulianto",0,0.493742739414812
"MS",2,3,"max_streak",2876,"02-10-2019","Seng Zoe Yeoh","Tanongsak Saensomboonsuk",0,0.42306568922581
"MS",2,3,"max_streak",2884,"02-10-2019","Alberto Alvin Yulianto","Panji Ahmad Maulana",0,0.573112880579931
"MS",2,3,"max_streak",2888,"02-10-2019","Jovi Mikhael","Faiz Rozain",1,0.559901374026245
"MS",2,3,"max_streak",2899,"04-10-2019","Tanongsak Saensomboonsuk","Peng Bo Ren",1,0.495237339918207
"MS",2,3,"max_streak",2907,"08-10-2019","Lars Schaenzler","Wolfgang Gnedt",1,0.464710051495369
"MS",2,3,"max_streak",2913,"08-10-2019","Eetu Heino","Rasmus Messerschmidt",1,0.39735634009526
"MS",2,3,"max_streak",2921,"08-10-2019","Maxime Moreels","Jeppe Bruun",0,0.374120584701341
"MS",2,3,"max_streak",2926,"08-10-2019","Leo Rossi","Mithun Manjunath",1,0.397918343798311
"MS",2,3,"max_streak",2928,"08-10-2019","Peng Bo Ren","B.M.Rahul Bharadwaj",0,0.531275730961414
"MS",2,3,"max_streak",2933,"09-10-2019","Kai Schaefer","Sourabh Verma",1,0.237359377330205
"MS",2,3,"max_streak",2938,"09-10-2019","Lucas Corvee","Eetu Heino",0,0.554159615033878
"MS",2,3,"max_streak",2940,"09-10-2019","Hong Yang Weng","Daniel Nikolov",0,0.445947001006192
"MS",2,3,"max_streak",2959,"13-10-2019","Yusuke Onodera","Lakshya Sen",0,0.581020871208564
"MS",2,3,"max_streak",2960,"15-10-2019","Rasmus Gemke","Cheuk Yiu Lee",1,0.624908524025892
"MS",2,3,"max_streak",2967,"15-10-2019","Anthony Sinisuka Ginting","Brice Leverdez",0,0.787368739491374
"MS",2,3,"max_streak",2975,"16-10-2019","Khosit Phetpradab","Tzu Wei Wang",1,0.421032221789573
"MS",2,3,"max_streak",2985,"18-10-2019","Kento Momota","Rasmus Gemke",1,0.7727828595738
"MS",2,3,"max_streak",3012,"24-10-2019","Kento Momota","Hans-Kristian Solberg Vittinghus",1,0.807510683971959
"MS",2,3,"max_streak",3033,"29-10-2019","Yin Chak Chan","Aidil Sholeh Ali Sadikin",0,0.423556599050372
"MS",2,3,"max_streak",3034,"30-10-2019","Iskandar Zulkarnain","Tanongsak Saensomboonsuk",0,0.479006515997021
"MS",2,3,"max_streak",3047,"30-10-2019","Chia Hung Lu","Wan Ho Son",0,0.302351397117511
"MS",2,3,"max_streak",3048,"30-10-2019","Yu Qi Shi","Lucas Claerbout",1,0.50107135419744
"MS",2,3,"max_streak",3052,"31-10-2019","Chun-Yi Lin","Chico Aura Dwi Wardoyo",0,0.540770695858681
"MS",2,3,"max_streak",3064,"03-11-2019","Yu Qi Shi","Sitthikom Thammasin",0,0.571787409705124
"MS",2,3,"max_streak",3113,"02-11-2019","Kiran George","Lakshya Sen",0,0.474613941058223
"MS",2,3,"max_streak",3171,"13-11-2019","Kantaphon Wangcharoen","Jan O Jorgensen",0,0.528865926890463
"MS",2,3,"max_streak",3187,"17-11-2019","Cheuk Yiu Lee","Anthony Sinisuka Ginting",1,0.542806581803104
"MS",2,3,"max_streak",3197,"19-11-2019","June Wei Cheam","Chia Hao Lee",0,0.543632219509678
"MS",2,3,"max_streak",3213,"20-11-2019","Koki Watanabe","Lucas Corvee",1,0.681604899919974
"MS",2,3,"max_streak",3223,"22-11-2019","Jun Peng Zhao","Koki Watanabe",1,0.36184683306144
"MS",2,3,"max_streak",3224,"22-11-2019","Donghun Kim","Kanta Tsuneyama",0,0.499461396210149
"MS",2,3,"max_streak",3227,"23-11-2019","Kanta Tsuneyama","Guang Zu Lu",1,0.561285531349076
"MS",2,3,"max_streak",3251,"27-11-2019","Ajay Jayaram","Sameer Verma",1,0.496485010965691
"MS",2,3,"max_streak",3271,"11-12-2019","Long Chen","Viktor Axelsen",1,0.999999448660495
"MS",2,3,"max_streak",3286,"07-01-2020","Joo Ven Soong","Wing Ki Vincent Wong",1,0.668084286120555
"MS",2,3,"max_streak",3292,"07-01-2020","Lakshya Sen","Hans-Kristian Solberg Vittinghus",0,0.720129582955316
"MS",2,3,"max_streak",3307,"08-01-2020","Hans-Kristian Solberg Vittinghus","Guang Zu Lu",0,0.537563780752398
"MS",2,3,"max_streak",3337,"14-01-2020","Koki Watanabe","Jun Peng Zhao",0,0.468343309327673
"MS",2,3,"max_streak",3350,"15-01-2020","B. Sai Praneeth","Yu Qi Shi",0,0.507006248250851
"MS",2,3,"max_streak",3368,"17-01-2020","Jun Peng Zhao","Viktor Axelsen",0,0.371373536646811
"MS",2,3,"max_streak",3393,"22-01-2020","Kenta Nishimoto","June Wei Cheam",1,0.595810247389836
"MS",2,3,"max_streak",3396,"22-01-2020","Kantaphon Wangcharoen","Suppanyu Avihingsanon",0,0.558387751834952
"MS",2,3,"max_streak",3414,"26-01-2020","Kenta Nishimoto","Ka Long Angus Ng",0,0.593826931820988
"MS",2,3,"max_streak",3425,"19-02-2020","Brice Leverdez","Hans-Kristian Solberg Vittinghus",1,0.450182460030244
"MS",2,3,"max_streak",3427,"19-02-2020","Tzu Wei Wang","Lucas Corvee",0,0.710586838527526
"MS",2,3,"max_streak",3443,"20-02-2020","Kai Schaefer","Sameer Verma",0,0.468847536393659
"MS",2,3,"max_streak",3448,"21-02-2020","Daren Liew","Rasmus Gemke",1,0.513087403779551
"MS",2,3,"max_streak",3458,"11-03-2020","Tommy Sugiarto","Yu Qi Shi",0,0.409710923076243
"MS",2,3,"max_streak",3506,"15-10-2020","Hans-Kristian Solberg Vittinghus","Lakshya Sen",1,0.464084176765097
"MS",2,3,"max_streak",3538,"28-10-2020","Pablo Abian","Jeppe Bruun",1,0.4331337682952
"MS",2,3,"max_streak",3547,"29-10-2020","Nhat Nguyen","Mark Caljouw",0,0.451503485180017
"MS",2,3,"max_streak",3552,"29-10-2020","Rasmus Gemke","Max Weisskirchen",0,0.580421223204556
"MS",2,3,"max_streak",3563,"12-01-2021","Jonatan Christie","Kean Yew Loh",1,0.689888924058019
"MS",2,3,"max_streak",3571,"13-01-2021","Tanongsak Saensomboonsuk","Tien Chen Chou",0,0.351955173135256
"MS",2,3,"max_streak",3607,"21-01-2021","Anthony Sinisuka Ginting","Cheuk Yiu Lee",0,0.587634852936564
"MS",2,3,"max_streak",3610,"21-01-2021","Hans-Kristian Solberg Vittinghus","Shesar Hiren Rhustavito",1,0.396526027387744
"MS",2,3,"max_streak",3625,"28-01-2021","Tzu Wei Wang","Srikanth Kidambi",1,0.69708985881931
"MS",2,3,"max_streak",3638,"03-03-2021","Mark Caljouw","H. S. Prannoy",1,0.455896924500903
"MS",2,3,"max_streak",3669,"17-03-2021","Srikanth Kidambi","Nhat Nguyen",0,0.631131180635748
"MS",2,3,"max_streak",3685,"18-03-2021","B. Sai Praneeth","Viktor Axelsen",0,0.162882327251686
"MS",2,3,"max_streak",3706,"23-03-2021","Mads Thøgersen","Brian Holtschke",1,0.444361383338641
"MS",2,3,"max_streak",3714,"23-03-2021","Mads Thøgersen","Julien Carraggi",0,0.634218928381742
"MS",2,3,"max_streak",3718,"23-03-2021","Ajay Jayaram","Alap Mishra",1,0.490097855361574
"MS",2,3,"max_streak",3721,"23-03-2021","Mark Caljouw","Kiran George",0,0.443080911818552
"MS",2,3,"max_streak",3736,"24-03-2021","H. S. Prannoy","Kiran George",0,0.438065586219007
"MS",2,3,"score_diff",3,"09-01-2018","Mek Narongrit","Yee Han Chong",1,0.476780183247496
"MS",2,3,"score_diff",17,"10-01-2018","Tien Minh Nguyen","Jason Anthony Ho-Shue",1,0.521880889634416
"MS",2,3,"score_diff",23,"10-01-2018","Daren Liew","Khosit Phetpradab",1,0.513963215923768
"MS",2,3,"score_diff",58,"17-01-2018","Kazumasa Sakai","Tzu Wei Wang",0,0.589264221139002
"MS",2,3,"score_diff",62,"17-01-2018","Iskandar Zulkarnain","Anders Antonsen",0,0.647243481277413
"MS",2,3,"score_diff",74,"18-01-2018","Daren Liew","Hyeok Jin Jeon",1,0.547429343496137
"MS",2,3,"score_diff",85,"21-01-2018","Viktor Axelsen","Kenta Nishimoto",1,0.66916641922841
"MS",2,3,"score_diff",92,"23-01-2018","Chao Yu Kan","Lucas Corvee",0,0.549153897962565
"MS",2,3,"score_diff",108,"24-01-2018","Suppanyu Avihingsanon","Emil Holst",1,0.584444751999358
"MS",2,3,"score_diff",110,"24-01-2018","Brice Leverdez","Yuxiang Huang",1,0.56736444632177
"MS",2,3,"score_diff",122,"26-01-2018","Anthony Sinisuka Ginting","Long Chen",1,0.522538761896329
"MS",2,3,"score_diff",127,"27-01-2018","Kazumasa Sakai","Wan Ho Son",1,0.555373187217728
"MS",2,3,"score_diff",131,"30-01-2018","Joo Ven Soong","Siddharth Pratap Singh",0,0.537854292674917
"MS",2,3,"score_diff",139,"30-01-2018","Daren Liew","Rahul Yadav Chittaboina",1,0.584673209805074
"MS",2,3,"score_diff",155,"31-01-2018","Bin Qiao","Zii Jia Lee",1,0.583870199638224
"MS",2,3,"score_diff",158,"01-02-2018","Shreyansh Jaiswal","Kashyap Parupalli",0,0.535780950269094
"MS",2,3,"score_diff",194,"21-02-2018","Emil Holst","Arnaud Merkle",0,0.506821398153047
"MS",2,3,"score_diff",219,"06-03-2018","Thomas Rouxel","Dmytro Zavadsky",0,0.485602557356292
"MS",2,3,"score_diff",222,"06-03-2018","Alexander Roovers","Junpeng Zhao",0,0.516207110148093
"MS",2,3,"score_diff",252,"09-03-2018","Anthony Sinisuka Ginting","Yuqi Shi",0,0.469170915324465
"MS",2,3,"score_diff",256,"10-03-2018","Yuqi Shi","Ka Long Angus Ng",0,0.681666589846632
"MS",2,3,"score_diff",266,"14-03-2018","Wan Ho Son","B. Sai Praneeth",1,0.528338594231594
"MS",2,3,"score_diff",272,"14-03-2018","H. S. Prannoy","Tien Chen Chou",1,0.33392975146661
"MS",2,3,"score_diff",284,"16-03-2018","Kenta Nishimoto","Wan Ho Son",0,0.594298042550143
"MS",2,3,"score_diff",302,"27-03-2018","Hemanth M.Gowda","Alex Vlaar",1,0.488784440169676
"MS",2,3,"score_diff",334,"28-03-2018","Lucas Corvee","Kalle Koljonen",1,0.608258891144057
"MS",2,3,"score_diff",346,"29-03-2018","Alexander Roovers","Sam Parsons",1,0.374823267183653
"MS",2,3,"score_diff",351,"30-03-2018","Sameer Verma","Lucas Corvee",1,0.557693423380689
"MS",2,3,"score_diff",353,"30-03-2018","Lucas Claerbout","Alexander Roovers",1,0.412608505689085
"MS",2,3,"score_diff",356,"31-03-2018","Sameer Verma","Mark Caljouw",0,0.583688417469153
"MS",2,3,"score_diff",360,"10-04-2018","Saputra Vicky Angga","Pengbo Ren",0,0.393739578550425
"MS",2,3,"score_diff",380,"11-04-2018","Yu Jen Chi","Panji Ahmad Maulana",0,0.446986385222111
"MS",2,3,"score_diff",391,"12-04-2018","Ihsan Maulana Mustofa","Zeqi Zhou",0,0.486639423168921
"MS",2,3,"score_diff",394,"12-04-2018","Kwang Hee Heo","Daren Liew",0,0.346680556076602
"MS",2,3,"score_diff",397,"13-04-2018","Yu Hsien Lin","Iskandar Zulkarnain",1,0.395471829164142
"MS",2,3,"score_diff",449,"08-05-2018","Yang Shen","Dimitri Han",1,0.56978984021154
"MS",2,3,"score_diff",467,"09-05-2018","Ajay Jayaram","Riichi Takeshita",0,0.444983258602579
"MS",2,3,"score_diff",509,"13-06-2018","Xiaodong Sheng","Kai Schaefer",1,0.608609036329017
"MS",2,3,"score_diff",516,"14-06-2018","Kalle Koljonen","Mark Caljouw",0,0.346640124873524
"MS",2,3,"score_diff",521,"14-06-2018","Suppanyu Avihingsanon","Guangzu Lu",0,0.321093370646758
"MS",2,3,"score_diff",529,"16-06-2018","Dong Keun Lee","Khosit Phetpradab",1,0.534138360403976
"MS",2,3,"score_diff",553,"19-06-2018","Cao Cuong Pham","Timothy Lam",1,0.38462355308286
"MS",2,3,"score_diff",588,"22-06-2018","Toby Penty","Guangzu Lu",0,0.342182035810503
"MS",2,3,"score_diff",613,"28-06-2018","Ka Long Angus Ng","Tien Chen Chou",0,0.403306236368876
"MS",2,3,"score_diff",679,"11-07-2018","Kantaphon Wangcharoen","Jun Hao Leong",1,0.594468361988692
"MS",2,3,"score_diff",682,"12-07-2018","Tommy Sugiarto","Tanongsak Saensomboonsuk",1,0.661538497565255
"MS",2,3,"score_diff",685,"12-07-2018","Kashyap Parupalli","Kanta Tsuneyama",0,0.531631681575219
"MS",2,3,"score_diff",699,"17-07-2018","Jun Hao Leong","Chao Yu Kan",1,0.689400909097207
"MS",2,3,"score_diff",715,"18-07-2018","Firman Abdul Kholik","Ihsan Maulana Mustofa",0,0.528033153860443
"MS",2,3,"score_diff",719,"18-07-2018","Hyun Il Lee","Zii Jia Lee",1,0.635938638571249
"MS",2,3,"score_diff",723,"18-07-2018","Toby Penty","Ka Long Angus Ng",0,0.479226135486092
"MS",2,3,"score_diff",735,"20-07-2018","Jen Hao Hsu","Yuxiang Huang",1,0.326939842265397
"MS",2,3,"score_diff",747,"24-07-2018","Eetu Heino","Sergey Sirant",0,0.441280241785044
"MS",2,3,"score_diff",753,"25-07-2018","Ilya Kamyshenkov","Vladimir Nikulov",0,0.44141078967643
"MS",2,3,"score_diff",781,"29-07-2018","Sourabh Verma","Koki Watanabe",1,0.62208838611845
"MS",2,3,"score_diff",795,"24-07-2018","Yiming Xu","Yun Kyu Lee",1,0.407742562110261
"MS",2,3,"score_diff",810,"25-07-2018","Nabin Shrestha","Ihsan Maulana Mustofa",0,0.416925387247317
"MS",2,3,"score_diff",831,"07-08-2018","Saran Jamsri","Faiz Rozain",1,0.437011686398534
"MS",2,3,"score_diff",844,"07-08-2018","Seng Zoe Yeoh","En Chia Chang",1,0.49678335413017
"MS",2,3,"score_diff",852,"07-08-2018","Minoru Koga","Zin Rei Ryan Ng",1,0.610597739602637
"MS",2,3,"score_diff",865,"08-08-2018","Mithun Manjunath","Ryotaro Maruo",1,0.427938974507156
"MS",2,3,"score_diff",886,"09-08-2018","Zeqi Zhou","Wei Feng Chong",1,0.55830128264454
"MS",2,3,"score_diff",897,"28-08-2018","Alex Alcala Dominguez","Alvaro Vazquez",0,0.510364878561453
"MS",2,3,"score_diff",906,"28-08-2018","Riichi Takeshita","Kodai Naraoka",1,0.364777880688543
"MS",2,3,"score_diff",914,"29-08-2018","Luís Enrique Peñalver","Raul Must",1,0.488467443861908
"MS",2,3,"score_diff",918,"29-08-2018","Rosario Maddaloni","Vladimir Malkov",0,0.36934103353537
"MS",2,3,"score_diff",944,"04-09-2018","Sai Charan Koya","Siddharth .",0,0.482652088590913
"MS",2,3,"score_diff",960,"04-09-2018","Kaushal Dharmamer","Ajay Kumar K.",1,0.634028509566942
"MS",2,3,"score_diff",977,"05-09-2018","Ikhsan Leonardo Imanuel Rumbay","Rahul Yadav Chittaboina",1,0.570992255473708
"MS",2,3,"score_diff",990,"05-09-2018","Siril Verma","Chirag Sen",0,0.617512777938059
"MS",2,3,"score_diff",1014,"11-09-2018","Tommy Sugiarto","Long Chen",0,0.657247162319644
"MS",2,3,"score_diff",1026,"13-09-2018","Tien Chen Chou","Dan Lin",0,0.490258597326823
"MS",2,3,"score_diff",1033,"14-09-2018","Srikanth Kidambi","Dong Keun Lee",0,0.400111138591945
"MS",2,3,"score_diff",1052,"18-09-2018","Bobby Setiabudi","Muhammad Rehan Diaz",0,0.556929630001437
"MS",2,3,"score_diff",1081,"19-09-2018","Chico Aura Dwi Wardoyo","Firman Abdul Kholik",0,0.494339696482435
"MS",2,3,"score_diff",1086,"19-09-2018","Ihsan Maulana Mustofa","Fikri Ihsandi Hadmadi",1,0.508536125724881
"MS",2,3,"score_diff",1087,"19-09-2018","Guoxing Huang","Syabda Perkasa Belawa",0,0.519517800348216
"MS",2,3,"score_diff",1089,"19-09-2018","Ajay Kumar K.","Andre Marteen",0,0.483459802835297
"MS",2,3,"score_diff",1107,"18-09-2018","Wan Ho Son","Cheuk Yiu Lee",1,0.717482291883112
"MS",2,3,"score_diff",1111,"18-09-2018","Long Chen","Yuxiang Huang",1,0.54272527726316
"MS",2,3,"score_diff",1139,"25-09-2018","Yin Chak Chan","Chao Yu Kan",1,0.665825437082638
"MS",2,3,"score_diff",1164,"26-09-2018","Anders Antonsen","Sameer Verma",1,0.392365409347129
"MS",2,3,"score_diff",1171,"27-09-2018","Wan Ho Son","Kwang Hee Heo",0,0.435798888507558
"MS",2,3,"score_diff",1190,"02-10-2018","Yin Chak Chan","Chao Yu Kan",1,0.463821757167791
"MS",2,3,"score_diff",1210,"04-10-2018","Yin Chak Chan","Cheuk Yiu Lee",0,0.561752815782284
"MS",2,3,"score_diff",1232,"09-10-2018","Sam Parsons","Toma Junior Popov",0,0.416854634479442
"MS",2,3,"score_diff",1234,"09-10-2018","Victor Svendsen","Zvonimir Durkinjak",1,0.498923138482092
"MS",2,3,"score_diff",1240,"09-10-2018","Artem Pochtarov","Joo Ven Soong",0,0.277279799562802
"MS",2,3,"score_diff",1271,"12-10-2018","Kashyap Parupalli","June Wei Cheam",0,0.500675565078037
"MS",2,3,"score_diff",1280,"16-10-2018","Anthony Sinisuka Ginting","Kento Momota",0,0.471293607619613
"MS",2,3,"score_diff",1287,"17-10-2018","Kenta Nishimoto","Rasmus Gemke",1,0.567211933425511
"MS",2,3,"score_diff",1290,"17-10-2018","Kanta Tsuneyama","Daren Liew",1,0.516043798676297
"MS",2,3,"score_diff",1320,"24-10-2018","Kazumasa Sakai","Dan Lin",1,0.438487228502583
"MS",2,3,"score_diff",1322,"24-10-2018","Sameer Verma","Jonatan Christie",0,0.52890080265598
"MS",2,3,"score_diff",1333,"26-10-2018","Kantaphon Wangcharoen","Rasmus Gemke",0,0.387428571164658
"MS",2,3,"score_diff",1341,"30-10-2018","Kuei Chun Shih","Mithun Manjunath",0,0.325775323526427
"MS",2,3,"score_diff",1350,"31-10-2018","Adulrach Namkul","Riichi Takeshita",0,0.356208146657056
"MS",2,3,"score_diff",1372,"01-11-2018","Sitthikom Thammasin","Yu Hsien Lin",1,0.422324814595544
"MS",2,3,"score_diff",1378,"03-11-2018","Hyun Il Lee","Sitthikom Thammasin",1,0.514674641243762
"MS",2,3,"score_diff",1420,"01-11-2018","Lucas Claerbout","Michal Rogalski",1,0.437294990471389
"MS",2,3,"score_diff",1423,"01-11-2018","Kean Yew Loh","Rajiv Ouseph",0,0.555775390316842
"MS",2,3,"score_diff",1461,"09-11-2018","Anthony Sinisuka Ginting","Yuqi Shi",0,0.410766166113636
"MS",2,3,"score_diff",1465,"11-11-2018","Kento Momota","Tien Chen Chou",1,0.647694653749586
"MS",2,3,"score_diff",1472,"13-11-2018","Tanongsak Saensomboonsuk","Wei Feng Chong",1,0.52042702401411
"MS",2,3,"score_diff",1475,"13-11-2018","Jen Hao Hsu","Kashyap Parupalli",0,0.440824360929575
"MS",2,3,"score_diff",1489,"14-11-2018","Jan O Jorgensen","Tommy Sugiarto",1,0.517126803854784
"MS",2,3,"score_diff",1518,"21-11-2018","Milan Ludik","Rahul Yadav Chittaboina",1,0.493755490357063
"MS",2,3,"score_diff",1528,"21-11-2018","Ajay Jayaram","Harsheel Dani",0,0.50160693692304
"MS",2,3,"score_diff",1544,"23-11-2018","Zeqi Zhou","Sameer Verma",0,0.559555480078633
"MS",2,3,"score_diff",1548,"25-11-2018","Guangzu Lu","Sameer Verma",0,0.655633814837386
"MS",2,3,"score_diff",1582,"21-11-2018","Kean Yew Loh","Jason Anthony Ho-Shue",0,0.508085126471367
"MS",2,3,"score_diff",1593,"22-11-2018","Alexander Roovers","Luka Wraber",0,0.490287409311749
"MS",2,3,"score_diff",1608,"23-11-2018","Nick Fransman","Haichao Liu",0,0.319786596812841
"MS",2,3,"score_diff",1655,"30-11-2018","Wan Ho Son","Ihsan Maulana Mustofa",1,0.633972210092859
"MS",2,3,"score_diff",1665,"12-12-2018","Tommy SUGIARTO","Kantaphon WANGCHAROEN",1,0.999999350175828
"MS",2,3,"score_diff",1682,"08-01-2019","Elias Bracke","Xiaodong Sheng",1,0.543464166968025
"MS",2,3,"score_diff",1689,"09-01-2019","Dan Lin","Kunlavut Vitidsarn",1,0.489218256519178
"MS",2,3,"score_diff",1693,"09-01-2019","Cheuk Yiu Lee","Vladimir Malkov",1,0.672203354609801
"MS",2,3,"score_diff",1722,"15-01-2019","Sitthikom Thammasin","Junpeng Zhao",1,0.659973414007659
"MS",2,3,"score_diff",1731,"15-01-2019","Tanongsak Saensomboonsuk","Iskandar Zulkarnain",1,0.396338429798324
"MS",2,3,"score_diff",1810,"19-02-2019","Armand Rodriguez","Mohamed Abderrahime Belarbi",0,0.559634567707329
"MS",2,3,"score_diff",1811,"19-02-2019","Iikka Heino","Milan Ludik",1,0.651581082314224
"MS",2,3,"score_diff",1829,"20-02-2019","Iikka Heino","Subhankar Dey",1,0.534452205121442
"MS",2,3,"score_diff",1842,"22-02-2019","Pengbo Ren","Pablo Abian",1,0.654704553217932
"MS",2,3,"score_diff",1877,"28-02-2019","Dan Lin","Hans-Kristian Solberg Vittinghus",0,0.542249788650327
"MS",2,3,"score_diff",1883,"28-02-2019","Cheuk Yiu Lee","Tien Chen Chou",0,0.346544402271298
"MS",2,3,"score_diff",1893,"06-03-2019","Sameer Verma","Viktor Axelsen",0,0.423989450947017
"MS",2,3,"score_diff",1909,"07-03-2019","Yuxiang Huang","Tommy Sugiarto",0,0.362574418481544
"MS",2,3,"score_diff",1921,"10-03-2019","Kento Momota","Viktor Axelsen",1,0.618110406232497
"MS",2,3,"score_diff",1938,"12-03-2019","Chun-Yi Lin","Wei Chi Liu",1,0.471630280116902
"MS",2,3,"score_diff",1962,"13-03-2019","Young Woong Ha","Shesar Hiren Rhustavito",1,0.346206960986993
"MS",2,3,"score_diff",1969,"14-03-2019","Ihsan Maulana Mustofa","Iskandar Zulkarnain",0,0.435761808668192
"MS",2,3,"score_diff",1980,"15-03-2019","Donghun Kim","Hongyang Weng",0,0.392111605296479
"MS",2,3,"score_diff",1981,"16-03-2019","Iskandar Zulkarnain","Haichao Liu",0,0.480524234761649
"MS",2,3,"score_diff",1996,"13-03-2019","Kalle Koljonen","Ygor Coelho",0,0.6640448105946
"MS",2,3,"score_diff",2035,"19-03-2019","Valentin Singer","Christian Kirchmayr",1,0.481502127733571
"MS",2,3,"score_diff",2076,"20-03-2019","Lucas Claerbout","Eetu Heino",0,0.56196741543016
"MS",2,3,"score_diff",2090,"22-03-2019","Thomas Rouxel","Eetu Heino",1,0.544800346550435
"MS",2,3,"score_diff",2105,"26-03-2019","Sarath Dunna","Kartik Jindal",0,0.435552884265105
"MS",2,3,"score_diff",2112,"27-03-2019","Srikanth Kidambi","Wing Ki Vincent Wong",1,0.747577763613485
"MS",2,3,"score_diff",2122,"27-03-2019","Junpeng Zhao","Guangzu Lu",0,0.514546299680619
"MS",2,3,"score_diff",2125,"28-03-2019","Sameer Verma","B. Sai Praneeth",0,0.524808566837236
"MS",2,3,"score_diff",2162,"04-04-2019","Sitthikom Thammasin","Kanta Tsuneyama",0,0.464448002241512
"MS",2,3,"score_diff",2167,"06-04-2019","Jonatan Christie","Long Chen",0,0.48841288582145
"MS",2,3,"score_diff",2207,"12-04-2019","Viktor Axelsen","Jonatan Christie",1,0.603313221554482
"MS",2,3,"score_diff",2232,"01-05-2019","Zeqi Zhou","Kazumasa Sakai",0,0.529396885403774
"MS",2,3,"score_diff",2233,"01-05-2019","Tzu Wei Wang","Lakshya Sen",1,0.486307066029738
"MS",2,3,"score_diff",2249,"03-05-2019","Kanta Tsuneyama","H. S. Prannoy",1,0.578901055237733
"MS",2,3,"score_diff",2256,"04-06-2019","Feixiang Sun","Koki Watanabe",1,0.550503693007826
"MS",2,3,"score_diff",2299,"02-07-2019","Sheng Po Yu","Patrick Bjerregaard",1,0.43959591728418
"MS",2,3,"score_diff",2308,"02-07-2019","Seyed Mohammad Hossein Vakili","Mathew Fogarty",1,0.523934974923893
"MS",2,3,"score_diff",2312,"02-07-2019","Lucas Claerbout","Xiaodong Sheng",1,0.519887559674616
"MS",2,3,"score_diff",2345,"04-07-2019","Hai Chao Liu","Shi Feng Li",0,0.478765669116207
"MS",2,3,"score_diff",2358,"09-07-2019","Fei Xiang Sun","Sankeerth B. R.",1,0.565166800716937
"MS",2,3,"score_diff",2366,"09-07-2019","Shi Feng Li","Hong Yang Weng",1,0.537610018350664
"MS",2,3,"score_diff",2377,"10-07-2019","Sourabh Verma","Toby Penty",1,0.667837569752263
"MS",2,3,"score_diff",2381,"10-07-2019","Yu Igarashi","H. S. Prannoy",0,0.444260026998341
"MS",2,3,"score_diff",2388,"11-07-2019","Dong Keun Lee","Koki Watanabe",1,0.390057091868195
"MS",2,3,"score_diff",2402,"16-07-2019","Kantaphon Wangcharoen","Kanta Tsuneyama",1,0.460111597445116
"MS",2,3,"score_diff",2407,"17-07-2019","Tommy Sugiarto","Long Chen",0,0.391650272443467
"MS",2,3,"score_diff",2420,"18-07-2019","Zii Jia Lee","Long Chen",1,0.339796911398928
"MS",2,3,"score_diff",2443,"17-07-2019","Teck Zhi Soo","Runze Yan",0,0.42035764031406
"MS",2,3,"score_diff",2448,"17-07-2019","Siril Verma","Sergey Sirant",1,0.517861756782828
"MS",2,3,"score_diff",2476,"23-07-2019","Kantaphon Wangcharoen","Mark Caljouw",1,0.676075484322109
"MS",2,3,"score_diff",2482,"24-07-2019","H. S. Prannoy","Srikanth Kidambi",1,0.415218168625978
"MS",2,3,"score_diff",2504,"30-07-2019","Ihsan Maulana Mustofa","Chico Aura Dwi Wardoyo",0,0.56120141896121
"MS",2,3,"score_diff",2510,"30-07-2019","Sourabh Verma","Ze Qi Zhou",1,0.605831819123336
"MS",2,3,"score_diff",2527,"31-07-2019","Lucas Claerbout","Shesar Hiren Rhustavito",0,0.495539632566493
"MS",2,3,"score_diff",2528,"31-07-2019","Kantaphon Wangcharoen","B. Sai Praneeth",0,0.554155781535434
"MS",2,3,"score_diff",2532,"01-08-2019","Kanta Tsuneyama","Sitthikom Thammasin",1,0.572032338526372
"MS",2,3,"score_diff",2548,"06-08-2019","Yee Han Chong","Alap Mishra",1,0.427380421765213
"MS",2,3,"score_diff",2576,"06-08-2019","Ikhsan Leonardo Imanuel Rumbay","Kaushal Dharmamer",1,0.394974254128592
"MS",2,3,"score_diff",2580,"07-08-2019","Seng Zoe Yeoh","Luka Wraber",1,0.506007016454223
"MS",2,3,"score_diff",2593,"07-08-2019","Yu Peng Bai","Rahul Yadav Chittaboina",1,0.595008249762354
"MS",2,3,"score_diff",2597,"07-08-2019","Aryamann Tandon","Iskandar Zulkarnain",0,0.397358932648568
"MS",2,3,"score_diff",2624,"14-08-2019","Teck Zhi Soo","Suppanyu Avihingsanon",0,0.412589418076228
"MS",2,3,"score_diff",2641,"16-08-2019","Firman Abdul Kholik","Donghun Kim",1,0.457674064725663
"MS",2,3,"score_diff",2653,"03-09-2019","Yehezkiel Fritz Mainaky","Pang Fong Pui",0,0.407182827838309
"MS",2,3,"score_diff",2669,"04-09-2019","Lucas Claerbout","Tzu Wei Wang",1,0.452621411323948
"MS",2,3,"score_diff",2683,"06-09-2019","Tien Chen Chou","June Wei Cheam",1,0.63250444381269
"MS",2,3,"score_diff",2729,"12-09-2019","Daren Liew","Siril Verma",0,0.447189224078051
"MS",2,3,"score_diff",2764,"17-09-2019","Daren Liew","Sitthikom Thammasin",1,0.423713991809719
"MS",2,3,"score_diff",2771,"18-09-2019","Suppanyu Avihingsanon","B. Sai Praneeth",0,0.400015248249572
"MS",2,3,"score_diff",2785,"20-09-2019","Anthony Sinisuka Ginting","B. Sai Praneeth",1,0.644829818423056
"MS",2,3,"score_diff",2797,"24-09-2019","Teck Zhi Soo","Yu Hsien Lin",0,0.445059872543973
"MS",2,3,"score_diff",2810,"25-09-2019","Rasmus Gemke","Donghun Kim",0,0.514801251313041
"MS",2,3,"score_diff",2811,"25-09-2019","Khosit Phetpradab","Cheuk Yiu Lee",1,0.585721461574184
"MS",2,3,"score_diff",2829,"27-09-2019","Tzu Wei Wang","Jonatan Christie",1,0.321079343241598
"MS",2,3,"score_diff",2863,"01-10-2019","Lan Xi Lei","Giap Chin Goh",0,0.48982428197389
"MS",2,3,"score_diff",2870,"02-10-2019","Bagas Kristianto Nugroho","Alberto Alvin Yulianto",0,0.485169289807167
"MS",2,3,"score_diff",2876,"02-10-2019","Seng Zoe Yeoh","Tanongsak Saensomboonsuk",0,0.435912881836448
"MS",2,3,"score_diff",2884,"02-10-2019","Alberto Alvin Yulianto","Panji Ahmad Maulana",0,0.589428472772277
"MS",2,3,"score_diff",2888,"02-10-2019","Jovi Mikhael","Faiz Rozain",1,0.58166609223346
"MS",2,3,"score_diff",2899,"04-10-2019","Tanongsak Saensomboonsuk","Peng Bo Ren",1,0.503229516121449
"MS",2,3,"score_diff",2907,"08-10-2019","Lars Schaenzler","Wolfgang Gnedt",1,0.483867600994766
"MS",2,3,"score_diff",2913,"08-10-2019","Eetu Heino","Rasmus Messerschmidt",1,0.417881681080395
"MS",2,3,"score_diff",2921,"08-10-2019","Maxime Moreels","Jeppe Bruun",0,0.384544201380004
"MS",2,3,"score_diff",2926,"08-10-2019","Leo Rossi","Mithun Manjunath",1,0.418161374075406
"MS",2,3,"score_diff",2928,"08-10-2019","Peng Bo Ren","B.M.Rahul Bharadwaj",0,0.490300339820132
"MS",2,3,"score_diff",2933,"09-10-2019","Kai Schaefer","Sourabh Verma",1,0.213105913250759
"MS",2,3,"score_diff",2938,"09-10-2019","Lucas Corvee","Eetu Heino",0,0.576889832695831
"MS",2,3,"score_diff",2940,"09-10-2019","Hong Yang Weng","Daniel Nikolov",0,0.44620866331928
"MS",2,3,"score_diff",2959,"13-10-2019","Yusuke Onodera","Lakshya Sen",0,0.57888648976647
"MS",2,3,"score_diff",2960,"15-10-2019","Rasmus Gemke","Cheuk Yiu Lee",1,0.652791907092163
"MS",2,3,"score_diff",2967,"15-10-2019","Anthony Sinisuka Ginting","Brice Leverdez",0,0.781530438829612
"MS",2,3,"score_diff",2975,"16-10-2019","Khosit Phetpradab","Tzu Wei Wang",1,0.436079393590055
"MS",2,3,"score_diff",2985,"18-10-2019","Kento Momota","Rasmus Gemke",1,0.761923850457472
"MS",2,3,"score_diff",3012,"24-10-2019","Kento Momota","Hans-Kristian Solberg Vittinghus",1,0.810665547235607
"MS",2,3,"score_diff",3033,"29-10-2019","Yin Chak Chan","Aidil Sholeh Ali Sadikin",0,0.404344588326109
"MS",2,3,"score_diff",3034,"30-10-2019","Iskandar Zulkarnain","Tanongsak Saensomboonsuk",0,0.486769098567507
"MS",2,3,"score_diff",3047,"30-10-2019","Chia Hung Lu","Wan Ho Son",0,0.288768083625135
"MS",2,3,"score_diff",3048,"30-10-2019","Yu Qi Shi","Lucas Claerbout",1,0.503296782937496
"MS",2,3,"score_diff",3052,"31-10-2019","Chun-Yi Lin","Chico Aura Dwi Wardoyo",0,0.551198358333879
"MS",2,3,"score_diff",3064,"03-11-2019","Yu Qi Shi","Sitthikom Thammasin",0,0.549850622056817
"MS",2,3,"score_diff",3113,"02-11-2019","Kiran George","Lakshya Sen",0,0.503246126458814
"MS",2,3,"score_diff",3171,"13-11-2019","Kantaphon Wangcharoen","Jan O Jorgensen",0,0.548974753992946
"MS",2,3,"score_diff",3187,"17-11-2019","Cheuk Yiu Lee","Anthony Sinisuka Ginting",1,0.557402749589652
"MS",2,3,"score_diff",3197,"19-11-2019","June Wei Cheam","Chia Hao Lee",0,0.54089858051327
"MS",2,3,"score_diff",3213,"20-11-2019","Koki Watanabe","Lucas Corvee",1,0.666530132984203
"MS",2,3,"score_diff",3223,"22-11-2019","Jun Peng Zhao","Koki Watanabe",1,0.363752800536178
"MS",2,3,"score_diff",3224,"22-11-2019","Donghun Kim","Kanta Tsuneyama",0,0.498689184516201
"MS",2,3,"score_diff",3227,"23-11-2019","Kanta Tsuneyama","Guang Zu Lu",1,0.570708619501714
"MS",2,3,"score_diff",3251,"27-11-2019","Ajay Jayaram","Sameer Verma",1,0.536892995485134
"MS",2,3,"score_diff",3271,"11-12-2019","Long Chen","Viktor Axelsen",1,0.999999376832226
"MS",2,3,"score_diff",3286,"07-01-2020","Joo Ven Soong","Wing Ki Vincent Wong",1,0.667201182556577
"MS",2,3,"score_diff",3292,"07-01-2020","Lakshya Sen","Hans-Kristian Solberg Vittinghus",0,0.697812734160124
"MS",2,3,"score_diff",3307,"08-01-2020","Hans-Kristian Solberg Vittinghus","Guang Zu Lu",0,0.544465355879905
"MS",2,3,"score_diff",3337,"14-01-2020","Koki Watanabe","Jun Peng Zhao",0,0.477362162620432
"MS",2,3,"score_diff",3350,"15-01-2020","B. Sai Praneeth","Yu Qi Shi",0,0.502610505604358
"MS",2,3,"score_diff",3368,"17-01-2020","Jun Peng Zhao","Viktor Axelsen",0,0.350300213232458
"MS",2,3,"score_diff",3393,"22-01-2020","Kenta Nishimoto","June Wei Cheam",1,0.609400081419858
"MS",2,3,"score_diff",3396,"22-01-2020","Kantaphon Wangcharoen","Suppanyu Avihingsanon",0,0.532067509485713
"MS",2,3,"score_diff",3414,"26-01-2020","Kenta Nishimoto","Ka Long Angus Ng",0,0.556879776839175
"MS",2,3,"score_diff",3425,"19-02-2020","Brice Leverdez","Hans-Kristian Solberg Vittinghus",1,0.437737839245595
"MS",2,3,"score_diff",3427,"19-02-2020","Tzu Wei Wang","Lucas Corvee",0,0.715163973235895
"MS",2,3,"score_diff",3443,"20-02-2020","Kai Schaefer","Sameer Verma",0,0.485249032193581
"MS",2,3,"score_diff",3448,"21-02-2020","Daren Liew","Rasmus Gemke",1,0.510353424329545
"MS",2,3,"score_diff",3458,"11-03-2020","Tommy Sugiarto","Yu Qi Shi",0,0.418131913661754
"MS",2,3,"score_diff",3506,"15-10-2020","Hans-Kristian Solberg Vittinghus","Lakshya Sen",1,0.473834890747674
"MS",2,3,"score_diff",3538,"28-10-2020","Pablo Abian","Jeppe Bruun",1,0.415054996248944
"MS",2,3,"score_diff",3547,"29-10-2020","Nhat Nguyen","Mark Caljouw",0,0.441881552903036
"MS",2,3,"score_diff",3552,"29-10-2020","Rasmus Gemke","Max Weisskirchen",0,0.592696322971629
"MS",2,3,"score_diff",3563,"12-01-2021","Jonatan Christie","Kean Yew Loh",1,0.694143289070852
"MS",2,3,"score_diff",3571,"13-01-2021","Tanongsak Saensomboonsuk","Tien Chen Chou",0,0.321421089730586
"MS",2,3,"score_diff",3607,"21-01-2021","Anthony Sinisuka Ginting","Cheuk Yiu Lee",0,0.605782056278416
"MS",2,3,"score_diff",3610,"21-01-2021","Hans-Kristian Solberg Vittinghus","Shesar Hiren Rhustavito",1,0.394125836739335
"MS",2,3,"score_diff",3625,"28-01-2021","Tzu Wei Wang","Srikanth Kidambi",1,0.714012329724771
"MS",2,3,"score_diff",3638,"03-03-2021","Mark Caljouw","H. S. Prannoy",1,0.457330134710831
"MS",2,3,"score_diff",3669,"17-03-2021","Srikanth Kidambi","Nhat Nguyen",0,0.661725600314241
"MS",2,3,"score_diff",3685,"18-03-2021","B. Sai Praneeth","Viktor Axelsen",0,0.132534327347129
"MS",2,3,"score_diff",3706,"23-03-2021","Mads Thøgersen","Brian Holtschke",1,0.416609312575797
"MS",2,3,"score_diff",3714,"23-03-2021","Mads Thøgersen","Julien Carraggi",0,0.655991321400025
"MS",2,3,"score_diff",3718,"23-03-2021","Ajay Jayaram","Alap Mishra",1,0.488719393697212
"MS",2,3,"score_diff",3721,"23-03-2021","Mark Caljouw","Kiran George",0,0.446513130992235
"MS",2,3,"score_diff",3736,"24-03-2021","H. S. Prannoy","Kiran George",0,0.445364894631074
"MS",2,3,"sqrt",3,"09-01-2018","Mek Narongrit","Yee Han Chong",1,0.477977262136618
"MS",2,3,"sqrt",17,"10-01-2018","Tien Minh Nguyen","Jason Anthony Ho-Shue",1,0.520384620279372
"MS",2,3,"sqrt",23,"10-01-2018","Daren Liew","Khosit Phetpradab",1,0.513675843619203
"MS",2,3,"sqrt",58,"17-01-2018","Kazumasa Sakai","Tzu Wei Wang",0,0.590354400233337
"MS",2,3,"sqrt",62,"17-01-2018","Iskandar Zulkarnain","Anders Antonsen",0,0.647159644023316
"MS",2,3,"sqrt",74,"18-01-2018","Daren Liew","Hyeok Jin Jeon",1,0.547310338222134
"MS",2,3,"sqrt",85,"21-01-2018","Viktor Axelsen","Kenta Nishimoto",1,0.669316226924724
"MS",2,3,"sqrt",92,"23-01-2018","Chao Yu Kan","Lucas Corvee",0,0.54747560706086
"MS",2,3,"sqrt",108,"24-01-2018","Suppanyu Avihingsanon","Emil Holst",1,0.586037269007404
"MS",2,3,"sqrt",110,"24-01-2018","Brice Leverdez","Yuxiang Huang",1,0.56645169089573
"MS",2,3,"sqrt",122,"26-01-2018","Anthony Sinisuka Ginting","Long Chen",1,0.522378348806243
"MS",2,3,"sqrt",127,"27-01-2018","Kazumasa Sakai","Wan Ho Son",1,0.554944295565936
"MS",2,3,"sqrt",131,"30-01-2018","Joo Ven Soong","Siddharth Pratap Singh",0,0.540794357018288
"MS",2,3,"sqrt",139,"30-01-2018","Daren Liew","Rahul Yadav Chittaboina",1,0.583930014540612
"MS",2,3,"sqrt",155,"31-01-2018","Bin Qiao","Zii Jia Lee",1,0.585983782732331
"MS",2,3,"sqrt",158,"01-02-2018","Shreyansh Jaiswal","Kashyap Parupalli",0,0.537022107068859
"MS",2,3,"sqrt",194,"21-02-2018","Emil Holst","Arnaud Merkle",0,0.50818960061681
"MS",2,3,"sqrt",219,"06-03-2018","Thomas Rouxel","Dmytro Zavadsky",0,0.485575718848262
"MS",2,3,"sqrt",222,"06-03-2018","Alexander Roovers","Junpeng Zhao",0,0.51757793805903
"MS",2,3,"sqrt",252,"09-03-2018","Anthony Sinisuka Ginting","Yuqi Shi",0,0.469942818281563
"MS",2,3,"sqrt",256,"10-03-2018","Yuqi Shi","Ka Long Angus Ng",0,0.681567706065131
"MS",2,3,"sqrt",266,"14-03-2018","Wan Ho Son","B. Sai Praneeth",1,0.525960437705096
"MS",2,3,"sqrt",272,"14-03-2018","H. S. Prannoy","Tien Chen Chou",1,0.335504162540492
"MS",2,3,"sqrt",284,"16-03-2018","Kenta Nishimoto","Wan Ho Son",0,0.593415542205022
"MS",2,3,"sqrt",302,"27-03-2018","Hemanth M.Gowda","Alex Vlaar",1,0.48317073533477
"MS",2,3,"sqrt",334,"28-03-2018","Lucas Corvee","Kalle Koljonen",1,0.60748350465767
"MS",2,3,"sqrt",346,"29-03-2018","Alexander Roovers","Sam Parsons",1,0.373614890627835
"MS",2,3,"sqrt",351,"30-03-2018","Sameer Verma","Lucas Corvee",1,0.555733447556466
"MS",2,3,"sqrt",353,"30-03-2018","Lucas Claerbout","Alexander Roovers",1,0.413472231616577
"MS",2,3,"sqrt",356,"31-03-2018","Sameer Verma","Mark Caljouw",0,0.583495215354772
"MS",2,3,"sqrt",360,"10-04-2018","Saputra Vicky Angga","Pengbo Ren",0,0.393852798430404
"MS",2,3,"sqrt",380,"11-04-2018","Yu Jen Chi","Panji Ahmad Maulana",0,0.447956100375067
"MS",2,3,"sqrt",391,"12-04-2018","Ihsan Maulana Mustofa","Zeqi Zhou",0,0.485495478189215
"MS",2,3,"sqrt",394,"12-04-2018","Kwang Hee Heo","Daren Liew",0,0.34723774679894
"MS",2,3,"sqrt",397,"13-04-2018","Yu Hsien Lin","Iskandar Zulkarnain",1,0.395115000287854
"MS",2,3,"sqrt",449,"08-05-2018","Yang Shen","Dimitri Han",1,0.567492345053477
"MS",2,3,"sqrt",467,"09-05-2018","Ajay Jayaram","Riichi Takeshita",0,0.440226099487787
"MS",2,3,"sqrt",509,"13-06-2018","Xiaodong Sheng","Kai Schaefer",1,0.611208804273061
"MS",2,3,"sqrt",516,"14-06-2018","Kalle Koljonen","Mark Caljouw",0,0.346680599601373
"MS",2,3,"sqrt",521,"14-06-2018","Suppanyu Avihingsanon","Guangzu Lu",0,0.318583243541145
"MS",2,3,"sqrt",529,"16-06-2018","Dong Keun Lee","Khosit Phetpradab",1,0.534314588140296
"MS",2,3,"sqrt",553,"19-06-2018","Cao Cuong Pham","Timothy Lam",1,0.380962522771506
"MS",2,3,"sqrt",588,"22-06-2018","Toby Penty","Guangzu Lu",0,0.341516924837419
"MS",2,3,"sqrt",613,"28-06-2018","Ka Long Angus Ng","Tien Chen Chou",0,0.40474426687393
"MS",2,3,"sqrt",679,"11-07-2018","Kantaphon Wangcharoen","Jun Hao Leong",1,0.593182410825941
"MS",2,3,"sqrt",682,"12-07-2018","Tommy Sugiarto","Tanongsak Saensomboonsuk",1,0.661736097690623
"MS",2,3,"sqrt",685,"12-07-2018","Kashyap Parupalli","Kanta Tsuneyama",0,0.531492147828404
"MS",2,3,"sqrt",699,"17-07-2018","Jun Hao Leong","Chao Yu Kan",1,0.691542522486083
"MS",2,3,"sqrt",715,"18-07-2018","Firman Abdul Kholik","Ihsan Maulana Mustofa",0,0.529213230286225
"MS",2,3,"sqrt",719,"18-07-2018","Hyun Il Lee","Zii Jia Lee",1,0.636953498442342
"MS",2,3,"sqrt",723,"18-07-2018","Toby Penty","Ka Long Angus Ng",0,0.480023937552692
"MS",2,3,"sqrt",735,"20-07-2018","Jen Hao Hsu","Yuxiang Huang",1,0.328511328948523
"MS",2,3,"sqrt",747,"24-07-2018","Eetu Heino","Sergey Sirant",0,0.441999916039779
"MS",2,3,"sqrt",753,"25-07-2018","Ilya Kamyshenkov","Vladimir Nikulov",0,0.443970437953642
"MS",2,3,"sqrt",781,"29-07-2018","Sourabh Verma","Koki Watanabe",1,0.622115763977532
"MS",2,3,"sqrt",795,"24-07-2018","Yiming Xu","Yun Kyu Lee",1,0.40736456799856
"MS",2,3,"sqrt",810,"25-07-2018","Nabin Shrestha","Ihsan Maulana Mustofa",0,0.416988381767259
"MS",2,3,"sqrt",831,"07-08-2018","Saran Jamsri","Faiz Rozain",1,0.436252713875268
"MS",2,3,"sqrt",844,"07-08-2018","Seng Zoe Yeoh","En Chia Chang",1,0.497637155340213
"MS",2,3,"sqrt",852,"07-08-2018","Minoru Koga","Zin Rei Ryan Ng",1,0.609661669405534
"MS",2,3,"sqrt",865,"08-08-2018","Mithun Manjunath","Ryotaro Maruo",1,0.427022603800861
"MS",2,3,"sqrt",886,"09-08-2018","Zeqi Zhou","Wei Feng Chong",1,0.556207768553947
"MS",2,3,"sqrt",897,"28-08-2018","Alex Alcala Dominguez","Alvaro Vazquez",0,0.510067065441027
"MS",2,3,"sqrt",906,"28-08-2018","Riichi Takeshita","Kodai Naraoka",1,0.365493560934878
"MS",2,3,"sqrt",914,"29-08-2018","Luís Enrique Peñalver","Raul Must",1,0.488041988898818
"MS",2,3,"sqrt",918,"29-08-2018","Rosario Maddaloni","Vladimir Malkov",0,0.371208981953659
"MS",2,3,"sqrt",944,"04-09-2018","Sai Charan Koya","Siddharth .",0,0.482325068844842
"MS",2,3,"sqrt",960,"04-09-2018","Kaushal Dharmamer","Ajay Kumar K.",1,0.633849296322313
"MS",2,3,"sqrt",977,"05-09-2018","Ikhsan Leonardo Imanuel Rumbay","Rahul Yadav Chittaboina",1,0.570399634433221
"MS",2,3,"sqrt",990,"05-09-2018","Siril Verma","Chirag Sen",0,0.619162295313497
"MS",2,3,"sqrt",1014,"11-09-2018","Tommy Sugiarto","Long Chen",0,0.656089012216968
"MS",2,3,"sqrt",1026,"13-09-2018","Tien Chen Chou","Dan Lin",0,0.490872666457564
"MS",2,3,"sqrt",1033,"14-09-2018","Srikanth Kidambi","Dong Keun Lee",0,0.398897181856271
"MS",2,3,"sqrt",1052,"18-09-2018","Bobby Setiabudi","Muhammad Rehan Diaz",0,0.556550936088732
"MS",2,3,"sqrt",1081,"19-09-2018","Chico Aura Dwi Wardoyo","Firman Abdul Kholik",0,0.493569093610925
"MS",2,3,"sqrt",1086,"19-09-2018","Ihsan Maulana Mustofa","Fikri Ihsandi Hadmadi",1,0.507566782169568
"MS",2,3,"sqrt",1087,"19-09-2018","Guoxing Huang","Syabda Perkasa Belawa",0,0.520365983464437
"MS",2,3,"sqrt",1089,"19-09-2018","Ajay Kumar K.","Andre Marteen",0,0.480760966047901
"MS",2,3,"sqrt",1107,"18-09-2018","Wan Ho Son","Cheuk Yiu Lee",1,0.716407134452609
"MS",2,3,"sqrt",1111,"18-09-2018","Long Chen","Yuxiang Huang",1,0.540653800756988
"MS",2,3,"sqrt",1139,"25-09-2018","Yin Chak Chan","Chao Yu Kan",1,0.664009284135176
"MS",2,3,"sqrt",1164,"26-09-2018","Anders Antonsen","Sameer Verma",1,0.39226214936451
"MS",2,3,"sqrt",1171,"27-09-2018","Wan Ho Son","Kwang Hee Heo",0,0.437959397677935
"MS",2,3,"sqrt",1190,"02-10-2018","Yin Chak Chan","Chao Yu Kan",1,0.46503003339344
"MS",2,3,"sqrt",1210,"04-10-2018","Yin Chak Chan","Cheuk Yiu Lee",0,0.559193816767372
"MS",2,3,"sqrt",1232,"09-10-2018","Sam Parsons","Toma Junior Popov",0,0.417096378868764
"MS",2,3,"sqrt",1234,"09-10-2018","Victor Svendsen","Zvonimir Durkinjak",1,0.496759299556154
"MS",2,3,"sqrt",1240,"09-10-2018","Artem Pochtarov","Joo Ven Soong",0,0.280652792792671
"MS",2,3,"sqrt",1271,"12-10-2018","Kashyap Parupalli","June Wei Cheam",0,0.499115474157054
"MS",2,3,"sqrt",1280,"16-10-2018","Anthony Sinisuka Ginting","Kento Momota",0,0.465052041233022
"MS",2,3,"sqrt",1287,"17-10-2018","Kenta Nishimoto","Rasmus Gemke",1,0.568020850396505
"MS",2,3,"sqrt",1290,"17-10-2018","Kanta Tsuneyama","Daren Liew",1,0.516748036661685
"MS",2,3,"sqrt",1320,"24-10-2018","Kazumasa Sakai","Dan Lin",1,0.436905913132201
"MS",2,3,"sqrt",1322,"24-10-2018","Sameer Verma","Jonatan Christie",0,0.531651561102323
"MS",2,3,"sqrt",1333,"26-10-2018","Kantaphon Wangcharoen","Rasmus Gemke",0,0.388900136203621
"MS",2,3,"sqrt",1341,"30-10-2018","Kuei Chun Shih","Mithun Manjunath",0,0.32733814400141
"MS",2,3,"sqrt",1350,"31-10-2018","Adulrach Namkul","Riichi Takeshita",0,0.354645123811356
"MS",2,3,"sqrt",1372,"01-11-2018","Sitthikom Thammasin","Yu Hsien Lin",1,0.425259559103659
"MS",2,3,"sqrt",1378,"03-11-2018","Hyun Il Lee","Sitthikom Thammasin",1,0.514487115115611
"MS",2,3,"sqrt",1420,"01-11-2018","Lucas Claerbout","Michal Rogalski",1,0.435498195273403
"MS",2,3,"sqrt",1423,"01-11-2018","Kean Yew Loh","Rajiv Ouseph",0,0.552673706031576
"MS",2,3,"sqrt",1461,"09-11-2018","Anthony Sinisuka Ginting","Yuqi Shi",0,0.412934438247349
"MS",2,3,"sqrt",1465,"11-11-2018","Kento Momota","Tien Chen Chou",1,0.648218457074468
"MS",2,3,"sqrt",1472,"13-11-2018","Tanongsak Saensomboonsuk","Wei Feng Chong",1,0.521029511506965
"MS",2,3,"sqrt",1475,"13-11-2018","Jen Hao Hsu","Kashyap Parupalli",0,0.44008141804457
"MS",2,3,"sqrt",1489,"14-11-2018","Jan O Jorgensen","Tommy Sugiarto",1,0.514411586040246
"MS",2,3,"sqrt",1518,"21-11-2018","Milan Ludik","Rahul Yadav Chittaboina",1,0.495038994690713
"MS",2,3,"sqrt",1528,"21-11-2018","Ajay Jayaram","Harsheel Dani",0,0.502644715884095
"MS",2,3,"sqrt",1544,"23-11-2018","Zeqi Zhou","Sameer Verma",0,0.561304794988085
"MS",2,3,"sqrt",1548,"25-11-2018","Guangzu Lu","Sameer Verma",0,0.655220182226937
"MS",2,3,"sqrt",1582,"21-11-2018","Kean Yew Loh","Jason Anthony Ho-Shue",0,0.508332510066687
"MS",2,3,"sqrt",1593,"22-11-2018","Alexander Roovers","Luka Wraber",0,0.48956077793417
"MS",2,3,"sqrt",1608,"23-11-2018","Nick Fransman","Haichao Liu",0,0.322274374518148
"MS",2,3,"sqrt",1655,"30-11-2018","Wan Ho Son","Ihsan Maulana Mustofa",1,0.633970616910415
"MS",2,3,"sqrt",1665,"12-12-2018","Tommy SUGIARTO","Kantaphon WANGCHAROEN",1,0.999999348021508
"MS",2,3,"sqrt",1682,"08-01-2019","Elias Bracke","Xiaodong Sheng",1,0.539711899136699
"MS",2,3,"sqrt",1689,"09-01-2019","Dan Lin","Kunlavut Vitidsarn",1,0.490579076159474
"MS",2,3,"sqrt",1693,"09-01-2019","Cheuk Yiu Lee","Vladimir Malkov",1,0.669891389923515
"MS",2,3,"sqrt",1722,"15-01-2019","Sitthikom Thammasin","Junpeng Zhao",1,0.658981347728088
"MS",2,3,"sqrt",1731,"15-01-2019","Tanongsak Saensomboonsuk","Iskandar Zulkarnain",1,0.391221006048981
"MS",2,3,"sqrt",1810,"19-02-2019","Armand Rodriguez","Mohamed Abderrahime Belarbi",0,0.562770829653191
"MS",2,3,"sqrt",1811,"19-02-2019","Iikka Heino","Milan Ludik",1,0.650473991544488
"MS",2,3,"sqrt",1829,"20-02-2019","Iikka Heino","Subhankar Dey",1,0.531696170654379
"MS",2,3,"sqrt",1842,"22-02-2019","Pengbo Ren","Pablo Abian",1,0.658070293491423
"MS",2,3,"sqrt",1877,"28-02-2019","Dan Lin","Hans-Kristian Solberg Vittinghus",0,0.544929457963195
"MS",2,3,"sqrt",1883,"28-02-2019","Cheuk Yiu Lee","Tien Chen Chou",0,0.346199396886828
"MS",2,3,"sqrt",1893,"06-03-2019","Sameer Verma","Viktor Axelsen",0,0.420863698414358
"MS",2,3,"sqrt",1909,"07-03-2019","Yuxiang Huang","Tommy Sugiarto",0,0.366811578392075
"MS",2,3,"sqrt",1921,"10-03-2019","Kento Momota","Viktor Axelsen",1,0.620928240022869
"MS",2,3,"sqrt",1938,"12-03-2019","Chun-Yi Lin","Wei Chi Liu",1,0.470118778697678
"MS",2,3,"sqrt",1962,"13-03-2019","Young Woong Ha","Shesar Hiren Rhustavito",1,0.346249289157657
"MS",2,3,"sqrt",1969,"14-03-2019","Ihsan Maulana Mustofa","Iskandar Zulkarnain",0,0.437330318416308
"MS",2,3,"sqrt",1980,"15-03-2019","Donghun Kim","Hongyang Weng",0,0.39510476213295
"MS",2,3,"sqrt",1981,"16-03-2019","Iskandar Zulkarnain","Haichao Liu",0,0.479888621094983
"MS",2,3,"sqrt",1996,"13-03-2019","Kalle Koljonen","Ygor Coelho",0,0.665444459465303
"MS",2,3,"sqrt",2035,"19-03-2019","Valentin Singer","Christian Kirchmayr",1,0.480850303786757
"MS",2,3,"sqrt",2076,"20-03-2019","Lucas Claerbout","Eetu Heino",0,0.563334107543589
"MS",2,3,"sqrt",2090,"22-03-2019","Thomas Rouxel","Eetu Heino",1,0.54447887942991
"MS",2,3,"sqrt",2105,"26-03-2019","Sarath Dunna","Kartik Jindal",0,0.431013282406089
"MS",2,3,"sqrt",2112,"27-03-2019","Srikanth Kidambi","Wing Ki Vincent Wong",1,0.748302632827342
"MS",2,3,"sqrt",2122,"27-03-2019","Junpeng Zhao","Guangzu Lu",0,0.512796035869648
"MS",2,3,"sqrt",2125,"28-03-2019","Sameer Verma","B. Sai Praneeth",0,0.527994510716017
"MS",2,3,"sqrt",2162,"04-04-2019","Sitthikom Thammasin","Kanta Tsuneyama",0,0.462412035159822
"MS",2,3,"sqrt",2167,"06-04-2019","Jonatan Christie","Long Chen",0,0.489967744415984
"MS",2,3,"sqrt",2207,"12-04-2019","Viktor Axelsen","Jonatan Christie",1,0.599600795970416
"MS",2,3,"sqrt",2232,"01-05-2019","Zeqi Zhou","Kazumasa Sakai",0,0.529661564258992
"MS",2,3,"sqrt",2233,"01-05-2019","Tzu Wei Wang","Lakshya Sen",1,0.480209132433847
"MS",2,3,"sqrt",2249,"03-05-2019","Kanta Tsuneyama","H. S. Prannoy",1,0.575510853472559
"MS",2,3,"sqrt",2256,"04-06-2019","Feixiang Sun","Koki Watanabe",1,0.550202256781081
"MS",2,3,"sqrt",2299,"02-07-2019","Sheng Po Yu","Patrick Bjerregaard",1,0.443572969284857
"MS",2,3,"sqrt",2308,"02-07-2019","Seyed Mohammad Hossein Vakili","Mathew Fogarty",1,0.525126549241753
"MS",2,3,"sqrt",2312,"02-07-2019","Lucas Claerbout","Xiaodong Sheng",1,0.517211075924747
"MS",2,3,"sqrt",2345,"04-07-2019","Hai Chao Liu","Shi Feng Li",0,0.473270540764188
"MS",2,3,"sqrt",2358,"09-07-2019","Fei Xiang Sun","Sankeerth B. R.",1,0.564169661009336
"MS",2,3,"sqrt",2366,"09-07-2019","Shi Feng Li","Hong Yang Weng",1,0.534558394673427
"MS",2,3,"sqrt",2377,"10-07-2019","Sourabh Verma","Toby Penty",1,0.666027403155104
"MS",2,3,"sqrt",2381,"10-07-2019","Yu Igarashi","H. S. Prannoy",0,0.445803150022518
"MS",2,3,"sqrt",2388,"11-07-2019","Dong Keun Lee","Koki Watanabe",1,0.388277167138683
"MS",2,3,"sqrt",2402,"16-07-2019","Kantaphon Wangcharoen","Kanta Tsuneyama",1,0.463841908656722
"MS",2,3,"sqrt",2407,"17-07-2019","Tommy Sugiarto","Long Chen",0,0.391830354486417
"MS",2,3,"sqrt",2420,"18-07-2019","Zii Jia Lee","Long Chen",1,0.339898092068545
"MS",2,3,"sqrt",2443,"17-07-2019","Teck Zhi Soo","Runze Yan",0,0.418120844096549
"MS",2,3,"sqrt",2448,"17-07-2019","Siril Verma","Sergey Sirant",1,0.520147259134087
"MS",2,3,"sqrt",2476,"23-07-2019","Kantaphon Wangcharoen","Mark Caljouw",1,0.676889495749252
"MS",2,3,"sqrt",2482,"24-07-2019","H. S. Prannoy","Srikanth Kidambi",1,0.413734167723601
"MS",2,3,"sqrt",2504,"30-07-2019","Ihsan Maulana Mustofa","Chico Aura Dwi Wardoyo",0,0.567047773065566
"MS",2,3,"sqrt",2510,"30-07-2019","Sourabh Verma","Ze Qi Zhou",1,0.604346801520891
"MS",2,3,"sqrt",2527,"31-07-2019","Lucas Claerbout","Shesar Hiren Rhustavito",0,0.491202081366422
"MS",2,3,"sqrt",2528,"31-07-2019","Kantaphon Wangcharoen","B. Sai Praneeth",0,0.550955432138089
"MS",2,3,"sqrt",2532,"01-08-2019","Kanta Tsuneyama","Sitthikom Thammasin",1,0.568702260252958
"MS",2,3,"sqrt",2548,"06-08-2019","Yee Han Chong","Alap Mishra",1,0.426058219735252
"MS",2,3,"sqrt",2576,"06-08-2019","Ikhsan Leonardo Imanuel Rumbay","Kaushal Dharmamer",1,0.396014569910981
"MS",2,3,"sqrt",2580,"07-08-2019","Seng Zoe Yeoh","Luka Wraber",1,0.505826410317419
"MS",2,3,"sqrt",2593,"07-08-2019","Yu Peng Bai","Rahul Yadav Chittaboina",1,0.594167168685237
"MS",2,3,"sqrt",2597,"07-08-2019","Aryamann Tandon","Iskandar Zulkarnain",0,0.398111770791044
"MS",2,3,"sqrt",2624,"14-08-2019","Teck Zhi Soo","Suppanyu Avihingsanon",0,0.41348127093234
"MS",2,3,"sqrt",2641,"16-08-2019","Firman Abdul Kholik","Donghun Kim",1,0.454829706089841
"MS",2,3,"sqrt",2653,"03-09-2019","Yehezkiel Fritz Mainaky","Pang Fong Pui",0,0.40946841435929
"MS",2,3,"sqrt",2669,"04-09-2019","Lucas Claerbout","Tzu Wei Wang",1,0.453439461926455
"MS",2,3,"sqrt",2683,"06-09-2019","Tien Chen Chou","June Wei Cheam",1,0.632977454415653
"MS",2,3,"sqrt",2729,"12-09-2019","Daren Liew","Siril Verma",0,0.4457269460151
"MS",2,3,"sqrt",2764,"17-09-2019","Daren Liew","Sitthikom Thammasin",1,0.421657433209638
"MS",2,3,"sqrt",2771,"18-09-2019","Suppanyu Avihingsanon","B. Sai Praneeth",0,0.403125607918422
"MS",2,3,"sqrt",2785,"20-09-2019","Anthony Sinisuka Ginting","B. Sai Praneeth",1,0.642839678313813
"MS",2,3,"sqrt",2797,"24-09-2019","Teck Zhi Soo","Yu Hsien Lin",0,0.443383995230011
"MS",2,3,"sqrt",2810,"25-09-2019","Rasmus Gemke","Donghun Kim",0,0.517154798819015
"MS",2,3,"sqrt",2811,"25-09-2019","Khosit Phetpradab","Cheuk Yiu Lee",1,0.584522012693071
"MS",2,3,"sqrt",2829,"27-09-2019","Tzu Wei Wang","Jonatan Christie",1,0.323816082209783
"MS",2,3,"sqrt",2863,"01-10-2019","Lan Xi Lei","Giap Chin Goh",0,0.489625219287933
"MS",2,3,"sqrt",2870,"02-10-2019","Bagas Kristianto Nugroho","Alberto Alvin Yulianto",0,0.48321684697201
"MS",2,3,"sqrt",2876,"02-10-2019","Seng Zoe Yeoh","Tanongsak Saensomboonsuk",0,0.433090835868222
"MS",2,3,"sqrt",2884,"02-10-2019","Alberto Alvin Yulianto","Panji Ahmad Maulana",0,0.587016933382682
"MS",2,3,"sqrt",2888,"02-10-2019","Jovi Mikhael","Faiz Rozain",1,0.58157644177895
"MS",2,3,"sqrt",2899,"04-10-2019","Tanongsak Saensomboonsuk","Peng Bo Ren",1,0.502931262573175
"MS",2,3,"sqrt",2907,"08-10-2019","Lars Schaenzler","Wolfgang Gnedt",1,0.484663492343257
"MS",2,3,"sqrt",2913,"08-10-2019","Eetu Heino","Rasmus Messerschmidt",1,0.415135732069574
"MS",2,3,"sqrt",2921,"08-10-2019","Maxime Moreels","Jeppe Bruun",0,0.383937326033288
"MS",2,3,"sqrt",2926,"08-10-2019","Leo Rossi","Mithun Manjunath",1,0.417925642161176
"MS",2,3,"sqrt",2928,"08-10-2019","Peng Bo Ren","B.M.Rahul Bharadwaj",0,0.487021640236545
"MS",2,3,"sqrt",2933,"09-10-2019","Kai Schaefer","Sourabh Verma",1,0.214006247406271
"MS",2,3,"sqrt",2938,"09-10-2019","Lucas Corvee","Eetu Heino",0,0.578343934222395
"MS",2,3,"sqrt",2940,"09-10-2019","Hong Yang Weng","Daniel Nikolov",0,0.447731940842292
"MS",2,3,"sqrt",2959,"13-10-2019","Yusuke Onodera","Lakshya Sen",0,0.580119695912868
"MS",2,3,"sqrt",2960,"15-10-2019","Rasmus Gemke","Cheuk Yiu Lee",1,0.649518873850507
"MS",2,3,"sqrt",2967,"15-10-2019","Anthony Sinisuka Ginting","Brice Leverdez",0,0.780970059584677
"MS",2,3,"sqrt",2975,"16-10-2019","Khosit Phetpradab","Tzu Wei Wang",1,0.43420038953264
"MS",2,3,"sqrt",2985,"18-10-2019","Kento Momota","Rasmus Gemke",1,0.763179582459046
"MS",2,3,"sqrt",3012,"24-10-2019","Kento Momota","Hans-Kristian Solberg Vittinghus",1,0.807372073614288
"MS",2,3,"sqrt",3033,"29-10-2019","Yin Chak Chan","Aidil Sholeh Ali Sadikin",0,0.403323838405668
"MS",2,3,"sqrt",3034,"30-10-2019","Iskandar Zulkarnain","Tanongsak Saensomboonsuk",0,0.47980618636737
"MS",2,3,"sqrt",3047,"30-10-2019","Chia Hung Lu","Wan Ho Son",0,0.288412701398011
"MS",2,3,"sqrt",3048,"30-10-2019","Yu Qi Shi","Lucas Claerbout",1,0.499832533610875
"MS",2,3,"sqrt",3052,"31-10-2019","Chun-Yi Lin","Chico Aura Dwi Wardoyo",0,0.549038476535437
"MS",2,3,"sqrt",3064,"03-11-2019","Yu Qi Shi","Sitthikom Thammasin",0,0.55036589224284
"MS",2,3,"sqrt",3113,"02-11-2019","Kiran George","Lakshya Sen",0,0.501283691783154
"MS",2,3,"sqrt",3171,"13-11-2019","Kantaphon Wangcharoen","Jan O Jorgensen",0,0.54703431032143
"MS",2,3,"sqrt",3187,"17-11-2019","Cheuk Yiu Lee","Anthony Sinisuka Ginting",1,0.555354738492565
"MS",2,3,"sqrt",3197,"19-11-2019","June Wei Cheam","Chia Hao Lee",0,0.541618370884128
"MS",2,3,"sqrt",3213,"20-11-2019","Koki Watanabe","Lucas Corvee",1,0.662880012013299
"MS",2,3,"sqrt",3223,"22-11-2019","Jun Peng Zhao","Koki Watanabe",1,0.364879850104747
"MS",2,3,"sqrt",3224,"22-11-2019","Donghun Kim","Kanta Tsuneyama",0,0.497671750383887
"MS",2,3,"sqrt",3227,"23-11-2019","Kanta Tsuneyama","Guang Zu Lu",1,0.572498710826466
"MS",2,3,"sqrt",3251,"27-11-2019","Ajay Jayaram","Sameer Verma",1,0.534859337660083
"MS",2,3,"sqrt",3271,"11-12-2019","Long Chen","Viktor Axelsen",1,0.999999384545117
"MS",2,3,"sqrt",3286,"07-01-2020","Joo Ven Soong","Wing Ki Vincent Wong",1,0.666174923558682
"MS",2,3,"sqrt",3292,"07-01-2020","Lakshya Sen","Hans-Kristian Solberg Vittinghus",0,0.696815389868115
"MS",2,3,"sqrt",3307,"08-01-2020","Hans-Kristian Solberg Vittinghus","Guang Zu Lu",0,0.54432682454705
"MS",2,3,"sqrt",3337,"14-01-2020","Koki Watanabe","Jun Peng Zhao",0,0.474131429970808
"MS",2,3,"sqrt",3350,"15-01-2020","B. Sai Praneeth","Yu Qi Shi",0,0.50436398148684
"MS",2,3,"sqrt",3368,"17-01-2020","Jun Peng Zhao","Viktor Axelsen",0,0.351515975507065
"MS",2,3,"sqrt",3393,"22-01-2020","Kenta Nishimoto","June Wei Cheam",1,0.608130305507248
"MS",2,3,"sqrt",3396,"22-01-2020","Kantaphon Wangcharoen","Suppanyu Avihingsanon",0,0.53478012514881
"MS",2,3,"sqrt",3414,"26-01-2020","Kenta Nishimoto","Ka Long Angus Ng",0,0.558058559456707
"MS",2,3,"sqrt",3425,"19-02-2020","Brice Leverdez","Hans-Kristian Solberg Vittinghus",1,0.437246934960031
"MS",2,3,"sqrt",3427,"19-02-2020","Tzu Wei Wang","Lucas Corvee",0,0.715201374685168
"MS",2,3,"sqrt",3443,"20-02-2020","Kai Schaefer","Sameer Verma",0,0.484214680701635
"MS",2,3,"sqrt",3448,"21-02-2020","Daren Liew","Rasmus Gemke",1,0.509462664762381
"MS",2,3,"sqrt",3458,"11-03-2020","Tommy Sugiarto","Yu Qi Shi",0,0.418844091634002
"MS",2,3,"sqrt",3506,"15-10-2020","Hans-Kristian Solberg Vittinghus","Lakshya Sen",1,0.472265357608531
"MS",2,3,"sqrt",3538,"28-10-2020","Pablo Abian","Jeppe Bruun",1,0.418995217522209
"MS",2,3,"sqrt",3547,"29-10-2020","Nhat Nguyen","Mark Caljouw",0,0.442373746400961
"MS",2,3,"sqrt",3552,"29-10-2020","Rasmus Gemke","Max Weisskirchen",0,0.590513106700559
"MS",2,3,"sqrt",3563,"12-01-2021","Jonatan Christie","Kean Yew Loh",1,0.692823513865561
"MS",2,3,"sqrt",3571,"13-01-2021","Tanongsak Saensomboonsuk","Tien Chen Chou",0,0.322131354323815
"MS",2,3,"sqrt",3607,"21-01-2021","Anthony Sinisuka Ginting","Cheuk Yiu Lee",0,0.603849960125622
"MS",2,3,"sqrt",3610,"21-01-2021","Hans-Kristian Solberg Vittinghus","Shesar Hiren Rhustavito",1,0.393545595340387
"MS",2,3,"sqrt",3625,"28-01-2021","Tzu Wei Wang","Srikanth Kidambi",1,0.713273726496844
"MS",2,3,"sqrt",3638,"03-03-2021","Mark Caljouw","H. S. Prannoy",1,0.458259922898084
"MS",2,3,"sqrt",3669,"17-03-2021","Srikanth Kidambi","Nhat Nguyen",0,0.659294108554615
"MS",2,3,"sqrt",3685,"18-03-2021","B. Sai Praneeth","Viktor Axelsen",0,0.133308562599566
"MS",2,3,"sqrt",3706,"23-03-2021","Mads Thøgersen","Brian Holtschke",1,0.418295438522936
"MS",2,3,"sqrt",3714,"23-03-2021","Mads Thøgersen","Julien Carraggi",0,0.656763777401287
"MS",2,3,"sqrt",3718,"23-03-2021","Ajay Jayaram","Alap Mishra",1,0.486230802904948
"MS",2,3,"sqrt",3721,"23-03-2021","Mark Caljouw","Kiran George",0,0.448722228282317
"MS",2,3,"sqrt",3736,"24-03-2021","H. S. Prannoy","Kiran George",0,0.4452113963884
"MS",2,3,"time_weighted",3,"09-01-2018","Mek Narongrit","Yee Han Chong",1,0.47503583414329
"MS",2,3,"time_weighted",17,"10-01-2018","Tien Minh Nguyen","Jason Anthony Ho-Shue",1,0.519968474522154
"MS",2,3,"time_weighted",23,"10-01-2018","Daren Liew","Khosit Phetpradab",1,0.510840157724849
"MS",2,3,"time_weighted",58,"17-01-2018","Kazumasa Sakai","Tzu Wei Wang",0,0.590997684593857
"MS",2,3,"time_weighted",62,"17-01-2018","Iskandar Zulkarnain","Anders Antonsen",0,0.650131812511528
"MS",2,3,"time_weighted",74,"18-01-2018","Daren Liew","Hyeok Jin Jeon",1,0.552426189201336
"MS",2,3,"time_weighted",85,"21-01-2018","Viktor Axelsen","Kenta Nishimoto",1,0.670314901622673
"MS",2,3,"time_weighted",92,"23-01-2018","Chao Yu Kan","Lucas Corvee",0,0.537953042962568
"MS",2,3,"time_weighted",108,"24-01-2018","Suppanyu Avihingsanon","Emil Holst",1,0.585597827635489
"MS",2,3,"time_weighted",110,"24-01-2018","Brice Leverdez","Yuxiang Huang",1,0.570959862214446
"MS",2,3,"time_weighted",122,"26-01-2018","Anthony Sinisuka Ginting","Long Chen",1,0.522131929884578
"MS",2,3,"time_weighted",127,"27-01-2018","Kazumasa Sakai","Wan Ho Son",1,0.559240771264228
"MS",2,3,"time_weighted",131,"30-01-2018","Joo Ven Soong","Siddharth Pratap Singh",0,0.531944377343937
"MS",2,3,"time_weighted",139,"30-01-2018","Daren Liew","Rahul Yadav Chittaboina",1,0.586250723369841
"MS",2,3,"time_weighted",155,"31-01-2018","Bin Qiao","Zii Jia Lee",1,0.588862223032911
"MS",2,3,"time_weighted",158,"01-02-2018","Shreyansh Jaiswal","Kashyap Parupalli",0,0.533737583376076
"MS",2,3,"time_weighted",194,"21-02-2018","Emil Holst","Arnaud Merkle",0,0.511890477612906
"MS",2,3,"time_weighted",219,"06-03-2018","Thomas Rouxel","Dmytro Zavadsky",0,0.478256767019453
"MS",2,3,"time_weighted",222,"06-03-2018","Alexander Roovers","Junpeng Zhao",0,0.518431201066221
"MS",2,3,"time_weighted",252,"09-03-2018","Anthony Sinisuka Ginting","Yuqi Shi",0,0.465368943382657
"MS",2,3,"time_weighted",256,"10-03-2018","Yuqi Shi","Ka Long Angus Ng",0,0.680307806770476
"MS",2,3,"time_weighted",266,"14-03-2018","Wan Ho Son","B. Sai Praneeth",1,0.528149704104381
"MS",2,3,"time_weighted",272,"14-03-2018","H. S. Prannoy","Tien Chen Chou",1,0.337260738500026
"MS",2,3,"time_weighted",284,"16-03-2018","Kenta Nishimoto","Wan Ho Son",0,0.592958363837976
"MS",2,3,"time_weighted",302,"27-03-2018","Hemanth M.Gowda","Alex Vlaar",1,0.488132841921913
"MS",2,3,"time_weighted",334,"28-03-2018","Lucas Corvee","Kalle Koljonen",1,0.60571883852694
"MS",2,3,"time_weighted",346,"29-03-2018","Alexander Roovers","Sam Parsons",1,0.371178995431852
"MS",2,3,"time_weighted",351,"30-03-2018","Sameer Verma","Lucas Corvee",1,0.560451604099831
"MS",2,3,"time_weighted",353,"30-03-2018","Lucas Claerbout","Alexander Roovers",1,0.411655608633309
"MS",2,3,"time_weighted",356,"31-03-2018","Sameer Verma","Mark Caljouw",0,0.583675349115726
"MS",2,3,"time_weighted",360,"10-04-2018","Saputra Vicky Angga","Pengbo Ren",0,0.386568064751307
"MS",2,3,"time_weighted",380,"11-04-2018","Yu Jen Chi","Panji Ahmad Maulana",0,0.451265114088872
"MS",2,3,"time_weighted",391,"12-04-2018","Ihsan Maulana Mustofa","Zeqi Zhou",0,0.486237413249751
"MS",2,3,"time_weighted",394,"12-04-2018","Kwang Hee Heo","Daren Liew",0,0.341871472899673
"MS",2,3,"time_weighted",397,"13-04-2018","Yu Hsien Lin","Iskandar Zulkarnain",1,0.39300219704971
"MS",2,3,"time_weighted",449,"08-05-2018","Yang Shen","Dimitri Han",1,0.573418359096244
"MS",2,3,"time_weighted",467,"09-05-2018","Ajay Jayaram","Riichi Takeshita",0,0.440084387289786
"MS",2,3,"time_weighted",509,"13-06-2018","Xiaodong Sheng","Kai Schaefer",1,0.613450044138032
"MS",2,3,"time_weighted",516,"14-06-2018","Kalle Koljonen","Mark Caljouw",0,0.343968885037642
"MS",2,3,"time_weighted",521,"14-06-2018","Suppanyu Avihingsanon","Guangzu Lu",0,0.318844703422573
"MS",2,3,"time_weighted",529,"16-06-2018","Dong Keun Lee","Khosit Phetpradab",1,0.53513243501894
"MS",2,3,"time_weighted",553,"19-06-2018","Cao Cuong Pham","Timothy Lam",1,0.379372297919277
"MS",2,3,"time_weighted",588,"22-06-2018","Toby Penty","Guangzu Lu",0,0.342109165881121
"MS",2,3,"time_weighted",613,"28-06-2018","Ka Long Angus Ng","Tien Chen Chou",0,0.403558298509089
"MS",2,3,"time_weighted",679,"11-07-2018","Kantaphon Wangcharoen","Jun Hao Leong",1,0.597554520382917
"MS",2,3,"time_weighted",682,"12-07-2018","Tommy Sugiarto","Tanongsak Saensomboonsuk",1,0.659262038767881
"MS",2,3,"time_weighted",685,"12-07-2018","Kashyap Parupalli","Kanta Tsuneyama",0,0.532572436039076
"MS",2,3,"time_weighted",699,"17-07-2018","Jun Hao Leong","Chao Yu Kan",1,0.690160855266588
"MS",2,3,"time_weighted",715,"18-07-2018","Firman Abdul Kholik","Ihsan Maulana Mustofa",0,0.51976353714254
"MS",2,3,"time_weighted",719,"18-07-2018","Hyun Il Lee","Zii Jia Lee",1,0.638268699774298
"MS",2,3,"time_weighted",723,"18-07-2018","Toby Penty","Ka Long Angus Ng",0,0.48119280019858
"MS",2,3,"time_weighted",735,"20-07-2018","Jen Hao Hsu","Yuxiang Huang",1,0.329853596816986
"MS",2,3,"time_weighted",747,"24-07-2018","Eetu Heino","Sergey Sirant",0,0.445858559161135
"MS",2,3,"time_weighted",753,"25-07-2018","Ilya Kamyshenkov","Vladimir Nikulov",0,0.441811225608392
"MS",2,3,"time_weighted",781,"29-07-2018","Sourabh Verma","Koki Watanabe",1,0.623866972666433
"MS",2,3,"time_weighted",795,"24-07-2018","Yiming Xu","Yun Kyu Lee",1,0.408703318000287
"MS",2,3,"time_weighted",810,"25-07-2018","Nabin Shrestha","Ihsan Maulana Mustofa",0,0.415533584331546
"MS",2,3,"time_weighted",831,"07-08-2018","Saran Jamsri","Faiz Rozain",1,0.435462128308626
"MS",2,3,"time_weighted",844,"07-08-2018","Seng Zoe Yeoh","En Chia Chang",1,0.496519556340475
"MS",2,3,"time_weighted",852,"07-08-2018","Minoru Koga","Zin Rei Ryan Ng",1,0.607694248389623
"MS",2,3,"time_weighted",865,"08-08-2018","Mithun Manjunath","Ryotaro Maruo",1,0.427996696462225
"MS",2,3,"time_weighted",886,"09-08-2018","Zeqi Zhou","Wei Feng Chong",1,0.55842751616547
"MS",2,3,"time_weighted",897,"28-08-2018","Alex Alcala Dominguez","Alvaro Vazquez",0,0.509701242964395
"MS",2,3,"time_weighted",906,"28-08-2018","Riichi Takeshita","Kodai Naraoka",1,0.370158556530505
"MS",2,3,"time_weighted",914,"29-08-2018","Luís Enrique Peñalver","Raul Must",1,0.491598246236562
"MS",2,3,"time_weighted",918,"29-08-2018","Rosario Maddaloni","Vladimir Malkov",0,0.371717118772446
"MS",2,3,"time_weighted",944,"04-09-2018","Sai Charan Koya","Siddharth .",0,0.486025936276336
"MS",2,3,"time_weighted",960,"04-09-2018","Kaushal Dharmamer","Ajay Kumar K.",1,0.637196480564652
"MS",2,3,"time_weighted",977,"05-09-2018","Ikhsan Leonardo Imanuel Rumbay","Rahul Yadav Chittaboina",1,0.57201925763985
"MS",2,3,"time_weighted",990,"05-09-2018","Siril Verma","Chirag Sen",0,0.617433745256685
"MS",2,3,"time_weighted",1014,"11-09-2018","Tommy Sugiarto","Long Chen",0,0.652644084297228
"MS",2,3,"time_weighted",1026,"13-09-2018","Tien Chen Chou","Dan Lin",0,0.489837523655635
"MS",2,3,"time_weighted",1033,"14-09-2018","Srikanth Kidambi","Dong Keun Lee",0,0.399214910252836
"MS",2,3,"time_weighted",1052,"18-09-2018","Bobby Setiabudi","Muhammad Rehan Diaz",0,0.555002718059437
"MS",2,3,"time_weighted",1081,"19-09-2018","Chico Aura Dwi Wardoyo","Firman Abdul Kholik",0,0.491508005011524
"MS",2,3,"time_weighted",1086,"19-09-2018","Ihsan Maulana Mustofa","Fikri Ihsandi Hadmadi",1,0.513632231738116
"MS",2,3,"time_weighted",1087,"19-09-2018","Guoxing Huang","Syabda Perkasa Belawa",0,0.526208116940712
"MS",2,3,"time_weighted",1089,"19-09-2018","Ajay Kumar K.","Andre Marteen",0,0.481578169825359
"MS",2,3,"time_weighted",1107,"18-09-2018","Wan Ho Son","Cheuk Yiu Lee",1,0.715010054022065
"MS",2,3,"time_weighted",1111,"18-09-2018","Long Chen","Yuxiang Huang",1,0.540739095090666
"MS",2,3,"time_weighted",1139,"25-09-2018","Yin Chak Chan","Chao Yu Kan",1,0.668299081716105
"MS",2,3,"time_weighted",1164,"26-09-2018","Anders Antonsen","Sameer Verma",1,0.389032906992802
"MS",2,3,"time_weighted",1171,"27-09-2018","Wan Ho Son","Kwang Hee Heo",0,0.437161617353904
"MS",2,3,"time_weighted",1190,"02-10-2018","Yin Chak Chan","Chao Yu Kan",1,0.46914637826544
"MS",2,3,"time_weighted",1210,"04-10-2018","Yin Chak Chan","Cheuk Yiu Lee",0,0.570937129891601
"MS",2,3,"time_weighted",1232,"09-10-2018","Sam Parsons","Toma Junior Popov",0,0.415509691685829
"MS",2,3,"time_weighted",1234,"09-10-2018","Victor Svendsen","Zvonimir Durkinjak",1,0.502840828115748
"MS",2,3,"time_weighted",1240,"09-10-2018","Artem Pochtarov","Joo Ven Soong",0,0.273360066706974
"MS",2,3,"time_weighted",1271,"12-10-2018","Kashyap Parupalli","June Wei Cheam",0,0.502650365149783
"MS",2,3,"time_weighted",1280,"16-10-2018","Anthony Sinisuka Ginting","Kento Momota",0,0.471860642442641
"MS",2,3,"time_weighted",1287,"17-10-2018","Kenta Nishimoto","Rasmus Gemke",1,0.567295246938511
"MS",2,3,"time_weighted",1290,"17-10-2018","Kanta Tsuneyama","Daren Liew",1,0.517670858443938
"MS",2,3,"time_weighted",1320,"24-10-2018","Kazumasa Sakai","Dan Lin",1,0.437865609167042
"MS",2,3,"time_weighted",1322,"24-10-2018","Sameer Verma","Jonatan Christie",0,0.526909137862189
"MS",2,3,"time_weighted",1333,"26-10-2018","Kantaphon Wangcharoen","Rasmus Gemke",0,0.386778997436516
"MS",2,3,"time_weighted",1341,"30-10-2018","Kuei Chun Shih","Mithun Manjunath",0,0.323172451654846
"MS",2,3,"time_weighted",1350,"31-10-2018","Adulrach Namkul","Riichi Takeshita",0,0.354774081658281
"MS",2,3,"time_weighted",1372,"01-11-2018","Sitthikom Thammasin","Yu Hsien Lin",1,0.421115297904909
"MS",2,3,"time_weighted",1378,"03-11-2018","Hyun Il Lee","Sitthikom Thammasin",1,0.514832880188365
"MS",2,3,"time_weighted",1420,"01-11-2018","Lucas Claerbout","Michal Rogalski",1,0.440606269492871
"MS",2,3,"time_weighted",1423,"01-11-2018","Kean Yew Loh","Rajiv Ouseph",0,0.555338638618784
"MS",2,3,"time_weighted",1461,"09-11-2018","Anthony Sinisuka Ginting","Yuqi Shi",0,0.408556997160843
"MS",2,3,"time_weighted",1465,"11-11-2018","Kento Momota","Tien Chen Chou",1,0.64918074748321
"MS",2,3,"time_weighted",1472,"13-11-2018","Tanongsak Saensomboonsuk","Wei Feng Chong",1,0.523358970649904
"MS",2,3,"time_weighted",1475,"13-11-2018","Jen Hao Hsu","Kashyap Parupalli",0,0.439242245634663
"MS",2,3,"time_weighted",1489,"14-11-2018","Jan O Jorgensen","Tommy Sugiarto",1,0.530261233692244
"MS",2,3,"time_weighted",1518,"21-11-2018","Milan Ludik","Rahul Yadav Chittaboina",1,0.496706059052557
"MS",2,3,"time_weighted",1528,"21-11-2018","Ajay Jayaram","Harsheel Dani",0,0.504485510173341
"MS",2,3,"time_weighted",1544,"23-11-2018","Zeqi Zhou","Sameer Verma",0,0.564389425781088
"MS",2,3,"time_weighted",1548,"25-11-2018","Guangzu Lu","Sameer Verma",0,0.656506809944749
"MS",2,3,"time_weighted",1582,"21-11-2018","Kean Yew Loh","Jason Anthony Ho-Shue",0,0.5038830464646
"MS",2,3,"time_weighted",1593,"22-11-2018","Alexander Roovers","Luka Wraber",0,0.489475798557379
"MS",2,3,"time_weighted",1608,"23-11-2018","Nick Fransman","Haichao Liu",0,0.318441180877084
"MS",2,3,"time_weighted",1655,"30-11-2018","Wan Ho Son","Ihsan Maulana Mustofa",1,0.637340779721361
"MS",2,3,"time_weighted",1665,"12-12-2018","Tommy SUGIARTO","Kantaphon WANGCHAROEN",1,0.999999347431516
"MS",2,3,"time_weighted",1682,"08-01-2019","Elias Bracke","Xiaodong Sheng",1,0.547315403650646
"MS",2,3,"time_weighted",1689,"09-01-2019","Dan Lin","Kunlavut Vitidsarn",1,0.484878218747126
"MS",2,3,"time_weighted",1693,"09-01-2019","Cheuk Yiu Lee","Vladimir Malkov",1,0.674274873165364
"MS",2,3,"time_weighted",1722,"15-01-2019","Sitthikom Thammasin","Junpeng Zhao",1,0.663461921896407
"MS",2,3,"time_weighted",1731,"15-01-2019","Tanongsak Saensomboonsuk","Iskandar Zulkarnain",1,0.396449431401071
"MS",2,3,"time_weighted",1810,"19-02-2019","Armand Rodriguez","Mohamed Abderrahime Belarbi",0,0.563186819176537
"MS",2,3,"time_weighted",1811,"19-02-2019","Iikka Heino","Milan Ludik",1,0.654500303462169
"MS",2,3,"time_weighted",1829,"20-02-2019","Iikka Heino","Subhankar Dey",1,0.532569246079135
"MS",2,3,"time_weighted",1842,"22-02-2019","Pengbo Ren","Pablo Abian",1,0.663224797033208
"MS",2,3,"time_weighted",1877,"28-02-2019","Dan Lin","Hans-Kristian Solberg Vittinghus",0,0.540939606381203
"MS",2,3,"time_weighted",1883,"28-02-2019","Cheuk Yiu Lee","Tien Chen Chou",0,0.346744094667135
"MS",2,3,"time_weighted",1893,"06-03-2019","Sameer Verma","Viktor Axelsen",0,0.421356833494517
"MS",2,3,"time_weighted",1909,"07-03-2019","Yuxiang Huang","Tommy Sugiarto",0,0.363016456943477
"MS",2,3,"time_weighted",1921,"10-03-2019","Kento Momota","Viktor Axelsen",1,0.617491710334408
"MS",2,3,"time_weighted",1938,"12-03-2019","Chun-Yi Lin","Wei Chi Liu",1,0.472911149454502
"MS",2,3,"time_weighted",1962,"13-03-2019","Young Woong Ha","Shesar Hiren Rhustavito",1,0.344060281668578
"MS",2,3,"time_weighted",1969,"14-03-2019","Ihsan Maulana Mustofa","Iskandar Zulkarnain",0,0.431746327610545
"MS",2,3,"time_weighted",1980,"15-03-2019","Donghun Kim","Hongyang Weng",0,0.391694663988497
"MS",2,3,"time_weighted",1981,"16-03-2019","Iskandar Zulkarnain","Haichao Liu",0,0.480857140146022
"MS",2,3,"time_weighted",1996,"13-03-2019","Kalle Koljonen","Ygor Coelho",0,0.668384633088982
"MS",2,3,"time_weighted",2035,"19-03-2019","Valentin Singer","Christian Kirchmayr",1,0.480893569557527
"MS",2,3,"time_weighted",2076,"20-03-2019","Lucas Claerbout","Eetu Heino",0,0.565372781190616
"MS",2,3,"time_weighted",2090,"22-03-2019","Thomas Rouxel","Eetu Heino",1,0.545207650737727
"MS",2,3,"time_weighted",2105,"26-03-2019","Sarath Dunna","Kartik Jindal",0,0.439199572875425
"MS",2,3,"time_weighted",2112,"27-03-2019","Srikanth Kidambi","Wing Ki Vincent Wong",1,0.752286126210547
"MS",2,3,"time_weighted",2122,"27-03-2019","Junpeng Zhao","Guangzu Lu",0,0.516363513779435
"MS",2,3,"time_weighted",2125,"28-03-2019","Sameer Verma","B. Sai Praneeth",0,0.521672303662479
"MS",2,3,"time_weighted",2162,"04-04-2019","Sitthikom Thammasin","Kanta Tsuneyama",0,0.467268628624249
"MS",2,3,"time_weighted",2167,"06-04-2019","Jonatan Christie","Long Chen",0,0.489694552269601
"MS",2,3,"time_weighted",2207,"12-04-2019","Viktor Axelsen","Jonatan Christie",1,0.602693524242391
"MS",2,3,"time_weighted",2232,"01-05-2019","Zeqi Zhou","Kazumasa Sakai",0,0.523599183055995
"MS",2,3,"time_weighted",2233,"01-05-2019","Tzu Wei Wang","Lakshya Sen",1,0.486874412711914
"MS",2,3,"time_weighted",2249,"03-05-2019","Kanta Tsuneyama","H. S. Prannoy",1,0.584786786272965
"MS",2,3,"time_weighted",2256,"04-06-2019","Feixiang Sun","Koki Watanabe",1,0.543625372403875
"MS",2,3,"time_weighted",2299,"02-07-2019","Sheng Po Yu","Patrick Bjerregaard",1,0.43714959682214
"MS",2,3,"time_weighted",2308,"02-07-2019","Seyed Mohammad Hossein Vakili","Mathew Fogarty",1,0.526670566694539
"MS",2,3,"time_weighted",2312,"02-07-2019","Lucas Claerbout","Xiaodong Sheng",1,0.521837124325131
"MS",2,3,"time_weighted",2345,"04-07-2019","Hai Chao Liu","Shi Feng Li",0,0.47802734503031
"MS",2,3,"time_weighted",2358,"09-07-2019","Fei Xiang Sun","Sankeerth B. R.",1,0.569098754438935
"MS",2,3,"time_weighted",2366,"09-07-2019","Shi Feng Li","Hong Yang Weng",1,0.540817286939881
"MS",2,3,"time_weighted",2377,"10-07-2019","Sourabh Verma","Toby Penty",1,0.671988579496861
"MS",2,3,"time_weighted",2381,"10-07-2019","Yu Igarashi","H. S. Prannoy",0,0.440036844574886
"MS",2,3,"time_weighted",2388,"11-07-2019","Dong Keun Lee","Koki Watanabe",1,0.390470512647875
"MS",2,3,"time_weighted",2402,"16-07-2019","Kantaphon Wangcharoen","Kanta Tsuneyama",1,0.456744071607376
"MS",2,3,"time_weighted",2407,"17-07-2019","Tommy Sugiarto","Long Chen",0,0.394578351829078
"MS",2,3,"time_weighted",2420,"18-07-2019","Zii Jia Lee","Long Chen",1,0.339697499631256
"MS",2,3,"time_weighted",2443,"17-07-2019","Teck Zhi Soo","Runze Yan",0,0.417660995874162
"MS",2,3,"time_weighted",2448,"17-07-2019","Siril Verma","Sergey Sirant",1,0.518804848823685
"MS",2,3,"time_weighted",2476,"23-07-2019","Kantaphon Wangcharoen","Mark Caljouw",1,0.681695768484592
"MS",2,3,"time_weighted",2482,"24-07-2019","H. S. Prannoy","Srikanth Kidambi",1,0.41693738882212
"MS",2,3,"time_weighted",2504,"30-07-2019","Ihsan Maulana Mustofa","Chico Aura Dwi Wardoyo",0,0.559548939093779
"MS",2,3,"time_weighted",2510,"30-07-2019","Sourabh Verma","Ze Qi Zhou",1,0.608403941186253
"MS",2,3,"time_weighted",2527,"31-07-2019","Lucas Claerbout","Shesar Hiren Rhustavito",0,0.499014824160517
"MS",2,3,"time_weighted",2528,"31-07-2019","Kantaphon Wangcharoen","B. Sai Praneeth",0,0.549306161324324
"MS",2,3,"time_weighted",2532,"01-08-2019","Kanta Tsuneyama","Sitthikom Thammasin",1,0.573198749195467
"MS",2,3,"time_weighted",2548,"06-08-2019","Yee Han Chong","Alap Mishra",1,0.433482649069485
"MS",2,3,"time_weighted",2576,"06-08-2019","Ikhsan Leonardo Imanuel Rumbay","Kaushal Dharmamer",1,0.390204560450952
"MS",2,3,"time_weighted",2580,"07-08-2019","Seng Zoe Yeoh","Luka Wraber",1,0.505411423037236
"MS",2,3,"time_weighted",2593,"07-08-2019","Yu Peng Bai","Rahul Yadav Chittaboina",1,0.593881593274294
"MS",2,3,"time_weighted",2597,"07-08-2019","Aryamann Tandon","Iskandar Zulkarnain",0,0.39924383868022
"MS",2,3,"time_weighted",2624,"14-08-2019","Teck Zhi Soo","Suppanyu Avihingsanon",0,0.416357374379707
"MS",2,3,"time_weighted",2641,"16-08-2019","Firman Abdul Kholik","Donghun Kim",1,0.458693828568746
"MS",2,3,"time_weighted",2653,"03-09-2019","Yehezkiel Fritz Mainaky","Pang Fong Pui",0,0.40487752773765
"MS",2,3,"time_weighted",2669,"04-09-2019","Lucas Claerbout","Tzu Wei Wang",1,0.457066151471276
"MS",2,3,"time_weighted",2683,"06-09-2019","Tien Chen Chou","June Wei Cheam",1,0.634666694960865
"MS",2,3,"time_weighted",2729,"12-09-2019","Daren Liew","Siril Verma",0,0.445844320359275
"MS",2,3,"time_weighted",2764,"17-09-2019","Daren Liew","Sitthikom Thammasin",1,0.426463718222341
"MS",2,3,"time_weighted",2771,"18-09-2019","Suppanyu Avihingsanon","B. Sai Praneeth",0,0.404694326163237
"MS",2,3,"time_weighted",2785,"20-09-2019","Anthony Sinisuka Ginting","B. Sai Praneeth",1,0.645999344184903
"MS",2,3,"time_weighted",2797,"24-09-2019","Teck Zhi Soo","Yu Hsien Lin",0,0.445191453131383
"MS",2,3,"time_weighted",2810,"25-09-2019","Rasmus Gemke","Donghun Kim",0,0.51163380051884
"MS",2,3,"time_weighted",2811,"25-09-2019","Khosit Phetpradab","Cheuk Yiu Lee",1,0.581163876666434
"MS",2,3,"time_weighted",2829,"27-09-2019","Tzu Wei Wang","Jonatan Christie",1,0.319431135734827
"MS",2,3,"time_weighted",2863,"01-10-2019","Lan Xi Lei","Giap Chin Goh",0,0.487175501148351
"MS",2,3,"time_weighted",2870,"02-10-2019","Bagas Kristianto Nugroho","Alberto Alvin Yulianto",0,0.480212088008729
"MS",2,3,"time_weighted",2876,"02-10-2019","Seng Zoe Yeoh","Tanongsak Saensomboonsuk",0,0.438356254170413
"MS",2,3,"time_weighted",2884,"02-10-2019","Alberto Alvin Yulianto","Panji Ahmad Maulana",0,0.593859578554564
"MS",2,3,"time_weighted",2888,"02-10-2019","Jovi Mikhael","Faiz Rozain",1,0.585986076821111
"MS",2,3,"time_weighted",2899,"04-10-2019","Tanongsak Saensomboonsuk","Peng Bo Ren",1,0.503877281650948
"MS",2,3,"time_weighted",2907,"08-10-2019","Lars Schaenzler","Wolfgang Gnedt",1,0.483847093619701
"MS",2,3,"time_weighted",2913,"08-10-2019","Eetu Heino","Rasmus Messerschmidt",1,0.421682851697438
"MS",2,3,"time_weighted",2921,"08-10-2019","Maxime Moreels","Jeppe Bruun",0,0.390596239978922
"MS",2,3,"time_weighted",2926,"08-10-2019","Leo Rossi","Mithun Manjunath",1,0.4189514858486
"MS",2,3,"time_weighted",2928,"08-10-2019","Peng Bo Ren","B.M.Rahul Bharadwaj",0,0.487826392940719
"MS",2,3,"time_weighted",2933,"09-10-2019","Kai Schaefer","Sourabh Verma",1,0.211906000305229
"MS",2,3,"time_weighted",2938,"09-10-2019","Lucas Corvee","Eetu Heino",0,0.583386821707399
"MS",2,3,"time_weighted",2940,"09-10-2019","Hong Yang Weng","Daniel Nikolov",0,0.437544218338132
"MS",2,3,"time_weighted",2959,"13-10-2019","Yusuke Onodera","Lakshya Sen",0,0.576849793214114
"MS",2,3,"time_weighted",2960,"15-10-2019","Rasmus Gemke","Cheuk Yiu Lee",1,0.654796803998249
"MS",2,3,"time_weighted",2967,"15-10-2019","Anthony Sinisuka Ginting","Brice Leverdez",0,0.780631934237928
"MS",2,3,"time_weighted",2975,"16-10-2019","Khosit Phetpradab","Tzu Wei Wang",1,0.437739016819706
"MS",2,3,"time_weighted",2985,"18-10-2019","Kento Momota","Rasmus Gemke",1,0.757358237486607
"MS",2,3,"time_weighted",3012,"24-10-2019","Kento Momota","Hans-Kristian Solberg Vittinghus",1,0.810798220509378
"MS",2,3,"time_weighted",3033,"29-10-2019","Yin Chak Chan","Aidil Sholeh Ali Sadikin",0,0.406229167797572
"MS",2,3,"time_weighted",3034,"30-10-2019","Iskandar Zulkarnain","Tanongsak Saensomboonsuk",0,0.485222820744695
"MS",2,3,"time_weighted",3047,"30-10-2019","Chia Hung Lu","Wan Ho Son",0,0.286685096161946
"MS",2,3,"time_weighted",3048,"30-10-2019","Yu Qi Shi","Lucas Claerbout",1,0.506844251863486
"MS",2,3,"time_weighted",3052,"31-10-2019","Chun-Yi Lin","Chico Aura Dwi Wardoyo",0,0.551274235444158
"MS",2,3,"time_weighted",3064,"03-11-2019","Yu Qi Shi","Sitthikom Thammasin",0,0.550270183277613
"MS",2,3,"time_weighted",3113,"02-11-2019","Kiran George","Lakshya Sen",0,0.509199246925118
"MS",2,3,"time_weighted",3171,"13-11-2019","Kantaphon Wangcharoen","Jan O Jorgensen",0,0.550020261100638
"MS",2,3,"time_weighted",3187,"17-11-2019","Cheuk Yiu Lee","Anthony Sinisuka Ginting",1,0.556365522214768
"MS",2,3,"time_weighted",3197,"19-11-2019","June Wei Cheam","Chia Hao Lee",0,0.543654583915165
"MS",2,3,"time_weighted",3213,"20-11-2019","Koki Watanabe","Lucas Corvee",1,0.671109140666292
"MS",2,3,"time_weighted",3223,"22-11-2019","Jun Peng Zhao","Koki Watanabe",1,0.36327705186879
"MS",2,3,"time_weighted",3224,"22-11-2019","Donghun Kim","Kanta Tsuneyama",0,0.50383496424127
"MS",2,3,"time_weighted",3227,"23-11-2019","Kanta Tsuneyama","Guang Zu Lu",1,0.56467913535283
"MS",2,3,"time_weighted",3251,"27-11-2019","Ajay Jayaram","Sameer Verma",1,0.540091468925363
"MS",2,3,"time_weighted",3271,"11-12-2019","Long Chen","Viktor Axelsen",1,0.999999369341601
"MS",2,3,"time_weighted",3286,"07-01-2020","Joo Ven Soong","Wing Ki Vincent Wong",1,0.663781514402644
"MS",2,3,"time_weighted",3292,"07-01-2020","Lakshya Sen","Hans-Kristian Solberg Vittinghus",0,0.699850036724809
"MS",2,3,"time_weighted",3307,"08-01-2020","Hans-Kristian Solberg Vittinghus","Guang Zu Lu",0,0.549404674664124
"MS",2,3,"time_weighted",3337,"14-01-2020","Koki Watanabe","Jun Peng Zhao",0,0.48222158451934
"MS",2,3,"time_weighted",3350,"15-01-2020","B. Sai Praneeth","Yu Qi Shi",0,0.500461489135834
"MS",2,3,"time_weighted",3368,"17-01-2020","Jun Peng Zhao","Viktor Axelsen",0,0.350179860477218
"MS",2,3,"time_weighted",3393,"22-01-2020","Kenta Nishimoto","June Wei Cheam",1,0.610781303842189
"MS",2,3,"time_weighted",3396,"22-01-2020","Kantaphon Wangcharoen","Suppanyu Avihingsanon",0,0.53100843539128
"MS",2,3,"time_weighted",3414,"26-01-2020","Kenta Nishimoto","Ka Long Angus Ng",0,0.555996842911035
"MS",2,3,"time_weighted",3425,"19-02-2020","Brice Leverdez","Hans-Kristian Solberg Vittinghus",1,0.437047921225166
"MS",2,3,"time_weighted",3427,"19-02-2020","Tzu Wei Wang","Lucas Corvee",0,0.717300873908901
"MS",2,3,"time_weighted",3443,"20-02-2020","Kai Schaefer","Sameer Verma",0,0.486855771722843
"MS",2,3,"time_weighted",3448,"21-02-2020","Daren Liew","Rasmus Gemke",1,0.505608570835257
"MS",2,3,"time_weighted",3458,"11-03-2020","Tommy Sugiarto","Yu Qi Shi",0,0.418565372202428
"MS",2,3,"time_weighted",3506,"15-10-2020","Hans-Kristian Solberg Vittinghus","Lakshya Sen",1,0.466468741944534
"MS",2,3,"time_weighted",3538,"28-10-2020","Pablo Abian","Jeppe Bruun",1,0.413059725411175
"MS",2,3,"time_weighted",3547,"29-10-2020","Nhat Nguyen","Mark Caljouw",0,0.440325609118727
"MS",2,3,"time_weighted",3552,"29-10-2020","Rasmus Gemke","Max Weisskirchen",0,0.594277957236522
"MS",2,3,"time_weighted",3563,"12-01-2021","Jonatan Christie","Kean Yew Loh",1,0.691781885511785
"MS",2,3,"time_weighted",3571,"13-01-2021","Tanongsak Saensomboonsuk","Tien Chen Chou",0,0.323067214234352
"MS",2,3,"time_weighted",3607,"21-01-2021","Anthony Sinisuka Ginting","Cheuk Yiu Lee",0,0.604235371220128
"MS",2,3,"time_weighted",3610,"21-01-2021","Hans-Kristian Solberg Vittinghus","Shesar Hiren Rhustavito",1,0.391922889573823
"MS",2,3,"time_weighted",3625,"28-01-2021","Tzu Wei Wang","Srikanth Kidambi",1,0.71565666866513
"MS",2,3,"time_weighted",3638,"03-03-2021","Mark Caljouw","H. S. Prannoy",1,0.46055735957817
"MS",2,3,"time_weighted",3669,"17-03-2021","Srikanth Kidambi","Nhat Nguyen",0,0.661950815280029
"MS",2,3,"time_weighted",3685,"18-03-2021","B. Sai Praneeth","Viktor Axelsen",0,0.130444385686867
"MS",2,3,"time_weighted",3706,"23-03-2021","Mads Thøgersen","Brian Holtschke",1,0.423882807910124
"MS",2,3,"time_weighted",3714,"23-03-2021","Mads Thøgersen","Julien Carraggi",0,0.658564973778278
"MS",2,3,"time_weighted",3718,"23-03-2021","Ajay Jayaram","Alap Mishra",1,0.49337491803677
"MS",2,3,"time_weighted",3721,"23-03-2021","Mark Caljouw","Kiran George",0,0.450676157470481
"MS",2,3,"time_weighted",3736,"24-03-2021","H. S. Prannoy","Kiran George",0,0.447717189374114
"WS",1,2,"max_streak",3,"09-01-2018","Piramon Chamnaktan","Mattana Hemrachatanun",0,0.20925306372791
"WS",1,2,"max_streak",7,"10-01-2018","Gregoria Mariska Tunjung","Sai Uttejitha Rao Chukka",0,0.782381524731876
"WS",1,2,"max_streak",17,"10-01-2018","Selvaduray Kisona","Ruselli Hartawan",1,0.544184248215621
"WS",1,2,"max_streak",20,"10-01-2018","Ying Ying Lee","Chananchida Jucharoen",1,0.283899406856707
"WS",1,2,"max_streak",22,"11-01-2018","Gregoria Mariska Tunjung","Yulia Yosephin Susanto",1,0.701175962499284
"WS",1,2,"max_streak",23,"11-01-2018","Pui Yin Yip","Natsumi Shimoda",0,0.745239917025395
"WS",1,2,"max_streak",31,"12-01-2018","Nitchaon Jindapol","Gregoria Mariska Tunjung",1,0.651916229908632
"WS",1,2,"max_streak",35,"14-01-2018","Nitchaon Jindapol","Pornpawee Chochuwong",1,0.5814221303475
"WS",1,2,"max_streak",40,"17-01-2018","Yufei Chen","Chia Hsin Lee",1,0.791670312921919
"WS",1,2,"max_streak",44,"17-01-2018","Fitriani Fitriani","Ratchanok Intanon",0,0.50303579164085
"WS",1,2,"max_streak",53,"17-01-2018","Hanna Ramadini","Jin Wei Goh",0,0.444566830375741
"WS",1,2,"max_streak",59,"18-01-2018","Tzu Ying Tai","Michelle Li",1,0.719340709944247
"WS",1,2,"max_streak",66,"19-01-2018","Bingjiao He","Akane Yamaguchi",0,0.610987539715976
"WS",1,2,"max_streak",67,"20-01-2018","Tzu Ying Tai","Carolina Marin",1,0.364395640844992
"WS",1,2,"max_streak",76,"24-01-2018","Ji Hyun Sung","Busanan Ongbamrungphan",1,0.557894982750175
"WS",1,2,"max_streak",78,"24-01-2018","Ngan Yi Cheung","Nozomi Okuhara",0,0.295300791068799
"WS",1,2,"max_streak",90,"25-01-2018","Carolina Marin","Line Højmark Kjaersfeldt",1,0.665111417739896
"WS",1,2,"max_streak",92,"25-01-2018","Bingjiao He","Jang Mi Lee",1,0.516939602130746
"WS",1,2,"max_streak",93,"25-01-2018","Fitriani Fitriani","Ratchanok Intanon",0,0.305686567685261
"WS",1,2,"max_streak",100,"26-01-2018","Saina Nehwal","V. Sindhu Pusarla",1,0.657520628936859
"WS",1,2,"max_streak",109,"31-01-2018","Anura Prabhudesai","Aakarshi Kashyap",0,0.574068394321409
"WS",1,2,"max_streak",114,"31-01-2018","Sofie Holmboe Dahl","Saina Nehwal",0,0.290257176165873
"WS",1,2,"max_streak",116,"31-01-2018","Pui Yin Yip","Rituparna Das",1,0.50303579164085
"WS",1,2,"max_streak",117,"31-01-2018","Mugdha Agrey","Ksenia Polikarpova",1,0.448512544471384
"WS",1,2,"max_streak",119,"31-01-2018","Thamolwan Poopradubsil","Sri Krishna Priya Kudaravalli",0,0.591915509418898
"WS",1,2,"max_streak",122,"31-01-2018","Sabrina Jaquet","Lyanny Alessandra Mainaky",0,0.571635324768414
"WS",1,2,"max_streak",129,"01-02-2018","Pui Yin Yip","Lyanny Alessandra Mainaky",1,0.671601277500903
"WS",1,2,"max_streak",132,"01-02-2018","Thamolwan Poopradubsil","Ngan Yi Cheung",0,0.278873160493805
"WS",1,2,"max_streak",133,"02-02-2018","V. Sindhu Pusarla","Beatriz Corrales",0,0.792085480677719
"WS",1,2,"max_streak",136,"02-02-2018","Ngan Yi Cheung","Carolina Marin",1,0.709199069642489
"WS",1,2,"max_streak",143,"20-02-2018","Isabel Zhong","Monika Radovska",1,0.443484109194737
"WS",1,2,"max_streak",144,"21-02-2018","Luise Heim","Linda Zetchiri",1,0.489278101982767
"WS",1,2,"max_streak",148,"21-02-2018","Mariya Mitsova","Ronja Stern",1,0.489181496198718
"WS",1,2,"max_streak",151,"21-02-2018","Natalia Perminova","Shuo Yun Sung",1,0.434439459128597
"WS",1,2,"max_streak",161,"22-02-2018","Natsuki Nidaira","Mia Blichfeldt",1,0.70994438848502
"WS",1,2,"max_streak",163,"22-02-2018","Sai Uttejitha Rao Chukka","Minatsu Mitani",0,0.278130905904756
"WS",1,2,"max_streak",165,"22-02-2018","Mariya Mitsova","Beatriz Corrales",1,0.473216659689576
"WS",1,2,"max_streak",166,"22-02-2018","Julie Dawall Jakobsen","Linda Zetchiri",0,0.37776839414851
"WS",1,2,"max_streak",172,"24-02-2018","Sayaka Takahashi","Evgeniya Kosetskaya",1,0.759690496717928
"WS",1,2,"max_streak",177,"06-03-2018","Neslihan Yigit","Fabienne Deprez",1,0.498361561346449
"WS",1,2,"max_streak",182,"07-03-2018","Soniia Cheah","Yufei Chen",0,0.364265430593963
"WS",1,2,"max_streak",183,"07-03-2018","Mette Poulsen","Neslihan Yigit",1,0.412764725744253
"WS",1,2,"max_streak",184,"07-03-2018","Brittney Tam","Kirsty Gilmour",0,0.732871018752525
"WS",1,2,"max_streak",192,"07-03-2018","Line Højmark Kjaersfeldt","Yu Po Pai",0,0.626183779722676
"WS",1,2,"max_streak",196,"08-03-2018","Neslihan Yigit","Yufei Chen",0,0.312182131053747
"WS",1,2,"max_streak",200,"08-03-2018","Hyo Min Kim","Ji Hyun Sung",0,0.420272501178972
"WS",1,2,"max_streak",211,"14-03-2018","Fitriani Fitriani","Soniia Cheah",1,0.456821935905737
"WS",1,2,"max_streak",218,"14-03-2018","Jang Mi Lee","Carolina Marin",0,0.261046048731641
"WS",1,2,"max_streak",223,"14-03-2018","Line Højmark Kjaersfeldt","Hyo Min Kim",0,0.425292539084475
"WS",1,2,"max_streak",224,"15-03-2018","Nitchaon Jindapol","V. Sindhu Pusarla",1,0.365387194853605
"WS",1,2,"max_streak",227,"15-03-2018","Yufei Chen","Hyo Min Kim",1,0.636057053613198
"WS",1,2,"max_streak",230,"15-03-2018","Aya Ohori","Jin Wei Goh",1,0.515299235097907
"WS",1,2,"max_streak",232,"16-03-2018","Tzu Ying Tai","Aya Ohori",1,0.753219816066646
"WS",1,2,"max_streak",248,"28-03-2018","Linda Zetchiri","Fabienne Deprez",1,0.58108225280944
"WS",1,2,"max_streak",256,"28-03-2018","Ksenia Polikarpova","Ruselli Hartawan",0,0.518918343056143
"WS",1,2,"max_streak",257,"28-03-2018","Neslihan Yigit","Yin Fun Lim",1,0.374915118667732
"WS",1,2,"max_streak",259,"28-03-2018","Gayle Mahulette","Mia Blichfeldt",0,0.370775263919421
"WS",1,2,"max_streak",265,"29-03-2018","Ruselli Hartawan","Martina Repiska",0,0.525996656595728
"WS",1,2,"max_streak",266,"29-03-2018","Shiori Saito","Yvonne Li",1,0.700735036568394
"WS",1,2,"max_streak",270,"29-03-2018","Natalia Perminova","Luise Heim",0,0.718213979620399
"WS",1,2,"max_streak",276,"31-03-2018","Shiori Saito","Xuefei Qi",0,0.786397773607703
"WS",1,2,"max_streak",286,"11-04-2018","Nianzu Chen","Xuerui Li",0,0.505939048523882
"WS",1,2,"max_streak",288,"11-04-2018","Chi Ya Cheng","Mengyan Fan",1,0.450977329184274
"WS",1,2,"max_streak",290,"11-04-2018","Ying Chun Lin","Yukino Nakai",0,0.397186326839301
"WS",1,2,"max_streak",294,"11-04-2018","Yun Li","Ga Eun Kim",0,0.450977329184274
"WS",1,2,"max_streak",300,"12-04-2018","Xuerui Li","Mengyan Fan",1,0.509504392693642
"WS",1,2,"max_streak",311,"01-05-2018","Yukino Nakai","Ayumi Mine",1,0.233418378038975
"WS",1,2,"max_streak",312,"01-05-2018","Shuting Ji","Isabel Zhong",1,0.693857405654928
"WS",1,2,"max_streak",319,"02-05-2018","Shuting Ji","Disha Gupta",1,0.726396554647913
"WS",1,2,"max_streak",344,"08-05-2018","Zecily Fung","Ga Eun Kim",0,0.257567666126751
"WS",1,2,"max_streak",351,"09-05-2018","Jesica Muljati","Isabel Zhong",1,0.556899933553051
"WS",1,2,"max_streak",356,"09-05-2018","Disha Gupta","Lyanny Alessandra Mainaky",0,0.28202077268011
"WS",1,2,"max_streak",361,"09-05-2018","Georgina Bland","Vaishnavi Reddy Jakka",0,0.6048117276596
"WS",1,2,"max_streak",362,"09-05-2018","Pattarasuda Chaiwan","Yiman Zhang",1,0.578615546127387
"WS",1,2,"max_streak",372,"11-05-2018","Ngan Yi Cheung","Yukino Nakai",1,0.423950652316816
"WS",1,2,"max_streak",381,"12-06-2018","Johanna Magnusson","Crystal Pan",0,0.645178946832862
"WS",1,2,"max_streak",392,"13-06-2018","Ga Eun Kim","Yue Han",0,0.513549513854611
"WS",1,2,"max_streak",395,"13-06-2018","Isabel Zhong","Chloe Birch",0,0.312867641330003
"WS",1,2,"max_streak",396,"13-06-2018","Julie Dawall Jakobsen","Hyo Min Kim",0,0.43318783667537
"WS",1,2,"max_streak",402,"14-06-2018","Xuerui Li","Sayaka Sato",1,0.660224771645386
"WS",1,2,"max_streak",407,"15-06-2018","Aya Ohori","Busanan Ongbamrungphan",1,0.881036949648881
"WS",1,2,"max_streak",410,"15-06-2018","Hyo Min Kim","Xuerui Li",0,0.239267452512116
"WS",1,2,"max_streak",418,"19-06-2018","Eliana Zhang","Ronja Stern",0,0.603637383691407
"WS",1,2,"max_streak",420,"19-06-2018","Sophie Males","Alexandra Mocanu",0,0.350712400465478
"WS",1,2,"max_streak",434,"20-06-2018","Rachel Honderich","Chloe Birch",1,0.531391570118402
"WS",1,2,"max_streak",441,"20-06-2018","Yukino Nakai","Jui Jeon",1,0.628933974706821
"WS",1,2,"max_streak",442,"21-06-2018","Jui Jeon","Brittney Tam",1,0.650391799416397
"WS",1,2,"max_streak",446,"21-06-2018","Yanyan Cai","Yvonne Li",1,0.746105750151561
"WS",1,2,"max_streak",452,"22-06-2018","Fangjie Gao","Yanyan Cai",0,0.443392344797213
"WS",1,2,"max_streak",453,"22-06-2018","Jui Jeon","Sayaka Takahashi",1,0.196567362550922
"WS",1,2,"max_streak",464,"26-06-2018","Nitchaon Jindapol","Evgeniya Kosetskaya",1,0.840505236420106
"WS",1,2,"max_streak",469,"27-06-2018","Carolina Marin","Gregoria Mariska Tunjung",0,0.771155889243104
"WS",1,2,"max_streak",472,"27-06-2018","Lauren Lam","Chia Hsin Lee",0,0.306380482835459
"WS",1,2,"max_streak",473,"28-06-2018","Saina Nehwal","Akane Yamaguchi",0,0.223825183940042
"WS",1,2,"max_streak",475,"28-06-2018","Pornpawee Chochuwong","Nozomi Okuhara",1,0.191966177052643
"WS",1,2,"max_streak",478,"28-06-2018","Carolina Marin","Ngan Yi Cheung",1,0.562533448060336
"WS",1,2,"max_streak",482,"29-06-2018","V. Sindhu Pusarla","Carolina Marin",1,0.545013939367055
"WS",1,2,"max_streak",483,"29-06-2018","Pornpawee Chochuwong","Ratchanok Intanon",0,0.272819280733012
"WS",1,2,"max_streak",486,"30-06-2018","Ratchanok Intanon","Bingjiao He",0,0.43063553347132
"WS",1,2,"max_streak",489,"03-07-2018","Nitchaon Jindapol","Akane Yamaguchi",0,0.309013149740732
"WS",1,2,"max_streak",492,"03-07-2018","Beatriz Corrales","Ji Hyun Sung",0,0.207523898131139
"WS",1,2,"max_streak",500,"04-07-2018","Lyanny Alessandra Mainaky","Kirsty Gilmour",0,0.607207127593177
"WS",1,2,"max_streak",502,"04-07-2018","Line Højmark Kjaersfeldt","Vaishnavi Reddy Jakka",1,0.685554436753855
"WS",1,2,"max_streak",505,"05-07-2018","Saina Nehwal","Yufei Chen",0,0.555485653914838
"WS",1,2,"max_streak",508,"05-07-2018","Bingjiao He","Busanan Ongbamrungphan",1,0.650807112433861
"WS",1,2,"max_streak",511,"05-07-2018","Nozomi Okuhara","Akane Yamaguchi",1,0.184478986803097
"WS",1,2,"max_streak",519,"10-07-2018","Yue Han","Yanyan Cai",1,0.147096417707941
"WS",1,2,"max_streak",525,"11-07-2018","Beiwen Zhang","Ying Li Chiang",1,0.825194972261201
"WS",1,2,"max_streak",530,"11-07-2018","Michelle Li","Yulia Yosephin Susanto",1,0.616818128494895
"WS",1,2,"max_streak",535,"11-07-2018","Gregoria Mariska Tunjung","Chloe Birch",1,0.767758080377818
"WS",1,2,"max_streak",536,"11-07-2018","Yiman Zhang","Chananchida Jucharoen",0,0.661315029527129
"WS",1,2,"max_streak",543,"12-07-2018","Sayaka Sato","Aya Ohori",0,0.56010351213714
"WS",1,2,"max_streak",553,"15-07-2018","Nozomi Okuhara","V. Sindhu Pusarla",1,0.507932192807474
"WS",1,2,"max_streak",566,"18-07-2018","Jia Min Yeo","Porntip Buranaprasertsuk",1,0.746940938683508
"WS",1,2,"max_streak",572,"18-07-2018","Vaidehi Choudhari","Nitchaon Jindapol",0,0.170012965903754
"WS",1,2,"max_streak",582,"20-07-2018","Su Yu Chen","Nitchaon Jindapol",0,0.554679577678017
"WS",1,2,"max_streak",591,"24-07-2018","Liliia Abibulaeva","Iris Wang",0,0.182749521417082
"WS",1,2,"max_streak",595,"24-07-2018","Ekaterina Riazantceva","Moto Hayashi",0,0.0339030290104288
"WS",1,2,"max_streak",599,"25-07-2018","Kristin Kuuba","Vaidehi Choudhari",1,0.779945783259831
"WS",1,2,"max_streak",615,"26-07-2018","Byeol Lim Lee","Vrushali Gummadi",0,0.41685138354331
"WS",1,2,"max_streak",616,"26-07-2018","Iris Wang","Mugdha Agrey",1,0.858106379261744
"WS",1,2,"max_streak",624,"27-07-2018","Iris Wang","Rituparna Das",1,0.645716943262275
"WS",1,2,"max_streak",629,"24-07-2018","Mengyan Fan","Choirunnisa Choirunnisa",0,0.184993480017953
"WS",1,2,"max_streak",630,"24-07-2018","Mako Urushizaki","Yuhan Wu",1,0.515116467716511
"WS",1,2,"max_streak",632,"25-07-2018","Shuo Yun Sung","Yukino Nakai",0,0.383770179090087
"WS",1,2,"max_streak",634,"25-07-2018","Xirui Hui","Supanida Katethong",0,0.582495060306514
"WS",1,2,"max_streak",637,"25-07-2018","Benyapa Aimsaard","Minatsu Mitani",0,0.240279650709259
"WS",1,2,"max_streak",641,"25-07-2018","Asuka Takahashi","Chananchida Jucharoen",1,0.645863945676681
"WS",1,2,"max_streak",654,"26-07-2018","Bening Sri Rahayu","Hsiang Ti Lin",0,0.501923270657807
"WS",1,2,"max_streak",659,"27-07-2018","Sayaka Takahashi","Yui Hashimoto",1,0.77108394337639
"WS",1,2,"max_streak",668,"07-08-2018","Wan Yi Tang","Pardeshi Shreyanshi",0,0.456373893114019
"WS",1,2,"max_streak",670,"07-08-2018","Supanida Katethong","Natsumi Shimoda",1,0.576521214096392
"WS",1,2,"max_streak",671,"07-08-2018","Rituparna Das","Ting Yu Liang",1,0.541380530185114
"WS",1,2,"max_streak",673,"07-08-2018","Supanida Katethong","Pardeshi Shreyanshi",1,0.431998012011195
"WS",1,2,"max_streak",675,"08-08-2018","Sayaka Takahashi","Thamolwan Poopradubsil",1,0.958873498682733
"WS",1,2,"max_streak",680,"08-08-2018","Thuy Linh Nguyen","Phittayaporn Chaiwan",1,0.489479264061156
"WS",1,2,"max_streak",692,"09-08-2018","Sayaka Takahashi","Yen Mei Ho",1,0.6499019569478
"WS",1,2,"max_streak",695,"09-08-2018","Yin Fun Lim","Minatsu Mitani",0,0.178996704258374
"WS",1,2,"max_streak",696,"09-08-2018","Porntip Buranaprasertsuk","Thi Trang (B) Vu",0,0.81568582986121
"WS",1,2,"max_streak",697,"09-08-2018","Jia Min Yeo","Chananchida Jucharoen",1,0.76730739298978
"WS",1,2,"max_streak",698,"09-08-2018","Asuka Takahashi","Joy Xuan DENG",0,0.52129707495729
"WS",1,2,"max_streak",713,"29-08-2018","Luise Heim","Beatriz Corrales",0,0.371189567329621
"WS",1,2,"max_streak",718,"29-08-2018","Busanan Ongbamrungphan","Kate Foo Kune",1,0.766634245699864
"WS",1,2,"max_streak",720,"29-08-2018","Ayumi Mine","Evgeniya Kosetskaya",1,0.890394359572186
"WS",1,2,"max_streak",725,"30-08-2018","Sara Penalver Pereira","Yvonne Li",1,0.39613979796233
"WS",1,2,"max_streak",728,"30-08-2018","Mia Blichfeldt","Brittney Tam",1,0.839969563601316
"WS",1,2,"max_streak",730,"30-08-2018","Xuefei Qi","Minatsu Mitani",0,0.248852696048979
"WS",1,2,"max_streak",733,"31-08-2018","Yvonne Li","Line Højmark Kjaersfeldt",0,0.620178740357137
"WS",1,2,"max_streak",743,"04-09-2018","Se Young An","Tanishq Mamilla Palli",1,0.511380705019006
"WS",1,2,"max_streak",746,"04-09-2018","Choirunnisa Choirunnisa","Purva Barve",1,0.573675736972311
"WS",1,2,"max_streak",747,"04-09-2018","Neha Pandit","Bening Sri Rahayu",0,0.363762410488788
"WS",1,2,"max_streak",748,"04-09-2018","Simran Singhi","Amolika Singh Sisodiya",1,0.354125092065357
"WS",1,2,"max_streak",752,"05-09-2018","Dinar Dyah Ayustine","Sai Uttejitha Rao Chukka",0,0.875426989690334
"WS",1,2,"max_streak",762,"05-09-2018","Vaidehi Choudhari","Ruselli Hartawan",0,0.309306300948619
"WS",1,2,"max_streak",765,"05-09-2018","Aakarshi Kashyap","Mugdha Agrey",1,0.673942961950357
"WS",1,2,"max_streak",766,"05-09-2018","Ying Mei Cheung","Reshma Karthik",1,0.652663587044613
"WS",1,2,"max_streak",779,"07-09-2018","Ga Eun Kim","Se Young An",0,0.723682854108087
"WS",1,2,"max_streak",784,"11-09-2018","Yu Po Pai","Akane Yamaguchi",0,0.124069377954832
"WS",1,2,"max_streak",789,"11-09-2018","Michelle Li","Yanyan Cai",0,0.234551864296871
"WS",1,2,"max_streak",791,"11-09-2018","Minatsu Mitani","Ratchanok Intanon",0,0.663177815418823
"WS",1,2,"max_streak",795,"11-09-2018","Beiwen Zhang","Xiaoxin Chen",0,0.435130884586161
"WS",1,2,"max_streak",799,"13-09-2018","Tzu Ying Tai","Xiaoxin Chen",0,0.833757571513174
"WS",1,2,"max_streak",800,"13-09-2018","V. Sindhu Pusarla","Fangjie Gao",0,0.543104256487939
"WS",1,2,"max_streak",803,"13-09-2018","Nozomi Okuhara","Sayaka Sato",1,0.914775477629673
"WS",1,2,"max_streak",804,"13-09-2018","Lyanny Alessandra Mainaky","Aya Ohori",0,0.130971227783391
"WS",1,2,"max_streak",810,"14-09-2018","Fangjie Gao","Aya Ohori",0,0.315712553906035
"WS",1,2,"max_streak",815,"18-09-2018","Stephanie Widjaya","Yasnita Enggira Setiawan",1,0.622798676762976
"WS",1,2,"max_streak",822,"19-09-2018","Sri Krishna Priya Kudaravalli","Desima Aqmar Syarafina",1,0.499499831761369
"WS",1,2,"max_streak",826,"19-09-2018","Sum Yee Yeung","Wulan Cahya Utami Sukoputri",1,0.817763917037838
"WS",1,2,"max_streak",833,"20-09-2018","Minatsu Mitani","Crystal Pan",1,0.807083784084157
"WS",1,2,"max_streak",838,"20-09-2018","Ruselli Hartawan","Supanida Katethong",1,0.566194050158156
"WS",1,2,"max_streak",842,"21-09-2018","Minatsu Mitani","Choirunnisa Choirunnisa",0,0.54351675580061
"WS",1,2,"max_streak",844,"21-09-2018","Yulia Yosephin Susanto","Fitriani Fitriani",0,0.678700036936458
"WS",1,2,"max_streak",868,"20-09-2018","Beiwen Zhang","Gregoria Mariska Tunjung",0,0.507241771383178
"WS",1,2,"max_streak",871,"20-09-2018","Aya Ohori","Akane Yamaguchi",0,0.471287762860767
"WS",1,2,"max_streak",873,"21-09-2018","Fangjie Gao","Carolina Marin",0,0.199384881399934
"WS",1,2,"max_streak",874,"21-09-2018","Yufei Chen","V. Sindhu Pusarla",0,0.656873746708792
"WS",1,2,"max_streak",879,"25-09-2018","Xuerui Li","Mugdha Agrey",1,0.928730094763557
"WS",1,2,"max_streak",888,"26-09-2018","Evgeniya Kosetskaya","Line Højmark Kjaersfeldt",0,0.248287622724203
"WS",1,2,"max_streak",896,"26-09-2018","Vaishnavi Reddy Jakka","Beiwen Zhang",0,0.107411175522262
"WS",1,2,"max_streak",897,"26-09-2018","Michelle Li","Kirsty Gilmour",0,0.726353616325766
"WS",1,2,"max_streak",911,"29-09-2018","Ji Hyun Sung","Beiwen Zhang",0,0.406660776955731
"WS",1,2,"max_streak",913,"30-09-2018","Nozomi Okuhara","Beiwen Zhang",0,0.777316123577782
"WS",1,2,"max_streak",914,"02-10-2018","Ka Yan Fan","Yu Ying Hsieh",1,0.498361561346449
"WS",1,2,"max_streak",926,"03-10-2018","Lauren Lam","Crystal Pan",1,0.316783058166589
"WS",1,2,"max_streak",950,"09-10-2018","Riya Mookerjee","Daniella Gonda",1,0.539399373051605
"WS",1,2,"max_streak",956,"10-10-2018","Michelle Skødstrup","Katerina Tomalova",1,0.626870793023828
"WS",1,2,"max_streak",962,"10-10-2018","Kate Foo Kune","Airi Mikkela",1,0.457792867228397
"WS",1,2,"max_streak",965,"10-10-2018","Sabrina Jaquet","Ksenia Polikarpova",1,0.945779621639657
"WS",1,2,"max_streak",971,"11-10-2018","Gayle Mahulette","Xuefei Qi",0,0.158582686864855
"WS",1,2,"max_streak",980,"12-10-2018","Xuefei Qi","Neslihan Yigit",1,0.449638806542815
"WS",1,2,"max_streak",982,"13-10-2018","Xuefei Qi","Aliye Demirbag",1,0.548965428672875
"WS",1,2,"max_streak",983,"14-10-2018","Mia Blichfeldt","Xuefei Qi",1,0.618348422952536
"WS",1,2,"max_streak",994,"17-10-2018","Bingjiao He","Pornpawee Chochuwong",1,0.635055382802641
"WS",1,2,"max_streak",995,"17-10-2018","Yufei Chen","Sayaka Sato",1,0.894184540979909
"WS",1,2,"max_streak",996,"17-10-2018","Yanyan Cai","Linda Zetchiri",1,0.923506769425698
"WS",1,2,"max_streak",997,"17-10-2018","Tzu Ying Tai","Sayaka Takahashi",1,0.738375421985959
"WS",1,2,"max_streak",1000,"18-10-2018","Gregoria Mariska Tunjung","Mia Blichfeldt",1,0.550296333649518
"WS",1,2,"max_streak",1004,"18-10-2018","Ratchanok Intanon","Yanyan Cai",0,0.430324316942361
"WS",1,2,"max_streak",1006,"19-10-2018","Tzu Ying Tai","Yufei Chen",0,0.793652099105513
"WS",1,2,"max_streak",1009,"19-10-2018","Gregoria Mariska Tunjung","Line Højmark Kjaersfeldt",1,0.538458065272878
"WS",1,2,"max_streak",1016,"23-10-2018","Sayaka Sato","Ngan Yi Cheung",1,0.699660958154269
"WS",1,2,"max_streak",1030,"25-10-2018","Ratchanok Intanon","Xiaoxin Chen",1,0.607930365986567
"WS",1,2,"max_streak",1035,"25-10-2018","Ji Hyun Sung","Bingjiao He",0,0.221384111108875
"WS",1,2,"max_streak",1041,"27-10-2018","Tzu Ying Tai","Yufei Chen",1,0.557683485496746
"WS",1,2,"max_streak",1046,"30-10-2018","Ying Mei Cheung","Lauren Lam",1,0.54457479675218
"WS",1,2,"max_streak",1048,"31-10-2018","Michelle Li","Shuo Yun Sung",1,0.621973657320815
"WS",1,2,"max_streak",1049,"31-10-2018","Yulia Yosephin Susanto","Supanida Katethong",1,0.549180134169347
"WS",1,2,"max_streak",1050,"31-10-2018","Pui Yin Yip","Xuerui Li",0,0.182331938203114
"WS",1,2,"max_streak",1052,"31-10-2018","Yu Po Pai","Isabel Zhong",1,0.668522916391585
"WS",1,2,"max_streak",1058,"31-10-2018","Yu Jin Sim","Ga Eun Kim",1,0.717703566211771
"WS",1,2,"max_streak",1062,"31-10-2018","Joy Xuan DENG","Shuting Ji",0,0.700853800820061
"WS",1,2,"max_streak",1065,"01-11-2018","Xuerui Li","Se Yeon Lee",0,0.80029973249615
"WS",1,2,"max_streak",1072,"02-11-2018","Soniia Cheah","Ngan Yi Cheung",0,0.588213993932366
"WS",1,2,"max_streak",1080,"30-10-2018","Maryna Ilyinskaya","Sara Boyle",1,0.585843980447483
"WS",1,2,"max_streak",1083,"31-10-2018","Fangjie Gao","Prashi Joshi",1,0.902104756394129
"WS",1,2,"max_streak",1084,"31-10-2018","Natalia Perminova","Julie Dawall Jakobsen",0,0.361772290899806
"WS",1,2,"max_streak",1085,"31-10-2018","Fitriani Fitriani","Ya Lan Chang",1,0.720637070905777
"WS",1,2,"max_streak",1086,"31-10-2018","Martina Repiska","Ayla Huser",1,0.414589117452773
"WS",1,2,"max_streak",1087,"31-10-2018","Yanyan Cai","Jia Min Yeo",1,0.779528253746676
"WS",1,2,"max_streak",1088,"31-10-2018","Fabienne Deprez","Yukino Nakai",0,0.0921846339395962
"WS",1,2,"max_streak",1094,"31-10-2018","Maryna Ilyinskaya","Xiaoxin Chen",0,0.23514546741423
"WS",1,2,"max_streak",1098,"31-10-2018","Theresa Isenberg","Anastasiia Semenova",0,0.457387412782627
"WS",1,2,"max_streak",1110,"02-11-2018","Line Højmark Kjaersfeldt","Saili Rane",1,0.683058798753349
"WS",1,2,"max_streak",1112,"03-11-2018","Fangjie Gao","Yanyan Cai",1,0.428912326625992
"WS",1,2,"max_streak",1115,"06-11-2018","Nozomi Okuhara","Rachel Honderich",1,0.735266153162646
"WS",1,2,"max_streak",1117,"06-11-2018","V. Sindhu Pusarla","Evgeniya Kosetskaya",1,0.919405394690495
"WS",1,2,"max_streak",1127,"07-11-2018","Lyanny Alessandra Mainaky","Ratchanok Intanon",0,0.162648317057487
"WS",1,2,"max_streak",1134,"08-11-2018","Yue Han","Ratchanok Intanon",0,0.518070970536274
"WS",1,2,"max_streak",1135,"08-11-2018","Pornpawee Chochuwong","Yufei Chen",0,0.171808374040385
"WS",1,2,"max_streak",1145,"13-11-2018","Chia Hsin Lee","Ruselli Hartawan",0,0.0981582999828022
"WS",1,2,"max_streak",1150,"14-11-2018","Nitchaon Jindapol","V. Sindhu Pusarla",1,0.234795630161656
"WS",1,2,"max_streak",1164,"14-11-2018","Joy Xuan DENG","Yue Han",1,0.535036542850765
"WS",1,2,"max_streak",1166,"15-11-2018","Tzu Ying Tai","Ngan Yi Cheung",1,0.836035061127438
"WS",1,2,"max_streak",1169,"15-11-2018","Yanyan Cai","Bingjiao He",0,0.270720466177384
"WS",1,2,"max_streak",1173,"16-11-2018","Ratchanok Intanon","Akane Yamaguchi",1,0.572312387625052
"WS",1,2,"max_streak",1194,"21-11-2018","Ritika Thaker","Riya Mookerjee",0,0.452073270424775
"WS",1,2,"max_streak",1196,"21-11-2018","Natalia Perminova","Rituparna Das",1,0.277185348405806
"WS",1,2,"max_streak",1200,"22-11-2018","Xuerui Li","Pardeshi Shreyanshi",1,0.811326483370337
"WS",1,2,"max_streak",1201,"22-11-2018","Yue Han","Tanishq Mamilla Palli",1,0.865640405013956
"WS",1,2,"max_streak",1208,"23-11-2018","Rituparna Das","Saina Nehwal",0,0.250328726523845
"WS",1,2,"max_streak",1218,"21-11-2018","Abigail Holden","Rachael Darragh",1,0.786266196469315
"WS",1,2,"max_streak",1219,"21-11-2018","Daniella Gonda","Helina Rüütel",0,0.768712756157204
"WS",1,2,"max_streak",1229,"22-11-2018","Sonia Goncalves","Michelle Skødstrup",0,0.289504625860503
"WS",1,2,"max_streak",1238,"22-11-2018","Martina Repiska","Agnes Korosi",0,0.478297473703747
"WS",1,2,"max_streak",1241,"22-11-2018","Mariya Mitsova","Kristin Kuuba",0,0.579590176811663
"WS",1,2,"max_streak",1248,"23-11-2018","Airi Mikkela","Jia Min Yeo",0,0.240511181458066
"WS",1,2,"max_streak",1251,"23-11-2018","Kristin Kuuba","Line Højmark Kjaersfeldt",0,0.21560001414725
"WS",1,2,"max_streak",1256,"25-11-2018","Kirsty Gilmour","Line Højmark Kjaersfeldt",0,0.410643872581047
"WS",1,2,"max_streak",1281,"29-11-2018","Busanan Ongbamrungphan","Fitriani Fitriani",1,0.513959878658162
"WS",1,2,"max_streak",1296,"13-12-2018","Tzu Ying TAI","V. Sindhu PUSARLA",0,0.628452652143034
"WS",1,2,"max_streak",1301,"14-12-2018","V. Sindhu PUSARLA","Beiwen ZHANG",1,0.742598641208143
"WS",1,2,"max_streak",1302,"14-12-2018","Ratchanok INTANON","Michelle LI",1,0.500006287241599
"WS",1,2,"max_streak",1304,"15-12-2018","Akane YAMAGUCHI","Nozomi OKUHARA",0,0.684924552625459
"WS",1,2,"max_streak",1307,"08-01-2019","Shuting Ji","Muralitharan Thinaah",0,0.793268027031048
"WS",1,2,"max_streak",1309,"08-01-2019","Disha Gupta","Yin Fun Lim",0,0.375612600590436
"WS",1,2,"max_streak",1314,"09-01-2019","Sabrina Jaquet","Ayumi Mine",0,0.413671707292305
"WS",1,2,"max_streak",1323,"09-01-2019","Lianne Tan","Lyanny Alessandra Mainaky",1,0.714524183227248
"WS",1,2,"max_streak",1327,"10-01-2019","Jia Min Yeo","Yvonne Li",1,0.955755260870846
"WS",1,2,"max_streak",1332,"10-01-2019","Saena Kawakami","Yanyan Cai",1,0.28684124900909
"WS",1,2,"max_streak",1334,"10-01-2019","Yulia Yosephin Susanto","Porntip Buranaprasertsuk",0,0.327855743022267
"WS",1,2,"max_streak",1335,"11-01-2019","Busanan Ongbamrungphan","Saena Kawakami",0,0.666184263491946
"WS",1,2,"max_streak",1336,"11-01-2019","Fitriani Fitriani","Jia Min Yeo",1,0.388695295660197
"WS",1,2,"max_streak",1347,"16-01-2019","Line Højmark Kjaersfeldt","Lyanny Alessandra Mainaky",1,0.932170240607899
"WS",1,2,"max_streak",1350,"16-01-2019","Sayaka Takahashi","Nozomi Okuhara",0,0.152003217321349
"WS",1,2,"max_streak",1351,"16-01-2019","Joy Xuan DENG","Saina Nehwal",0,0.551836375656055
"WS",1,2,"max_streak",1352,"16-01-2019","Aya Ohori","Ga Eun Kim",1,0.250210309204435
"WS",1,2,"max_streak",1357,"16-01-2019","Michelle Li","Ji Hyun Sung",0,0.390015956955346
"WS",1,2,"max_streak",1362,"17-01-2019","Tzu Ying Tai","Line Højmark Kjaersfeldt",1,0.804253112156082
"WS",1,2,"max_streak",1370,"18-01-2019","Tzu Ying Tai","Ratchanok Intanon",0,0.471379108406779
"WS",1,2,"max_streak",1374,"19-01-2019","Carolina Marin","Saina Nehwal",1,0.67883078913472
"WS",1,2,"max_streak",1380,"22-01-2019","Yulia Yosephin Susanto","Lianne Tan",1,0.41569862670574
"WS",1,2,"max_streak",1383,"23-01-2019","Fitriani Fitriani","Line Højmark Kjaersfeldt",1,0.584491345957963
"WS",1,2,"max_streak",1388,"23-01-2019","Akane Yamaguchi","Yue Han",0,0.413288310278414
"WS",1,2,"max_streak",1395,"23-01-2019","Yulia Yosephin Susanto","Yufei Chen",0,0.231694044720081
"WS",1,2,"max_streak",1403,"24-01-2019","Sayaka Takahashi","Yufei Chen",0,0.208379908321815
"WS",1,2,"max_streak",1413,"19-02-2019","Liana Lencevica","Kate Foo Kune",0,0.332187697560286
"WS",1,2,"max_streak",1416,"20-02-2019","Ruselli Hartawan","Brittney Tam",1,0.77034574681169
"WS",1,2,"max_streak",1418,"20-02-2019","Mugdha Agrey","Soraya De Visch Eijbergen",1,0.545140202424914
"WS",1,2,"max_streak",1426,"20-02-2019","Su Yu Chen","Yvonne Li",0,0.433149525228377
"WS",1,2,"max_streak",1427,"20-02-2019","Sabrina Jaquet","Mia Blichfeldt",0,0.18201336652082
"WS",1,2,"max_streak",1432,"21-02-2019","Mugdha Agrey","Natalie Chi",0,0.549337741367216
"WS",1,2,"max_streak",1434,"21-02-2019","Line Højmark Kjaersfeldt","Ying Li Chiang",1,0.837857960269843
"WS",1,2,"max_streak",1441,"22-02-2019","Joy Xuan DENG","Yanyan Cai",1,0.432121639263779
"WS",1,2,"max_streak",1445,"23-02-2019","Yanyan Cai","Mia Blichfeldt",1,0.472727658045803
"WS",1,2,"max_streak",1446,"24-02-2019","Line Højmark Kjaersfeldt","Mia Blichfeldt",0,0.358415381028636
"WS",1,2,"max_streak",1450,"26-02-2019","Julie Dawall Jakobsen","Neslihan Yigit",0,0.58799778122898
"WS",1,2,"max_streak",1453,"27-02-2019","Michelle Li","Aya Ohori",0,0.698122648513843
"WS",1,2,"max_streak",1457,"27-02-2019","Ga Eun Kim","Yue Han",1,0.471361911555691
"WS",1,2,"max_streak",1461,"27-02-2019","Hyo Min Kim","Nitchaon Jindapol",0,0.79983967946908
"WS",1,2,"max_streak",1463,"27-02-2019","Yvonne Li","Lyanny Alessandra Mainaky",1,0.734647077307295
"WS",1,2,"max_streak",1465,"27-02-2019","Joy Xuan Deng","Mia Blichfeldt",0,0.505913271521892
"WS",1,2,"max_streak",1466,"27-02-2019","Xuerui Li","Akane Yamaguchi",0,0.16778012847845
"WS",1,2,"max_streak",1467,"28-02-2019","Jin Wei Goh","Ga Eun Kim",1,0.431275904024156
"WS",1,2,"max_streak",1471,"28-02-2019","Ratchanok Intanon","Nitchaon Jindapol",1,0.904632689827899
"WS",1,2,"max_streak",1472,"28-02-2019","Nozomi Okuhara","Mia Blichfeldt",0,0.776809032878945
"WS",1,2,"max_streak",1478,"01-03-2019","Nozomi Okuhara","Aya Ohori",1,0.929401651431956
"WS",1,2,"max_streak",1486,"06-03-2019","Saina Nehwal","Kirsty Gilmour",1,0.814519651595151
"WS",1,2,"max_streak",1495,"06-03-2019","Mia Blichfeldt","Pui Yin Yip",1,0.839013391910467
"WS",1,2,"max_streak",1502,"07-03-2019","Aya Ohori","Yufei Chen",1,0.0952745814546879
"WS",1,2,"max_streak",1503,"07-03-2019","Bingjiao He","Pornpawee Chochuwong",1,0.557801960000952
"WS",1,2,"max_streak",1506,"08-03-2019","Tzu Ying Tai","Saina Nehwal",1,0.746260030084162
"WS",1,2,"max_streak",1508,"08-03-2019","Xuerui Li","Nozomi Okuhara",0,0.331083916879878
"WS",1,2,"max_streak",1512,"10-03-2019","Tzu Ying Tai","Yufei Chen",0,0.447887619489047
"WS",1,2,"max_streak",1516,"12-03-2019","Xuezhou Lyu","Luoyu Wu",0,0.582211175965603
"WS",1,2,"max_streak",1518,"12-03-2019","Rena Ozeki","Tomoka Sagawa",0,0.511380705019006
"WS",1,2,"max_streak",1520,"12-03-2019","Jhih Yun Lin","Shuya Zheng",0,0.245811831813116
"WS",1,2,"max_streak",1526,"13-03-2019","Zhiyi Wang","Ga Eun Kim",0,0.49154808782817
"WS",1,2,"max_streak",1529,"13-03-2019","Siqi Wang","Sai Uttejitha Rao Chukka",1,0.437217893788508
"WS",1,2,"max_streak",1543,"14-03-2019","Hsiang Ti Lin","Shuting Ji",0,0.369769072681276
"WS",1,2,"max_streak",1547,"14-03-2019","Ting Yu Liang","Ga Eun Kim",0,0.292965814208878
"WS",1,2,"max_streak",1550,"15-03-2019","Phittayaporn Chaiwan","Ga Eun Kim",0,0.405316469041319
"WS",1,2,"max_streak",1557,"12-03-2019","Katerina Tomalova","Jenjira Stadelmann",0,0.346846914635286
"WS",1,2,"max_streak",1558,"12-03-2019","Laura Sarosi","Riya Mookerjee",0,0.360603598739741
"WS",1,2,"max_streak",1559,"12-03-2019","Clara Azurmendi","Ayla Huser",1,0.725611000099603
"WS",1,2,"max_streak",1570,"13-03-2019","Michelle Li","Vrushali Gummadi",1,0.799529259989872
"WS",1,2,"max_streak",1578,"14-03-2019","Ji Hyun Sung","Brittney Tam",1,0.852984423517757
"WS",1,2,"max_streak",1589,"16-03-2019","Saena Kawakami","Beiwen Zhang",1,0.389646334363248
"WS",1,2,"max_streak",1590,"17-03-2019","Yufei Chen","Saena Kawakami",1,0.936017157921239
"WS",1,2,"max_streak",1605,"20-03-2019","Sabrina Jaquet","Vaidehi Choudhari",1,0.620965359539783
"WS",1,2,"max_streak",1611,"20-03-2019","Kate Foo Kune","Choirunnisa Choirunnisa",0,0.299962219195406
"WS",1,2,"max_streak",1616,"20-03-2019","Shuo Yun Sung","Chloe Birch",1,0.678470199404884
"WS",1,2,"max_streak",1617,"20-03-2019","Isabel Zhong","Saena Kawakami",0,0.0359315287244987
"WS",1,2,"max_streak",1620,"21-03-2019","Sabrina Jaquet","Mugdha Agrey",1,0.814974391138158
"WS",1,2,"max_streak",1622,"21-03-2019","Neslihan Yigit","Choirunnisa Choirunnisa",1,0.62414389333934
"WS",1,2,"max_streak",1636,"27-03-2019","Vrushali Gummadi","Chananchida Jucharoen",0,0.54050206564809
"WS",1,2,"max_streak",1637,"27-03-2019","Yue Han","Vaidehi Choudhari",1,0.896611273197527
"WS",1,2,"max_streak",1642,"27-03-2019","Nitchaon Jindapol","Xuerui Li",0,0.236645681613827
"WS",1,2,"max_streak",1644,"27-03-2019","Pui Yin Yip","Busanan Ongbamrungphan",0,0.251143843532769
"WS",1,2,"max_streak",1648,"27-03-2019","Isabel Zhong","Disha Gupta",0,0.458381900862916
"WS",1,2,"max_streak",1652,"28-03-2019","Disha Gupta","Ngan Yi Cheung",0,0.0777456382534399
"WS",1,2,"max_streak",1655,"28-03-2019","Xuerui Li","Bingjiao He",0,0.464887193261267
"WS",1,2,"max_streak",1656,"28-03-2019","Brittney Tam","Beiwen Zhang",0,0.0915098829091463
"WS",1,2,"max_streak",1671,"02-04-2019","Xuerui Li","Yanyan Cai",1,0.891430216869019
"WS",1,2,"max_streak",1679,"03-04-2019","Ji Hyun Sung","Fitriani Fitriani",1,0.767662277189987
"WS",1,2,"max_streak",1681,"03-04-2019","Evgeniya Kosetskaya","Kirsty Gilmour",0,0.283345926298912
"WS",1,2,"max_streak",1682,"03-04-2019","Ratchanok Intanon","Gregoria Mariska Tunjung",1,0.890069035028433
"WS",1,2,"max_streak",1703,"10-04-2019","Lyanny Alessandra Mainaky","V. Sindhu Pusarla",0,0.0950590838661621
"WS",1,2,"max_streak",1706,"10-04-2019","Ratchanok Intanon","Fitriani Fitriani",1,0.864771040407923
"WS",1,2,"max_streak",1707,"10-04-2019","Busanan Ongbamrungphan","Kirsty Gilmour",1,0.654709508562447
"WS",1,2,"max_streak",1712,"10-04-2019","Akane Yamaguchi","Aya Ohori",1,0.88154777676266
"WS",1,2,"max_streak",1713,"10-04-2019","Mugdha Agrey","Pornpawee Chochuwong",0,0.0776775404164526
"WS",1,2,"max_streak",1720,"11-04-2019","Busanan Ongbamrungphan","Nozomi Okuhara",0,0.40350123412452
"WS",1,2,"max_streak",1721,"11-04-2019","Pornpawee Chochuwong","Saina Nehwal",1,0.437430092070144
"WS",1,2,"max_streak",1723,"11-04-2019","Akane Yamaguchi","Hui Zhen Grace Chua",1,0.978625982629097
"WS",1,2,"max_streak",1728,"12-04-2019","Yanyan Cai","V. Sindhu Pusarla",1,0.272858746894075
"WS",1,2,"max_streak",1729,"12-04-2019","Tzu Ying Tai","Ji Hyun Sung",0,0.961228797207369
"WS",1,2,"max_streak",1732,"14-04-2019","Tzu Ying Tai","Nozomi Okuhara",1,0.555805662732376
"WS",1,2,"max_streak",1738,"01-05-2019","Gregoria Mariska Tunjung","Yiman Zhang",1,0.663483022944263
"WS",1,2,"max_streak",1745,"01-05-2019","Fitriani Fitriani","Louisa Ma",1,0.842040587430237
"WS",1,2,"max_streak",1747,"01-05-2019","Shuting Ji","Ying Li Chiang",1,0.723339633417922
"WS",1,2,"max_streak",1754,"02-05-2019","Jinjing Qin","Se Young An",0,0.449091456054289
"WS",1,2,"max_streak",1760,"02-05-2019","Fitriani Fitriani","Aya Ohori",0,0.54508253708269
"WS",1,2,"max_streak",1768,"04-06-2019","Hyo Min Kim","Ting Yu Liang",1,0.656412145448144
"WS",1,2,"max_streak",1775,"05-06-2019","Ratchanok Intanon","Joy Xuan DENG",1,0.898705333988052
"WS",1,2,"max_streak",1781,"05-06-2019","Ngan Yi Cheung","Yulia Yosephin Susanto",1,0.737359437029777
"WS",1,2,"max_streak",1787,"05-06-2019","Saena Kawakami","Yufei Chen",0,0.124500732132614
"WS",1,2,"max_streak",1790,"06-06-2019","Busanan Ongbamrungphan","Xuerui Li",1,0.394717726930745
"WS",1,2,"max_streak",1821,"03-07-2019","Mariana Ugalde","Yi Man Zhang",0,0.297723375214674
"WS",1,2,"max_streak",1825,"03-07-2019","Se Young An","Wen Chi Hsu",1,0.802884775035249
"WS",1,2,"max_streak",1834,"04-07-2019","Su Yu Chen","Hyo Min Kim",0,0.132467093408862
"WS",1,2,"max_streak",1836,"05-07-2019","Hyo Min Kim","Ayumi Mine",1,0.388985108802001
"WS",1,2,"max_streak",1837,"05-07-2019","Fabienne Deprez","Porntip Buranaprasertsuk",1,0.45515017309509
"WS",1,2,"max_streak",1841,"07-07-2019","Se Young An","Zhi Yi Wang",1,0.633645081490272
"WS",1,2,"max_streak",1843,"09-07-2019","Zhi Yi Wang","Nairoby Abigail Jimenez",1,0.80542423863933
"WS",1,2,"max_streak",1847,"10-07-2019","Yi-Ting Hung","Kristin Kuuba",1,0.591771120044446
"WS",1,2,"max_streak",1848,"10-07-2019","Jordan Hart","Porntip Buranaprasertsuk",0,0.269073515817131
"WS",1,2,"max_streak",1852,"10-07-2019","Yu Jin Sim","Yi Man Zhang",1,0.726376986480973
"WS",1,2,"max_streak",1854,"10-07-2019","Michelle Li","Jennie Gai",1,0.90679111047676
"WS",1,2,"max_streak",1861,"10-07-2019","Fabienne Deprez","Clara Azurmendi",0,0.821590008264603
"WS",1,2,"max_streak",1862,"11-07-2019","Hsiang Ti Lin","Porntip Buranaprasertsuk",1,0.738103813575023
"WS",1,2,"max_streak",1868,"11-07-2019","Zhi Yi Wang","Saena Kawakami",1,0.521499863446694
"WS",1,2,"max_streak",1869,"11-07-2019","Se Young An","Yi-Ting Hung",1,0.86378286610068
"WS",1,2,"max_streak",1871,"12-07-2019","Hsiang Ti Lin","Zhi Yi Wang",0,0.319433439856296
"WS",1,2,"max_streak",1883,"16-07-2019","Line Højmark Kjaersfeldt","Ngan Yi Cheung",0,0.738005159439057
"WS",1,2,"max_streak",1885,"17-07-2019","Fitriani Fitriani","Yu Fei Chen",0,0.199617493498436
"WS",1,2,"max_streak",1888,"17-07-2019","Mia Blichfeldt","Pui Yin Yip",1,0.749185223098364
"WS",1,2,"max_streak",1890,"17-07-2019","Joy Xuan DENG","Nozomi Okuhara",0,0.039409218357932
"WS",1,2,"max_streak",1892,"17-07-2019","Beiwen Zhang","Lyanny Alessandra Mainaky",1,0.788091498501808
"WS",1,2,"max_streak",1909,"17-07-2019","Kirsty Gilmour","Maria Ulitina",1,0.821939930485088
"WS",1,2,"max_streak",1912,"17-07-2019","Elizaveta Pyatina","Laura Sarosi",0,0.284304440255059
"WS",1,2,"max_streak",1920,"17-07-2019","Choirunnisa Choirunnisa","Yu Po Pai",1,0.61317529672109
"WS",1,2,"max_streak",1925,"18-07-2019","Mariya Mitsova","Natsumi Shimoda",0,0.631044048778663
"WS",1,2,"max_streak",1926,"18-07-2019","Iris Wang","Natalia Perminova",1,0.793838879750521
"WS",1,2,"max_streak",1934,"19-07-2019","Moto Hayashi","Sabrina Jaquet",1,0.610638066756213
"WS",1,2,"max_streak",1944,"23-07-2019","Gregoria Mariska Tunjung","Line Højmark Kjaersfeldt",1,0.621269703258114
"WS",1,2,"max_streak",1954,"25-07-2019","Aya Ohori","V. Sindhu Pusarla",0,0.302698581886552
"WS",1,2,"max_streak",1955,"25-07-2019","Nozomi Okuhara","Mia Blichfeldt",1,0.910049119537648
"WS",1,2,"max_streak",1957,"25-07-2019","Xiao Xin Chen","Akane Yamaguchi",0,0.0580342599442745
"WS",1,2,"max_streak",1964,"26-07-2019","Tzu Ying Tai","Michelle Li",1,0.840944378189829
"WS",1,2,"max_streak",1965,"26-07-2019","Busanan Ongbamrungphan","Yu Fei Chen",1,0.67200435723832
"WS",1,2,"max_streak",1967,"27-07-2019","Akane Yamaguchi","Yu Fei Chen",1,0.865614544848598
"WS",1,2,"max_streak",1968,"28-07-2019","Nozomi Okuhara","Akane Yamaguchi",0,0.163341974744898
"WS",1,2,"max_streak",1977,"31-07-2019","Bing Jiao He","Xue Rui Li",1,0.569394424178287
"WS",1,2,"max_streak",1982,"31-07-2019","Sayaka Takahashi","Ruselli Hartawan",1,0.726499202579692
"WS",1,2,"max_streak",1983,"31-07-2019","Nitchaon Jindapol","Busanan Ongbamrungphan",1,0.360110540651195
"WS",1,2,"max_streak",1984,"31-07-2019","Yvonne Li","Ratchanok Intanon",0,0.0970376451807729
"WS",1,2,"max_streak",1987,"31-07-2019","Pornpawee Chochuwong","Aya Ohori",1,0.686123057907754
"WS",1,2,"max_streak",1996,"01-08-2019","Pornpawee Chochuwong","Ji Hyun Sung",1,0.37630274806145
"WS",1,2,"max_streak",1998,"02-08-2019","Ratchanok Intanon","Xiao Xin Chen",1,0.878241713352382
"WS",1,2,"max_streak",1999,"02-08-2019","Pornpawee Chochuwong","Ngan Yi Cheung",0,0.666757535478203
"WS",1,2,"max_streak",2000,"02-08-2019","Fitriani Fitriani","Sayaka Takahashi",1,0.323365360871841
"WS",1,2,"max_streak",2021,"07-08-2019","Disha Gupta","Sai Uttejitha Rao Chukka",1,0.361410554156322
"WS",1,2,"max_streak",2024,"07-08-2019","Brittney Tam","Chananchida Jucharoen",0,0.536545487421148
"WS",1,2,"max_streak",2027,"07-08-2019","Nuntakarn Aimsaard","Se Young An",0,0.115932444300513
"WS",1,2,"max_streak",2030,"07-08-2019","Yu Po Pai","Jennie Gai",1,0.83905826979052
"WS",1,2,"max_streak",2038,"08-08-2019","Sai Uttejitha Rao Chukka","Benyapa Aimsaard",1,0.263072819015087
"WS",1,2,"max_streak",2044,"10-08-2019","Jia Min Yeo","Phittayaporn Chaiwan",0,0.770435819127158
"WS",1,2,"max_streak",2045,"10-08-2019","Porntip Buranaprasertsuk","Se Young An",0,0.159485933641809
"WS",1,2,"max_streak",2047,"13-08-2019","Kana Furukawa","Nanami Akechi",1,0.619279368347699
"WS",1,2,"max_streak",2055,"14-08-2019","Moto Hayashi","Iris Wang",1,0.48335845526974
"WS",1,2,"max_streak",2056,"14-08-2019","Minatsu Mitani","Natsuki Nidaira",0,0.66264520662066
"WS",1,2,"max_streak",2065,"15-08-2019","Se Young An","Natsuki Oie",1,0.412793710662122
"WS",1,2,"max_streak",2069,"15-08-2019","Sayaka Sato","Yi Man Zhang",0,0.588454438642347
"WS",1,2,"max_streak",2074,"16-08-2019","Natsuki Nidaira","Natsumi Shimoda",1,0.802504636056483
"WS",1,2,"max_streak",2075,"16-08-2019","Yi Man Zhang","Haruko Suzuki",0,0.655332805145752
"WS",1,2,"max_streak",2087,"04-09-2019","Yu Jin Sim","Sabrina Jaquet",0,0.404043491764107
"WS",1,2,"max_streak",2091,"04-09-2019","Su Yu Chen","Ruselli Hartawan",0,0.528376029519139
"WS",1,2,"max_streak",2095,"04-09-2019","Phittayaporn Chaiwan","Chananchida Jucharoen",1,0.874451049598614
"WS",1,2,"max_streak",2097,"04-09-2019","Joy Xuan DENG","Yu Po Pai",0,0.284752144829067
"WS",1,2,"max_streak",2098,"04-09-2019","Nitchaon Jindapol","Hyo Min Kim",1,0.685966529158813
"WS",1,2,"max_streak",2101,"05-09-2019","Gregoria Mariska Tunjung","Sabrina Jaquet",1,0.844278153009871
"WS",1,2,"max_streak",2113,"08-09-2019","Ji Hyun Sung","Michelle Li",1,0.573846963251039
"WS",1,2,"max_streak",2115,"10-09-2019","Bening Sri Rahayu","Ying Mei Cheung",1,0.590974665282667
"WS",1,2,"max_streak",2118,"10-09-2019","Asuka Takahashi","Lauren Lam",1,0.701218314219452
"WS",1,2,"max_streak",2121,"10-09-2019","Nuntakarn Aimsaard","Ying Chun Lin",0,0.524838186962621
"WS",1,2,"max_streak",2129,"11-09-2019","Shu Ting Ji","Iris Wang",1,0.414182169205883
"WS",1,2,"max_streak",2130,"11-09-2019","Saena Kawakami","Yi-Ting Hung",0,0.427172643562293
"WS",1,2,"max_streak",2145,"12-09-2019","Hyo Min Kim","Asuka Takahashi",0,0.552205026283551
"WS",1,2,"max_streak",2148,"12-09-2019","Yi-Ting Hung","Shuo Yun Sung",0,0.536347920451792
"WS",1,2,"max_streak",2150,"13-09-2019","Yi Man Zhang","Yu Jin Sim",0,0.504394359379115
"WS",1,2,"max_streak",2152,"13-09-2019","Zhi Yi Wang","Supanida Katethong",1,0.690833750971755
"WS",1,2,"max_streak",2157,"17-09-2019","Nozomi Okuhara","Carolina Marin",0,0.527082083877477
"WS",1,2,"max_streak",2158,"17-09-2019","Akane Yamaguchi","Evgeniya Kosetskaya",0,0.955664344722032
"WS",1,2,"max_streak",2185,"21-09-2019","Sayaka Takahashi","Carolina Marin",0,0.394093247059689
"WS",1,2,"max_streak",2187,"22-09-2019","Carolina Marin","Tzu Ying Tai",1,0.280283517486744
"WS",1,2,"max_streak",2191,"24-09-2019","Pui Yin Yip","Jui Jeon",0,0.428549519237946
"WS",1,2,"max_streak",2198,"25-09-2019","Michelle Li","Pornpawee Chochuwong",1,0.723062624149331
"WS",1,2,"max_streak",2213,"26-09-2019","Ji Hyun Sung","Nozomi Okuhara",0,0.297459749938761
"WS",1,2,"max_streak",2219,"27-09-2019","Michelle Li","Nozomi Okuhara",1,0.366071889811476
"WS",1,2,"max_streak",2220,"28-09-2019","Ratchanok Intanon","Tzu Ying Tai",1,0.241571500630348
"WS",1,2,"max_streak",2224,"01-10-2019","Alifia Intan Nurrohkhim","Silvi Wulandari",1,0.771549687617795
"WS",1,2,"max_streak",2225,"01-10-2019","Samin Abedkhojasteh","Dharshinie Vasigaran",0,0.716557779354796
"WS",1,2,"max_streak",2226,"01-10-2019","Pin-Chian Chiu","Desima Aqmar Syarafina",1,0.370355878752983
"WS",1,2,"max_streak",2237,"02-10-2019","Disha Gupta","Yulia Yosephin Susanto",0,0.130271297312065
"WS",1,2,"max_streak",2238,"02-10-2019","Shiori Saito","Hui Zhen Grace Chua",1,0.801356319595571
"WS",1,2,"max_streak",2245,"02-10-2019","Crystal Pan","Lyanny Alessandra Mainaky",1,0.608008388348488
"WS",1,2,"max_streak",2251,"03-10-2019","Shu Ting Ji","Shu Ya Zheng",1,0.460757525615804
"WS",1,2,"max_streak",2257,"03-10-2019","Ya Xin Wei","Ruselli Hartawan",0,0.445217008540526
"WS",1,2,"max_streak",2261,"04-10-2019","Zhi Yi Wang","Hsiang Ti Lin",1,0.826205506404684
"WS",1,2,"max_streak",2269,"09-10-2019","Ya Xin Wei","Zhi Yi Wang",0,0.10606141707774
"WS",1,2,"max_streak",2274,"09-10-2019","Marie Batomene","Kirsty Gilmour",1,0.456054573752371
"WS",1,2,"max_streak",2275,"09-10-2019","Linda Zetchiri","Yvonne Li",0,0.21601091624115
"WS",1,2,"max_streak",2280,"09-10-2019","Lianne Tan","Xuefei Qi",0,0.355920729459173
"WS",1,2,"max_streak",2292,"10-10-2019","Ksenia Polikarpova","Evgeniya Kosetskaya",0,0.286813334279768
"WS",1,2,"max_streak",2299,"13-10-2019","Zhi Yi Wang","Evgeniya Kosetskaya",1,0.896317091303247
"WS",1,2,"max_streak",2302,"15-10-2019","Pornpawee Chochuwong","Carolina Marin",0,0.199770681112026
"WS",1,2,"max_streak",2314,"16-10-2019","Yan Yan Cai","Fitriani Fitriani",1,0.432189811601973
"WS",1,2,"max_streak",2318,"17-10-2019","Aya Ohori","Ratchanok Intanon",0,0.313429992359033
"WS",1,2,"max_streak",2319,"17-10-2019","Ngan Yi Cheung","Carolina Marin",0,0.114197549946213
"WS",1,2,"max_streak",2323,"18-10-2019","Carolina Marin","Se Young An",1,0.750442252065254
"WS",1,2,"max_streak",2330,"22-10-2019","Evgeniya Kosetskaya","Mia Blichfeldt",0,0.421008816201801
"WS",1,2,"max_streak",2334,"22-10-2019","Beiwen Zhang","Ga Eun Kim",0,0.442560232595525
"WS",1,2,"max_streak",2347,"24-10-2019","Line Højmark Kjaersfeldt","Saina Nehwal",0,0.204791803386242
"WS",1,2,"max_streak",2364,"29-10-2019","Isabelle Rusli","Ying Mei Cheung",0,0.27547802080447
"WS",1,2,"max_streak",2365,"30-10-2019","Lyanny Alessandra Mainaky","Busanan Ongbamrungphan",0,0.11977565040457
"WS",1,2,"max_streak",2367,"30-10-2019","Ting Yu Liang","Yue Han",0,0.410431802109767
"WS",1,2,"max_streak",2372,"30-10-2019","Yan Yan Cai","Sai Uttejitha Rao Chukka",1,0.739435940524427
"WS",1,2,"max_streak",2373,"30-10-2019","Ying Chun Lin","Pui Yin Yip",0,0.677864216365658
"WS",1,2,"max_streak",2374,"30-10-2019","Nitchaon Jindapol","Yu Jin Sim",1,0.685296213788191
"WS",1,2,"max_streak",2377,"30-10-2019","Ga Eun Kim","Meng Zhou",0,0.743199595236229
"WS",1,2,"max_streak",2388,"01-11-2019","Michelle Li","Yan Yan Cai",1,0.843157793898537
"WS",1,2,"max_streak",2391,"01-11-2019","Busanan Ongbamrungphan","Yue Han",0,0.402640794408237
"WS",1,2,"max_streak",2409,"30-10-2019","Shu Ya Zheng","Airi Mikkela",1,0.70222841527712
"WS",1,2,"max_streak",2416,"31-10-2019","Martina Repiska","Yvonne Li",0,0.280564078735778
"WS",1,2,"max_streak",2424,"02-11-2019","Yun Li","Natalia Perminova",1,0.85498384255055
"WS",1,2,"max_streak",2425,"03-11-2019","Yun Li","Line Christophersen",1,0.813108536006228
"WS",1,2,"max_streak",2431,"05-11-2019","V. Sindhu Pusarla","Yu Po Pai",1,0.497053902183363
"WS",1,2,"max_streak",2434,"06-11-2019","Aya Ohori","Yue Han",1,0.280290150711614
"WS",1,2,"max_streak",2439,"06-11-2019","Michelle Li","Ngan Yi Cheung",1,0.837115018694158
"WS",1,2,"max_streak",2442,"07-11-2019","Tzu Ying Tai","Gregoria Mariska Tunjung",1,0.896699476012866
"WS",1,2,"max_streak",2447,"07-11-2019","Bing Jiao He","Se Young An",1,0.455117416165468
"WS",1,2,"max_streak",2450,"08-11-2019","Nozomi Okuhara","Bing Jiao He",1,0.645508759068797
"WS",1,2,"max_streak",2458,"12-11-2019","Lyanny Alessandra Mainaky","Ying Mei Cheung",1,0.0871607334727002
"WS",1,2,"max_streak",2460,"12-11-2019","Lauren Lam","Sum Yee Yeung",1,0.333496205837925
"WS",1,2,"max_streak",2475,"13-11-2019","Bing Jiao He","Mia Blichfeldt",1,0.566743813451842
"WS",1,2,"max_streak",2477,"14-11-2019","Ruselli Hartawan","Se Young An",1,0.340942659854063
"WS",1,2,"max_streak",2483,"14-11-2019","Yan Yan Cai","Beiwen Zhang",0,0.350637293712282
"WS",1,2,"max_streak",2485,"15-11-2019","Ratchanok Intanon","Nozomi Okuhara",1,0.52591463399789
"WS",1,2,"max_streak",2486,"15-11-2019","Ruselli Hartawan","Beiwen Zhang",0,0.58291247323532
"WS",1,2,"max_streak",2489,"16-11-2019","Beiwen Zhang","Yu Fei Chen",1,0.176522315259561
"WS",1,2,"max_streak",2493,"19-11-2019","Sih Yun Lin","Ga Eun Park",0,0.389952061120129
"WS",1,2,"max_streak",2498,"20-11-2019","Jhih Yun Lin","Se Yeon Lee",0,0.570042322429131
"WS",1,2,"max_streak",2502,"20-11-2019","Se Young An","Aya Ohori",1,0.744515626385903
"WS",1,2,"max_streak",2506,"20-11-2019","Yi Man Zhang","Sayaka Takahashi",1,0.535700406811503
"WS",1,2,"max_streak",2511,"21-11-2019","Akane Yamaguchi","Kirsty Gilmour",1,0.901072329933771
"WS",1,2,"max_streak",2523,"23-11-2019","Akane Yamaguchi","Se Young An",0,0.442803598189926
"WS",1,2,"max_streak",2526,"26-11-2019","Aakarshi Kashyap","Ashmita Chaliha",0,0.627659313575617
"WS",1,2,"max_streak",2539,"27-11-2019","Tanvi Lad","Natalia Perminova",0,0.483678106626262
"WS",1,2,"max_streak",2541,"27-11-2019","Zhi Yi Wang","Hsuan-Yu Wendy Chen",1,0.969687151673557
"WS",1,2,"max_streak",2544,"27-11-2019","Mugdha Agrey","Lianne Tan",1,0.394322265184705
"WS",1,2,"max_streak",2546,"28-11-2019","Yi Man Zhang","Evgeniya Kosetskaya",0,0.652574981748599
"WS",1,2,"max_streak",2552,"28-11-2019","Porntip Buranaprasertsuk","Phittayaporn Chaiwan",0,0.292346645160955
"WS",1,2,"max_streak",2555,"29-11-2019","Carolina Marin","Evgeniya Kosetskaya",1,0.954215042542892
"WS",1,2,"max_streak",2558,"30-11-2019","Phittayaporn Chaiwan","Rituparna Das",1,0.537113971552251
"WS",1,2,"max_streak",2559,"30-11-2019","Ga Eun Kim","Carolina Marin",0,0.246967723692756
"WS",1,2,"max_streak",2562,"11-12-2019","Ratchanok Intanon","Busanan Ongbamrungphan",1,0.969088923164493
"WS",1,2,"max_streak",2563,"11-12-2019","Yu Fei Chen","Bing Jiao He",1,0.875322972081234
"WS",1,2,"max_streak",2573,"14-12-2019","Tzu Ying Tai","Nozomi Okuhara",1,0.946022667111561
"WS",1,2,"max_streak",2576,"07-01-2020","Lyanny Alessandra Mainaky","Xuefei Qi",0,0.0886923508667344
"WS",1,2,"max_streak",2581,"08-01-2020","Nozomi Okuhara","Pui Yin Yip",0,0.933201472272277
"WS",1,2,"max_streak",2583,"08-01-2020","Aya Ohori","Busanan Ongbamrungphan",0,0.571433914662627
"WS",1,2,"max_streak",2589,"08-01-2020","Nitchaon Jindapol","Yue Han",1,0.580174455976682
"WS",1,2,"max_streak",2600,"09-01-2020","Tzu Ying Tai","Ji Hyun Sung",0,0.720946023468299
"WS",1,2,"max_streak",2609,"11-01-2020","Carolina Marin","Yu Fei Chen",0,0.2791159353717
"WS",1,2,"max_streak",2612,"14-01-2020","Porntip Buranaprasertsuk","Yvonne Li",1,0.564643429385973
"WS",1,2,"max_streak",2625,"15-01-2020","Ruselli Hartawan","Michelle Li",0,0.2629373818328
"WS",1,2,"max_streak",2637,"16-01-2020","Busanan Ongbamrungphan","Ratchanok Intanon",0,0.183499809049981
"WS",1,2,"max_streak",2641,"17-01-2020","Beiwen Zhang","Bing Jiao He",0,0.264334544295524
"WS",1,2,"max_streak",2646,"21-01-2020","Sabrina Jaquet","Lianne Tan",0,0.470710993904209
"WS",1,2,"max_streak",2650,"22-01-2020","Evgeniya Kosetskaya","Xuefei Qi",1,0.669289895290486
"WS",1,2,"max_streak",2664,"22-01-2020","Yu Jin Sim","Yu Po Pai",0,0.426732983288805
"WS",1,2,"max_streak",2680,"26-01-2020","Akane Yamaguchi","Se Young An",1,0.536164696021431
"WS",1,2,"max_streak",2685,"19-02-2020","Sabrina Jaquet","Ksenia Polikarpova",1,0.805442977329827
"WS",1,2,"max_streak",2686,"19-02-2020","Evgeniya Kosetskaya","Julie Dawall Jakobsen",1,0.526079236948318
"WS",1,2,"max_streak",2687,"19-02-2020","Yvonne Li","Saina Nehwal",0,0.34927669796805
"WS",1,2,"max_streak",2695,"20-02-2020","Julie Dawall Jakobsen","Busanan Ongbamrungphan",0,0.247498797231705
"WS",1,2,"max_streak",2706,"21-02-2020","Pornpawee Chochuwong","Neslihan Yigit",1,0.659078613475661
"WS",1,2,"max_streak",2710,"11-03-2020","Yu Fei Chen","Se Young An",1,0.616085593127473
"WS",1,2,"max_streak",2712,"11-03-2020","Saina Nehwal","Akane Yamaguchi",0,0.124463062942831
"WS",1,2,"max_streak",2721,"11-03-2020","Yi Man Zhang","Carolina Marin",0,0.0966903154693506
"WS",1,2,"max_streak",2726,"12-03-2020","Ratchanok Intanon","Aya Ohori",1,0.805659240801431
"WS",1,2,"max_streak",2727,"12-03-2020","Nozomi Okuhara","Line Højmark Kjaersfeldt",1,0.859813519030817
"WS",1,2,"max_streak",2732,"12-03-2020","Pornpawee Chochuwong","Bing Jiao He",1,0.38428554902417
"WS",1,2,"max_streak",2744,"13-10-2020","Léonice Huet","Katerina Tomalova",1,0.878950725123726
"WS",1,2,"max_streak",2754,"14-10-2020","Emilie Hamang","Yaelle Hoyaux",0,0.455316172114418
"WS",1,2,"max_streak",2756,"15-10-2020","Jordan Hart","Nozomi Okuhara",0,0.0331940534107774
"WS",1,2,"max_streak",2766,"16-10-2020","Mia Blichfeldt","Michelle Li",0,0.254437865853818
"WS",1,2,"max_streak",2771,"28-10-2020","Beatriz Corrales","Ann-Kathrin Spöri",1,0.365472086509997
"WS",1,2,"max_streak",2786,"28-10-2020","Tereza Švábíková","Line Højmark Kjaersfeldt",0,0.377555495936387
"WS",1,2,"max_streak",2787,"29-10-2020","Rachael Darragh","Beatriz Corrales",0,0.417169707350298
"WS",1,2,"max_streak",2791,"29-10-2020","Lianne Tan","Sabrina Jaquet",0,0.705156737092661
"WS",1,2,"max_streak",2796,"30-10-2020","Julie Dawall Jakobsen","Line Højmark Kjaersfeldt",0,0.46222131410103
"WS",1,2,"max_streak",2797,"30-10-2020","Carolina Marin","Xuefei Qi",1,0.964932345994352
"WS",1,2,"max_streak",2805,"12-01-2021","Gregoria Mariska Tunjung","Ji Hyun Sung",0,0.579776589333678
"WS",1,2,"max_streak",2810,"13-01-2021","Xuefei Qi","Carolina Marin",0,0.0547800067642681
"WS",1,2,"max_streak",2813,"13-01-2021","Supanida Katethong","Ruselli Hartawan",1,0.57439346693542
"WS",1,2,"max_streak",2815,"13-01-2021","Yvonne Li","Hadia Hosny",1,0.806340984981753
"WS",1,2,"max_streak",2824,"14-01-2021","Supanida Katethong","Evgeniya Kosetskaya",1,0.647695063998048
"WS",1,2,"max_streak",2825,"15-01-2021","Tzu Ying Tai","Michelle Li",1,0.942270781986797
"WS",1,2,"max_streak",2830,"16-01-2021","Tzu Ying Tai","Mia Blichfeldt",1,0.911602445077756
"WS",1,2,"max_streak",2831,"17-01-2021","Tzu Ying Tai","Carolina Marin",0,0.343447533629155
"WS",1,2,"max_streak",2834,"19-01-2021","Michelle Li","Ngan Yi Cheung",0,0.894213575745566
"WS",1,2,"max_streak",2839,"19-01-2021","Iris Wang","Ga Eun Kim",1,0.209648905745046
"WS",1,2,"max_streak",2855,"22-01-2021","Se Young An","Pornpawee Chochuwong",1,0.751412855289533
"WS",1,2,"max_streak",2858,"22-01-2021","Tzu Ying Tai","Michelle Li",1,0.818484047295807
"WS",1,2,"max_streak",2866,"28-01-2021","Carolina Marin","Michelle Li",1,0.878299504851393
"WS",1,2,"max_streak",2882,"03-03-2021","Saina Nehwal","Phittayaporn Chaiwan",1,0.507816328498884
"WS",1,2,"max_streak",2883,"03-03-2021","Xuefei Qi","Ji Hyun Sung",0,0.120518316616356
"WS",1,2,"max_streak",2885,"03-03-2021","Lianne Tan","Line Christophersen",0,0.314701258278961
"WS",1,2,"max_streak",2889,"03-03-2021","Beiwen Zhang","Linda Zetchiri",1,0.928222229601612
"WS",1,2,"max_streak",2890,"03-03-2021","Soraya De Visch Eijbergen","Aliye Demirbag",0,0.395294475247905
"WS",1,2,"max_streak",2896,"04-03-2021","Pornpawee Chochuwong","Line Højmark Kjaersfeldt",1,0.788076311473859
"WS",1,2,"max_streak",2903,"05-03-2021","Busanan Ongbamrungphan","V. Sindhu Pusarla",0,0.460097693895777
"WS",1,2,"max_streak",2906,"06-03-2021","Carolina Marin","Pornpawee Chochuwong",0,0.775907720440506
"WS",1,2,"max_streak",2910,"17-03-2021","Mariya Mitsova","Supanida Katethong",0,0.140230821938753
"WS",1,2,"max_streak",2916,"17-03-2021","Akane Yamaguchi","Xuefei Qi",1,0.896366842025675
"WS",1,2,"max_streak",2919,"17-03-2021","Selvaduray Kisona","Busanan Ongbamrungphan",0,0.0772084804337234
"WS",1,2,"max_streak",2922,"17-03-2021","Phittayaporn Chaiwan","Lianne Tan",1,0.95427564200096
"WS",1,2,"max_streak",2926,"18-03-2021","Yvonne Li","Mia Blichfeldt",0,0.307767197676225
"WS",1,2,"max_streak",2927,"18-03-2021","Linda Zetchiri","Nozomi Okuhara",0,0.013814616278207
"WS",1,2,"max_streak",2933,"19-03-2021","Akane Yamaguchi","V. Sindhu Pusarla",0,0.703444956929738
"WS",1,2,"max_streak",2937,"21-03-2021","Pornpawee Chochuwong","Nozomi Okuhara",0,0.243083473167747
"WS",1,2,"max_streak",2938,"23-03-2021","Romane Cloteaux-Foucault","Anna Tatranova",0,0.511380705019006
"WS",1,2,"max_streak",2942,"23-03-2021","Ophelia Casier","Malya Hoareau",1,0.498659462219498
"WS",1,2,"max_streak",2943,"23-03-2021","Marie Cesari","Putri Kusuma Wardani",0,0.181972846492779
"WS",1,2,"max_streak",2945,"24-03-2021","Daniela Macias","Xuefei Qi",0,0.0713271391308086
"WS",1,2,"max_streak",2952,"24-03-2021","Ophelia Casier","Freya Redfearn",1,0.118286350413978
"WS",1,2,"max_streak",2953,"24-03-2021","Laura Sarosi","Mariya Mitsova",0,0.504076416496844
"WS",1,2,"max_streak",2957,"24-03-2021","Lianne Tan","Aliye Demirbag",0,0.428986387416737
"WS",1,2,"max_streak",2958,"24-03-2021","Pornpawee Chochuwong","Irina Amalie Andersen",1,0.924273547192458
"WS",1,2,"max_streak",2967,"25-03-2021","Jin Wei Goh","Aliye Demirbag",1,0.783086205689522
"WS",1,2,"score_diff",3,"09-01-2018","Piramon Chamnaktan","Mattana Hemrachatanun",0,0.182981583923943
"WS",1,2,"score_diff",7,"10-01-2018","Gregoria Mariska Tunjung","Sai Uttejitha Rao Chukka",0,0.826003407474754
"WS",1,2,"score_diff",17,"10-01-2018","Selvaduray Kisona","Ruselli Hartawan",1,0.425736603381967
"WS",1,2,"score_diff",20,"10-01-2018","Ying Ying Lee","Chananchida Jucharoen",1,0.568361533916967
"WS",1,2,"score_diff",22,"11-01-2018","Gregoria Mariska Tunjung","Yulia Yosephin Susanto",1,0.78177507408603
"WS",1,2,"score_diff",23,"11-01-2018","Pui Yin Yip","Natsumi Shimoda",0,0.728454720290155
"WS",1,2,"score_diff",31,"12-01-2018","Nitchaon Jindapol","Gregoria Mariska Tunjung",1,0.778849511951247
"WS",1,2,"score_diff",35,"14-01-2018","Nitchaon Jindapol","Pornpawee Chochuwong",1,0.744540837445446
"WS",1,2,"score_diff",40,"17-01-2018","Yufei Chen","Chia Hsin Lee",1,0.820937882841594
"WS",1,2,"score_diff",44,"17-01-2018","Fitriani Fitriani","Ratchanok Intanon",0,0.337244852405719
"WS",1,2,"score_diff",53,"17-01-2018","Hanna Ramadini","Jin Wei Goh",0,0.353703222624861
"WS",1,2,"score_diff",59,"18-01-2018","Tzu Ying Tai","Michelle Li",1,0.740751787340037
"WS",1,2,"score_diff",66,"19-01-2018","Bingjiao He","Akane Yamaguchi",0,0.392852156555648
"WS",1,2,"score_diff",67,"20-01-2018","Tzu Ying Tai","Carolina Marin",1,0.266908456270311
"WS",1,2,"score_diff",76,"24-01-2018","Ji Hyun Sung","Busanan Ongbamrungphan",1,0.596358662113424
"WS",1,2,"score_diff",78,"24-01-2018","Ngan Yi Cheung","Nozomi Okuhara",0,0.258334833356391
"WS",1,2,"score_diff",90,"25-01-2018","Carolina Marin","Line Højmark Kjaersfeldt",1,0.813006379525445
"WS",1,2,"score_diff",92,"25-01-2018","Bingjiao He","Jang Mi Lee",1,0.448674999546885
"WS",1,2,"score_diff",93,"25-01-2018","Fitriani Fitriani","Ratchanok Intanon",0,0.241293005402129
"WS",1,2,"score_diff",100,"26-01-2018","Saina Nehwal","V. Sindhu Pusarla",1,0.737017979281377
"WS",1,2,"score_diff",109,"31-01-2018","Anura Prabhudesai","Aakarshi Kashyap",0,0.629609014273383
"WS",1,2,"score_diff",114,"31-01-2018","Sofie Holmboe Dahl","Saina Nehwal",0,0.216720050823714
"WS",1,2,"score_diff",116,"31-01-2018","Pui Yin Yip","Rituparna Das",1,0.442238181981697
"WS",1,2,"score_diff",117,"31-01-2018","Mugdha Agrey","Ksenia Polikarpova",1,0.372950955374175
"WS",1,2,"score_diff",119,"31-01-2018","Thamolwan Poopradubsil","Sri Krishna Priya Kudaravalli",0,0.625264770755049
"WS",1,2,"score_diff",122,"31-01-2018","Sabrina Jaquet","Lyanny Alessandra Mainaky",0,0.511058780653361
"WS",1,2,"score_diff",129,"01-02-2018","Pui Yin Yip","Lyanny Alessandra Mainaky",1,0.74153222300876
"WS",1,2,"score_diff",132,"01-02-2018","Thamolwan Poopradubsil","Ngan Yi Cheung",0,0.149193768724973
"WS",1,2,"score_diff",133,"02-02-2018","V. Sindhu Pusarla","Beatriz Corrales",0,0.794161442499684
"WS",1,2,"score_diff",136,"02-02-2018","Ngan Yi Cheung","Carolina Marin",1,0.721380447615692
"WS",1,2,"score_diff",143,"20-02-2018","Isabel Zhong","Monika Radovska",1,0.384333314915788
"WS",1,2,"score_diff",144,"21-02-2018","Luise Heim","Linda Zetchiri",1,0.44392323254115
"WS",1,2,"score_diff",148,"21-02-2018","Mariya Mitsova","Ronja Stern",1,0.600427712382648
"WS",1,2,"score_diff",151,"21-02-2018","Natalia Perminova","Shuo Yun Sung",1,0.449047367515118
"WS",1,2,"score_diff",161,"22-02-2018","Natsuki Nidaira","Mia Blichfeldt",1,0.693525714475453
"WS",1,2,"score_diff",163,"22-02-2018","Sai Uttejitha Rao Chukka","Minatsu Mitani",0,0.194488347384856
"WS",1,2,"score_diff",165,"22-02-2018","Mariya Mitsova","Beatriz Corrales",1,0.376273653621353
"WS",1,2,"score_diff",166,"22-02-2018","Julie Dawall Jakobsen","Linda Zetchiri",0,0.399805510184896
"WS",1,2,"score_diff",172,"24-02-2018","Sayaka Takahashi","Evgeniya Kosetskaya",1,0.853947629644355
"WS",1,2,"score_diff",177,"06-03-2018","Neslihan Yigit","Fabienne Deprez",1,0.681878771438178
"WS",1,2,"score_diff",182,"07-03-2018","Soniia Cheah","Yufei Chen",0,0.322737459578125
"WS",1,2,"score_diff",183,"07-03-2018","Mette Poulsen","Neslihan Yigit",1,0.335955828583574
"WS",1,2,"score_diff",184,"07-03-2018","Brittney Tam","Kirsty Gilmour",0,0.780004406176467
"WS",1,2,"score_diff",192,"07-03-2018","Line Højmark Kjaersfeldt","Yu Po Pai",0,0.528774872698475
"WS",1,2,"score_diff",196,"08-03-2018","Neslihan Yigit","Yufei Chen",0,0.358767138364225
"WS",1,2,"score_diff",200,"08-03-2018","Hyo Min Kim","Ji Hyun Sung",0,0.361222192828543
"WS",1,2,"score_diff",211,"14-03-2018","Fitriani Fitriani","Soniia Cheah",1,0.337954836789848
"WS",1,2,"score_diff",218,"14-03-2018","Jang Mi Lee","Carolina Marin",0,0.254503945971072
"WS",1,2,"score_diff",223,"14-03-2018","Line Højmark Kjaersfeldt","Hyo Min Kim",0,0.309870560990243
"WS",1,2,"score_diff",224,"15-03-2018","Nitchaon Jindapol","V. Sindhu Pusarla",1,0.317082844971571
"WS",1,2,"score_diff",227,"15-03-2018","Yufei Chen","Hyo Min Kim",1,0.714362967470579
"WS",1,2,"score_diff",230,"15-03-2018","Aya Ohori","Jin Wei Goh",1,0.527628942471549
"WS",1,2,"score_diff",232,"16-03-2018","Tzu Ying Tai","Aya Ohori",1,0.867141294597792
"WS",1,2,"score_diff",248,"28-03-2018","Linda Zetchiri","Fabienne Deprez",1,0.47859232455321
"WS",1,2,"score_diff",256,"28-03-2018","Ksenia Polikarpova","Ruselli Hartawan",0,0.524543022370841
"WS",1,2,"score_diff",257,"28-03-2018","Neslihan Yigit","Yin Fun Lim",1,0.286833472775815
"WS",1,2,"score_diff",259,"28-03-2018","Gayle Mahulette","Mia Blichfeldt",0,0.343092940675793
"WS",1,2,"score_diff",265,"29-03-2018","Ruselli Hartawan","Martina Repiska",0,0.658993689019642
"WS",1,2,"score_diff",266,"29-03-2018","Shiori Saito","Yvonne Li",1,0.717047795561601
"WS",1,2,"score_diff",270,"29-03-2018","Natalia Perminova","Luise Heim",0,0.727839409005197
"WS",1,2,"score_diff",276,"31-03-2018","Shiori Saito","Xuefei Qi",0,0.755002562579209
"WS",1,2,"score_diff",286,"11-04-2018","Nianzu Chen","Xuerui Li",0,0.442281785477359
"WS",1,2,"score_diff",288,"11-04-2018","Chi Ya Cheng","Mengyan Fan",1,0.322251002067153
"WS",1,2,"score_diff",290,"11-04-2018","Ying Chun Lin","Yukino Nakai",0,0.458294444898756
"WS",1,2,"score_diff",294,"11-04-2018","Yun Li","Ga Eun Kim",0,0.457003557852977
"WS",1,2,"score_diff",300,"12-04-2018","Xuerui Li","Mengyan Fan",1,0.612300759368171
"WS",1,2,"score_diff",311,"01-05-2018","Yukino Nakai","Ayumi Mine",1,0.316003964611679
"WS",1,2,"score_diff",312,"01-05-2018","Shuting Ji","Isabel Zhong",1,0.753174178746211
"WS",1,2,"score_diff",319,"02-05-2018","Shuting Ji","Disha Gupta",1,0.759749123479667
"WS",1,2,"score_diff",344,"08-05-2018","Zecily Fung","Ga Eun Kim",0,0.207237084139643
"WS",1,2,"score_diff",351,"09-05-2018","Jesica Muljati","Isabel Zhong",1,0.654357908380539
"WS",1,2,"score_diff",356,"09-05-2018","Disha Gupta","Lyanny Alessandra Mainaky",0,0.262609972629803
"WS",1,2,"score_diff",361,"09-05-2018","Georgina Bland","Vaishnavi Reddy Jakka",0,0.620791164654043
"WS",1,2,"score_diff",362,"09-05-2018","Pattarasuda Chaiwan","Yiman Zhang",1,0.426258301813253
"WS",1,2,"score_diff",372,"11-05-2018","Ngan Yi Cheung","Yukino Nakai",1,0.297516913228662
"WS",1,2,"score_diff",381,"12-06-2018","Johanna Magnusson","Crystal Pan",0,0.476659656737953
"WS",1,2,"score_diff",392,"13-06-2018","Ga Eun Kim","Yue Han",0,0.355475215330386
"WS",1,2,"score_diff",395,"13-06-2018","Isabel Zhong","Chloe Birch",0,0.354438802668242
"WS",1,2,"score_diff",396,"13-06-2018","Julie Dawall Jakobsen","Hyo Min Kim",0,0.433346804325616
"WS",1,2,"score_diff",402,"14-06-2018","Xuerui Li","Sayaka Sato",1,0.716956456942171
"WS",1,2,"score_diff",407,"15-06-2018","Aya Ohori","Busanan Ongbamrungphan",1,0.909629365073769
"WS",1,2,"score_diff",410,"15-06-2018","Hyo Min Kim","Xuerui Li",0,0.223606873249214
"WS",1,2,"score_diff",418,"19-06-2018","Eliana Zhang","Ronja Stern",0,0.596522978293627
"WS",1,2,"score_diff",420,"19-06-2018","Sophie Males","Alexandra Mocanu",0,0.241458889195813
"WS",1,2,"score_diff",434,"20-06-2018","Rachel Honderich","Chloe Birch",1,0.4464224469407
"WS",1,2,"score_diff",441,"20-06-2018","Yukino Nakai","Jui Jeon",1,0.513072355385326
"WS",1,2,"score_diff",442,"21-06-2018","Jui Jeon","Brittney Tam",1,0.681818436204092
"WS",1,2,"score_diff",446,"21-06-2018","Yanyan Cai","Yvonne Li",1,0.787715463690154
"WS",1,2,"score_diff",452,"22-06-2018","Fangjie Gao","Yanyan Cai",0,0.40823118352078
"WS",1,2,"score_diff",453,"22-06-2018","Jui Jeon","Sayaka Takahashi",1,0.140564108592011
"WS",1,2,"score_diff",464,"26-06-2018","Nitchaon Jindapol","Evgeniya Kosetskaya",1,0.862269947950989
"WS",1,2,"score_diff",469,"27-06-2018","Carolina Marin","Gregoria Mariska Tunjung",0,0.865203584952323
"WS",1,2,"score_diff",472,"27-06-2018","Lauren Lam","Chia Hsin Lee",0,0.373882410852703
"WS",1,2,"score_diff",473,"28-06-2018","Saina Nehwal","Akane Yamaguchi",0,0.209609672423742
"WS",1,2,"score_diff",475,"28-06-2018","Pornpawee Chochuwong","Nozomi Okuhara",1,0.201535071132963
"WS",1,2,"score_diff",478,"28-06-2018","Carolina Marin","Ngan Yi Cheung",1,0.591339126270712
"WS",1,2,"score_diff",482,"29-06-2018","V. Sindhu Pusarla","Carolina Marin",1,0.619634752616349
"WS",1,2,"score_diff",483,"29-06-2018","Pornpawee Chochuwong","Ratchanok Intanon",0,0.275480556463972
"WS",1,2,"score_diff",486,"30-06-2018","Ratchanok Intanon","Bingjiao He",0,0.389690271969595
"WS",1,2,"score_diff",489,"03-07-2018","Nitchaon Jindapol","Akane Yamaguchi",0,0.234459884060216
"WS",1,2,"score_diff",492,"03-07-2018","Beatriz Corrales","Ji Hyun Sung",0,0.15076106254285
"WS",1,2,"score_diff",500,"04-07-2018","Lyanny Alessandra Mainaky","Kirsty Gilmour",0,0.431286089285172
"WS",1,2,"score_diff",502,"04-07-2018","Line Højmark Kjaersfeldt","Vaishnavi Reddy Jakka",1,0.746666281526267
"WS",1,2,"score_diff",505,"05-07-2018","Saina Nehwal","Yufei Chen",0,0.422487456351898
"WS",1,2,"score_diff",508,"05-07-2018","Bingjiao He","Busanan Ongbamrungphan",1,0.786305427486164
"WS",1,2,"score_diff",511,"05-07-2018","Nozomi Okuhara","Akane Yamaguchi",1,0.13587616469668
"WS",1,2,"score_diff",519,"10-07-2018","Yue Han","Yanyan Cai",1,0.11041242876653
"WS",1,2,"score_diff",525,"11-07-2018","Beiwen Zhang","Ying Li Chiang",1,0.80739966897448
"WS",1,2,"score_diff",530,"11-07-2018","Michelle Li","Yulia Yosephin Susanto",1,0.748331515788591
"WS",1,2,"score_diff",535,"11-07-2018","Gregoria Mariska Tunjung","Chloe Birch",1,0.79356063500501
"WS",1,2,"score_diff",536,"11-07-2018","Yiman Zhang","Chananchida Jucharoen",0,0.714507568122116
"WS",1,2,"score_diff",543,"12-07-2018","Sayaka Sato","Aya Ohori",0,0.701634036777597
"WS",1,2,"score_diff",553,"15-07-2018","Nozomi Okuhara","V. Sindhu Pusarla",1,0.561850396868135
"WS",1,2,"score_diff",566,"18-07-2018","Jia Min Yeo","Porntip Buranaprasertsuk",1,0.719897257222195
"WS",1,2,"score_diff",572,"18-07-2018","Vaidehi Choudhari","Nitchaon Jindapol",0,0.150862839249409
"WS",1,2,"score_diff",582,"20-07-2018","Su Yu Chen","Nitchaon Jindapol",0,0.467836013814028
"WS",1,2,"score_diff",591,"24-07-2018","Liliia Abibulaeva","Iris Wang",0,0.136913992139202
"WS",1,2,"score_diff",595,"24-07-2018","Ekaterina Riazantceva","Moto Hayashi",0,0.0534052880321348
"WS",1,2,"score_diff",599,"25-07-2018","Kristin Kuuba","Vaidehi Choudhari",1,0.774079867526539
"WS",1,2,"score_diff",615,"26-07-2018","Byeol Lim Lee","Vrushali Gummadi",0,0.294687097487323
"WS",1,2,"score_diff",616,"26-07-2018","Iris Wang","Mugdha Agrey",1,0.890252444411901
"WS",1,2,"score_diff",624,"27-07-2018","Iris Wang","Rituparna Das",1,0.71048798755424
"WS",1,2,"score_diff",629,"24-07-2018","Mengyan Fan","Choirunnisa Choirunnisa",0,0.15196875345655
"WS",1,2,"score_diff",630,"24-07-2018","Mako Urushizaki","Yuhan Wu",1,0.477560021063647
"WS",1,2,"score_diff",632,"25-07-2018","Shuo Yun Sung","Yukino Nakai",0,0.28927496887117
"WS",1,2,"score_diff",634,"25-07-2018","Xirui Hui","Supanida Katethong",0,0.51393591553424
"WS",1,2,"score_diff",637,"25-07-2018","Benyapa Aimsaard","Minatsu Mitani",0,0.163272956091229
"WS",1,2,"score_diff",641,"25-07-2018","Asuka Takahashi","Chananchida Jucharoen",1,0.599282169019086
"WS",1,2,"score_diff",654,"26-07-2018","Bening Sri Rahayu","Hsiang Ti Lin",0,0.577765565318677
"WS",1,2,"score_diff",659,"27-07-2018","Sayaka Takahashi","Yui Hashimoto",1,0.716065607202063
"WS",1,2,"score_diff",668,"07-08-2018","Wan Yi Tang","Pardeshi Shreyanshi",0,0.414841629734954
"WS",1,2,"score_diff",670,"07-08-2018","Supanida Katethong","Natsumi Shimoda",1,0.641923574611764
"WS",1,2,"score_diff",671,"07-08-2018","Rituparna Das","Ting Yu Liang",1,0.684920034987514
"WS",1,2,"score_diff",673,"07-08-2018","Supanida Katethong","Pardeshi Shreyanshi",1,0.282648807199266
"WS",1,2,"score_diff",675,"08-08-2018","Sayaka Takahashi","Thamolwan Poopradubsil",1,0.961249307545783
"WS",1,2,"score_diff",680,"08-08-2018","Thuy Linh Nguyen","Phittayaporn Chaiwan",1,0.435137778203022
"WS",1,2,"score_diff",692,"09-08-2018","Sayaka Takahashi","Yen Mei Ho",1,0.609955412545003
"WS",1,2,"score_diff",695,"09-08-2018","Yin Fun Lim","Minatsu Mitani",0,0.233787262499786
"WS",1,2,"score_diff",696,"09-08-2018","Porntip Buranaprasertsuk","Thi Trang (B) Vu",0,0.725792463165
"WS",1,2,"score_diff",697,"09-08-2018","Jia Min Yeo","Chananchida Jucharoen",1,0.745704826653742
"WS",1,2,"score_diff",698,"09-08-2018","Asuka Takahashi","Joy Xuan DENG",0,0.517212531099623
"WS",1,2,"score_diff",713,"29-08-2018","Luise Heim","Beatriz Corrales",0,0.348086223873387
"WS",1,2,"score_diff",718,"29-08-2018","Busanan Ongbamrungphan","Kate Foo Kune",1,0.808732985328852
"WS",1,2,"score_diff",720,"29-08-2018","Ayumi Mine","Evgeniya Kosetskaya",1,0.906308613610257
"WS",1,2,"score_diff",725,"30-08-2018","Sara Penalver Pereira","Yvonne Li",1,0.440742896937199
"WS",1,2,"score_diff",728,"30-08-2018","Mia Blichfeldt","Brittney Tam",1,0.789873689592689
"WS",1,2,"score_diff",730,"30-08-2018","Xuefei Qi","Minatsu Mitani",0,0.188241768260216
"WS",1,2,"score_diff",733,"31-08-2018","Yvonne Li","Line Højmark Kjaersfeldt",0,0.565866221777091
"WS",1,2,"score_diff",743,"04-09-2018","Se Young An","Tanishq Mamilla Palli",1,0.613606938221008
"WS",1,2,"score_diff",746,"04-09-2018","Choirunnisa Choirunnisa","Purva Barve",1,0.637583650959474
"WS",1,2,"score_diff",747,"04-09-2018","Neha Pandit","Bening Sri Rahayu",0,0.261708663174409
"WS",1,2,"score_diff",748,"04-09-2018","Simran Singhi","Amolika Singh Sisodiya",1,0.180220915559053
"WS",1,2,"score_diff",752,"05-09-2018","Dinar Dyah Ayustine","Sai Uttejitha Rao Chukka",0,0.894015116689697
"WS",1,2,"score_diff",762,"05-09-2018","Vaidehi Choudhari","Ruselli Hartawan",0,0.236844282576954
"WS",1,2,"score_diff",765,"05-09-2018","Aakarshi Kashyap","Mugdha Agrey",1,0.780166222019211
"WS",1,2,"score_diff",766,"05-09-2018","Ying Mei Cheung","Reshma Karthik",1,0.683188473112139
"WS",1,2,"score_diff",779,"07-09-2018","Ga Eun Kim","Se Young An",0,0.707582120846648
"WS",1,2,"score_diff",784,"11-09-2018","Yu Po Pai","Akane Yamaguchi",0,0.153233464678649
"WS",1,2,"score_diff",789,"11-09-2018","Michelle Li","Yanyan Cai",0,0.167706224036874
"WS",1,2,"score_diff",791,"11-09-2018","Minatsu Mitani","Ratchanok Intanon",0,0.661311260908758
"WS",1,2,"score_diff",795,"11-09-2018","Beiwen Zhang","Xiaoxin Chen",0,0.415363158432261
"WS",1,2,"score_diff",799,"13-09-2018","Tzu Ying Tai","Xiaoxin Chen",0,0.765453525489588
"WS",1,2,"score_diff",800,"13-09-2018","V. Sindhu Pusarla","Fangjie Gao",0,0.506865536729397
"WS",1,2,"score_diff",803,"13-09-2018","Nozomi Okuhara","Sayaka Sato",1,0.903343600442565
"WS",1,2,"score_diff",804,"13-09-2018","Lyanny Alessandra Mainaky","Aya Ohori",0,0.108990465183587
"WS",1,2,"score_diff",810,"14-09-2018","Fangjie Gao","Aya Ohori",0,0.409182112302022
"WS",1,2,"score_diff",815,"18-09-2018","Stephanie Widjaya","Yasnita Enggira Setiawan",1,0.746251785363183
"WS",1,2,"score_diff",822,"19-09-2018","Sri Krishna Priya Kudaravalli","Desima Aqmar Syarafina",1,0.486271499107138
"WS",1,2,"score_diff",826,"19-09-2018","Sum Yee Yeung","Wulan Cahya Utami Sukoputri",1,0.82573108137039
"WS",1,2,"score_diff",833,"20-09-2018","Minatsu Mitani","Crystal Pan",1,0.811276830320325
"WS",1,2,"score_diff",838,"20-09-2018","Ruselli Hartawan","Supanida Katethong",1,0.686660146524846
"WS",1,2,"score_diff",842,"21-09-2018","Minatsu Mitani","Choirunnisa Choirunnisa",0,0.723810548833554
"WS",1,2,"score_diff",844,"21-09-2018","Yulia Yosephin Susanto","Fitriani Fitriani",0,0.76146559777551
"WS",1,2,"score_diff",868,"20-09-2018","Beiwen Zhang","Gregoria Mariska Tunjung",0,0.452007256584566
"WS",1,2,"score_diff",871,"20-09-2018","Aya Ohori","Akane Yamaguchi",0,0.489277345183782
"WS",1,2,"score_diff",873,"21-09-2018","Fangjie Gao","Carolina Marin",0,0.217229649547662
"WS",1,2,"score_diff",874,"21-09-2018","Yufei Chen","V. Sindhu Pusarla",0,0.769631691736282
"WS",1,2,"score_diff",879,"25-09-2018","Xuerui Li","Mugdha Agrey",1,0.946439500966855
"WS",1,2,"score_diff",888,"26-09-2018","Evgeniya Kosetskaya","Line Højmark Kjaersfeldt",0,0.26168828509003
"WS",1,2,"score_diff",896,"26-09-2018","Vaishnavi Reddy Jakka","Beiwen Zhang",0,0.0945264277144443
"WS",1,2,"score_diff",897,"26-09-2018","Michelle Li","Kirsty Gilmour",0,0.598554776577444
"WS",1,2,"score_diff",911,"29-09-2018","Ji Hyun Sung","Beiwen Zhang",0,0.427624919416018
"WS",1,2,"score_diff",913,"30-09-2018","Nozomi Okuhara","Beiwen Zhang",0,0.8454270290773
"WS",1,2,"score_diff",914,"02-10-2018","Ka Yan Fan","Yu Ying Hsieh",1,0.525940601496316
"WS",1,2,"score_diff",926,"03-10-2018","Lauren Lam","Crystal Pan",1,0.239199285847159
"WS",1,2,"score_diff",950,"09-10-2018","Riya Mookerjee","Daniella Gonda",1,0.634188263291327
"WS",1,2,"score_diff",956,"10-10-2018","Michelle Skødstrup","Katerina Tomalova",1,0.744162090768632
"WS",1,2,"score_diff",962,"10-10-2018","Kate Foo Kune","Airi Mikkela",1,0.368324864260684
"WS",1,2,"score_diff",965,"10-10-2018","Sabrina Jaquet","Ksenia Polikarpova",1,0.917465159100039
"WS",1,2,"score_diff",971,"11-10-2018","Gayle Mahulette","Xuefei Qi",0,0.154502226724186
"WS",1,2,"score_diff",980,"12-10-2018","Xuefei Qi","Neslihan Yigit",1,0.48610200524684
"WS",1,2,"score_diff",982,"13-10-2018","Xuefei Qi","Aliye Demirbag",1,0.588817506686062
"WS",1,2,"score_diff",983,"14-10-2018","Mia Blichfeldt","Xuefei Qi",1,0.613430333250301
"WS",1,2,"score_diff",994,"17-10-2018","Bingjiao He","Pornpawee Chochuwong",1,0.522450181438467
"WS",1,2,"score_diff",995,"17-10-2018","Yufei Chen","Sayaka Sato",1,0.862824074785639
"WS",1,2,"score_diff",996,"17-10-2018","Yanyan Cai","Linda Zetchiri",1,0.935307651202144
"WS",1,2,"score_diff",997,"17-10-2018","Tzu Ying Tai","Sayaka Takahashi",1,0.771082742531608
"WS",1,2,"score_diff",1000,"18-10-2018","Gregoria Mariska Tunjung","Mia Blichfeldt",1,0.294549230507957
"WS",1,2,"score_diff",1004,"18-10-2018","Ratchanok Intanon","Yanyan Cai",0,0.443151817873172
"WS",1,2,"score_diff",1006,"19-10-2018","Tzu Ying Tai","Yufei Chen",0,0.796222523679617
"WS",1,2,"score_diff",1009,"19-10-2018","Gregoria Mariska Tunjung","Line Højmark Kjaersfeldt",1,0.496890223095149
"WS",1,2,"score_diff",1016,"23-10-2018","Sayaka Sato","Ngan Yi Cheung",1,0.755692888614637
"WS",1,2,"score_diff",1030,"25-10-2018","Ratchanok Intanon","Xiaoxin Chen",1,0.642474492058614
"WS",1,2,"score_diff",1035,"25-10-2018","Ji Hyun Sung","Bingjiao He",0,0.184432914469093
"WS",1,2,"score_diff",1041,"27-10-2018","Tzu Ying Tai","Yufei Chen",1,0.519248162363887
"WS",1,2,"score_diff",1046,"30-10-2018","Ying Mei Cheung","Lauren Lam",1,0.612688535816137
"WS",1,2,"score_diff",1048,"31-10-2018","Michelle Li","Shuo Yun Sung",1,0.645248035342015
"WS",1,2,"score_diff",1049,"31-10-2018","Yulia Yosephin Susanto","Supanida Katethong",1,0.388850587725443
"WS",1,2,"score_diff",1050,"31-10-2018","Pui Yin Yip","Xuerui Li",0,0.135044036343243
"WS",1,2,"score_diff",1052,"31-10-2018","Yu Po Pai","Isabel Zhong",1,0.692719427367781
"WS",1,2,"score_diff",1058,"31-10-2018","Yu Jin Sim","Ga Eun Kim",1,0.795607544587546
"WS",1,2,"score_diff",1062,"31-10-2018","Joy Xuan DENG","Shuting Ji",0,0.74020041484172
"WS",1,2,"score_diff",1065,"01-11-2018","Xuerui Li","Se Yeon Lee",0,0.831420330992319
"WS",1,2,"score_diff",1072,"02-11-2018","Soniia Cheah","Ngan Yi Cheung",0,0.637257124465142
"WS",1,2,"score_diff",1080,"30-10-2018","Maryna Ilyinskaya","Sara Boyle",1,0.524226547217761
"WS",1,2,"score_diff",1083,"31-10-2018","Fangjie Gao","Prashi Joshi",1,0.913028187061737
"WS",1,2,"score_diff",1084,"31-10-2018","Natalia Perminova","Julie Dawall Jakobsen",0,0.22508643760335
"WS",1,2,"score_diff",1085,"31-10-2018","Fitriani Fitriani","Ya Lan Chang",1,0.787548172745124
"WS",1,2,"score_diff",1086,"31-10-2018","Martina Repiska","Ayla Huser",1,0.617463840510077
"WS",1,2,"score_diff",1087,"31-10-2018","Yanyan Cai","Jia Min Yeo",1,0.741607333345313
"WS",1,2,"score_diff",1088,"31-10-2018","Fabienne Deprez","Yukino Nakai",0,0.0789577144419304
"WS",1,2,"score_diff",1094,"31-10-2018","Maryna Ilyinskaya","Xiaoxin Chen",0,0.180385945031059
"WS",1,2,"score_diff",1098,"31-10-2018","Theresa Isenberg","Anastasiia Semenova",0,0.375648500202425
"WS",1,2,"score_diff",1110,"02-11-2018","Line Højmark Kjaersfeldt","Saili Rane",1,0.842602177610764
"WS",1,2,"score_diff",1112,"03-11-2018","Fangjie Gao","Yanyan Cai",1,0.337654020116637
"WS",1,2,"score_diff",1115,"06-11-2018","Nozomi Okuhara","Rachel Honderich",1,0.770018038862115
"WS",1,2,"score_diff",1117,"06-11-2018","V. Sindhu Pusarla","Evgeniya Kosetskaya",1,0.920765116051007
"WS",1,2,"score_diff",1127,"07-11-2018","Lyanny Alessandra Mainaky","Ratchanok Intanon",0,0.0973671824694524
"WS",1,2,"score_diff",1134,"08-11-2018","Yue Han","Ratchanok Intanon",0,0.413121114295245
"WS",1,2,"score_diff",1135,"08-11-2018","Pornpawee Chochuwong","Yufei Chen",0,0.243379007604708
"WS",1,2,"score_diff",1145,"13-11-2018","Chia Hsin Lee","Ruselli Hartawan",0,0.080924038315818
"WS",1,2,"score_diff",1150,"14-11-2018","Nitchaon Jindapol","V. Sindhu Pusarla",1,0.2250881273249
"WS",1,2,"score_diff",1164,"14-11-2018","Joy Xuan DENG","Yue Han",1,0.423169600271726
"WS",1,2,"score_diff",1166,"15-11-2018","Tzu Ying Tai","Ngan Yi Cheung",1,0.780541862168617
"WS",1,2,"score_diff",1169,"15-11-2018","Yanyan Cai","Bingjiao He",0,0.27180523852081
"WS",1,2,"score_diff",1173,"16-11-2018","Ratchanok Intanon","Akane Yamaguchi",1,0.72206406242453
"WS",1,2,"score_diff",1194,"21-11-2018","Ritika Thaker","Riya Mookerjee",0,0.435972524933017
"WS",1,2,"score_diff",1196,"21-11-2018","Natalia Perminova","Rituparna Das",1,0.326923152327294
"WS",1,2,"score_diff",1200,"22-11-2018","Xuerui Li","Pardeshi Shreyanshi",1,0.808192388147972
"WS",1,2,"score_diff",1201,"22-11-2018","Yue Han","Tanishq Mamilla Palli",1,0.891158914022395
"WS",1,2,"score_diff",1208,"23-11-2018","Rituparna Das","Saina Nehwal",0,0.353835550585371
"WS",1,2,"score_diff",1218,"21-11-2018","Abigail Holden","Rachael Darragh",1,0.793308539052651
"WS",1,2,"score_diff",1219,"21-11-2018","Daniella Gonda","Helina Rüütel",0,0.598243597186168
"WS",1,2,"score_diff",1229,"22-11-2018","Sonia Goncalves","Michelle Skødstrup",0,0.299775229924669
"WS",1,2,"score_diff",1238,"22-11-2018","Martina Repiska","Agnes Korosi",0,0.497371865955299
"WS",1,2,"score_diff",1241,"22-11-2018","Mariya Mitsova","Kristin Kuuba",0,0.521123618114431
"WS",1,2,"score_diff",1248,"23-11-2018","Airi Mikkela","Jia Min Yeo",0,0.201024189379193
"WS",1,2,"score_diff",1251,"23-11-2018","Kristin Kuuba","Line Højmark Kjaersfeldt",0,0.225366843772207
"WS",1,2,"score_diff",1256,"25-11-2018","Kirsty Gilmour","Line Højmark Kjaersfeldt",0,0.476706331313323
"WS",1,2,"score_diff",1281,"29-11-2018","Busanan Ongbamrungphan","Fitriani Fitriani",1,0.483140441560842
"WS",1,2,"score_diff",1296,"13-12-2018","Tzu Ying TAI","V. Sindhu PUSARLA",0,0.658520531415802
"WS",1,2,"score_diff",1301,"14-12-2018","V. Sindhu PUSARLA","Beiwen ZHANG",1,0.803414891534705
"WS",1,2,"score_diff",1302,"14-12-2018","Ratchanok INTANON","Michelle LI",1,0.57264244884314
"WS",1,2,"score_diff",1304,"15-12-2018","Akane YAMAGUCHI","Nozomi OKUHARA",0,0.749840698021708
"WS",1,2,"score_diff",1307,"08-01-2019","Shuting Ji","Muralitharan Thinaah",0,0.792242761459063
"WS",1,2,"score_diff",1309,"08-01-2019","Disha Gupta","Yin Fun Lim",0,0.214364239247616
"WS",1,2,"score_diff",1314,"09-01-2019","Sabrina Jaquet","Ayumi Mine",0,0.481144989703572
"WS",1,2,"score_diff",1323,"09-01-2019","Lianne Tan","Lyanny Alessandra Mainaky",1,0.783152550296417
"WS",1,2,"score_diff",1327,"10-01-2019","Jia Min Yeo","Yvonne Li",1,0.933352959886921
"WS",1,2,"score_diff",1332,"10-01-2019","Saena Kawakami","Yanyan Cai",1,0.401244294456328
"WS",1,2,"score_diff",1334,"10-01-2019","Yulia Yosephin Susanto","Porntip Buranaprasertsuk",0,0.559812683479396
"WS",1,2,"score_diff",1335,"11-01-2019","Busanan Ongbamrungphan","Saena Kawakami",0,0.687046114009197
"WS",1,2,"score_diff",1336,"11-01-2019","Fitriani Fitriani","Jia Min Yeo",1,0.340441233701401
"WS",1,2,"score_diff",1347,"16-01-2019","Line Højmark Kjaersfeldt","Lyanny Alessandra Mainaky",1,0.93874640647392
"WS",1,2,"score_diff",1350,"16-01-2019","Sayaka Takahashi","Nozomi Okuhara",0,0.155234997691384
"WS",1,2,"score_diff",1351,"16-01-2019","Joy Xuan DENG","Saina Nehwal",0,0.548940218394963
"WS",1,2,"score_diff",1352,"16-01-2019","Aya Ohori","Ga Eun Kim",1,0.454643945228343
"WS",1,2,"score_diff",1357,"16-01-2019","Michelle Li","Ji Hyun Sung",0,0.434307458576204
"WS",1,2,"score_diff",1362,"17-01-2019","Tzu Ying Tai","Line Højmark Kjaersfeldt",1,0.751833059591935
"WS",1,2,"score_diff",1370,"18-01-2019","Tzu Ying Tai","Ratchanok Intanon",0,0.504049941261059
"WS",1,2,"score_diff",1374,"19-01-2019","Carolina Marin","Saina Nehwal",1,0.670838706229061
"WS",1,2,"score_diff",1380,"22-01-2019","Yulia Yosephin Susanto","Lianne Tan",1,0.485516610100941
"WS",1,2,"score_diff",1383,"23-01-2019","Fitriani Fitriani","Line Højmark Kjaersfeldt",1,0.661884145389823
"WS",1,2,"score_diff",1388,"23-01-2019","Akane Yamaguchi","Yue Han",0,0.586221610726204
"WS",1,2,"score_diff",1395,"23-01-2019","Yulia Yosephin Susanto","Yufei Chen",0,0.290636654534196
"WS",1,2,"score_diff",1403,"24-01-2019","Sayaka Takahashi","Yufei Chen",0,0.142083172160707
"WS",1,2,"score_diff",1413,"19-02-2019","Liana Lencevica","Kate Foo Kune",0,0.227239954510892
"WS",1,2,"score_diff",1416,"20-02-2019","Ruselli Hartawan","Brittney Tam",1,0.660259424414352
"WS",1,2,"score_diff",1418,"20-02-2019","Mugdha Agrey","Soraya De Visch Eijbergen",1,0.462146054220154
"WS",1,2,"score_diff",1426,"20-02-2019","Su Yu Chen","Yvonne Li",0,0.504881813998224
"WS",1,2,"score_diff",1427,"20-02-2019","Sabrina Jaquet","Mia Blichfeldt",0,0.139244190234707
"WS",1,2,"score_diff",1432,"21-02-2019","Mugdha Agrey","Natalie Chi",0,0.590347828918204
"WS",1,2,"score_diff",1434,"21-02-2019","Line Højmark Kjaersfeldt","Ying Li Chiang",1,0.870571323440424
"WS",1,2,"score_diff",1441,"22-02-2019","Joy Xuan DENG","Yanyan Cai",1,0.464454598213031
"WS",1,2,"score_diff",1445,"23-02-2019","Yanyan Cai","Mia Blichfeldt",1,0.428135925003353
"WS",1,2,"score_diff",1446,"24-02-2019","Line Højmark Kjaersfeldt","Mia Blichfeldt",0,0.370192966467198
"WS",1,2,"score_diff",1450,"26-02-2019","Julie Dawall Jakobsen","Neslihan Yigit",0,0.687436342270128
"WS",1,2,"score_diff",1453,"27-02-2019","Michelle Li","Aya Ohori",0,0.586882797092006
"WS",1,2,"score_diff",1457,"27-02-2019","Ga Eun Kim","Yue Han",1,0.365799114159212
"WS",1,2,"score_diff",1461,"27-02-2019","Hyo Min Kim","Nitchaon Jindapol",0,0.561841219510855
"WS",1,2,"score_diff",1463,"27-02-2019","Yvonne Li","Lyanny Alessandra Mainaky",1,0.814674053653534
"WS",1,2,"score_diff",1465,"27-02-2019","Joy Xuan Deng","Mia Blichfeldt",0,0.519701352551868
"WS",1,2,"score_diff",1466,"27-02-2019","Xuerui Li","Akane Yamaguchi",0,0.233730040775194
"WS",1,2,"score_diff",1467,"28-02-2019","Jin Wei Goh","Ga Eun Kim",1,0.28791999676344
"WS",1,2,"score_diff",1471,"28-02-2019","Ratchanok Intanon","Nitchaon Jindapol",1,0.918460230642492
"WS",1,2,"score_diff",1472,"28-02-2019","Nozomi Okuhara","Mia Blichfeldt",0,0.757800773146419
"WS",1,2,"score_diff",1478,"01-03-2019","Nozomi Okuhara","Aya Ohori",1,0.937770884896521
"WS",1,2,"score_diff",1486,"06-03-2019","Saina Nehwal","Kirsty Gilmour",1,0.799621255639671
"WS",1,2,"score_diff",1495,"06-03-2019","Mia Blichfeldt","Pui Yin Yip",1,0.759782216502461
"WS",1,2,"score_diff",1502,"07-03-2019","Aya Ohori","Yufei Chen",1,0.0540277686780279
"WS",1,2,"score_diff",1503,"07-03-2019","Bingjiao He","Pornpawee Chochuwong",1,0.508722855709968
"WS",1,2,"score_diff",1506,"08-03-2019","Tzu Ying Tai","Saina Nehwal",1,0.746652189235577
"WS",1,2,"score_diff",1508,"08-03-2019","Xuerui Li","Nozomi Okuhara",0,0.331418709022954
"WS",1,2,"score_diff",1512,"10-03-2019","Tzu Ying Tai","Yufei Chen",0,0.40560132979281
"WS",1,2,"score_diff",1516,"12-03-2019","Xuezhou Lyu","Luoyu Wu",0,0.641137120598675
"WS",1,2,"score_diff",1518,"12-03-2019","Rena Ozeki","Tomoka Sagawa",0,0.437647478155837
"WS",1,2,"score_diff",1520,"12-03-2019","Jhih Yun Lin","Shuya Zheng",0,0.223253113584239
"WS",1,2,"score_diff",1526,"13-03-2019","Zhiyi Wang","Ga Eun Kim",0,0.303555109935222
"WS",1,2,"score_diff",1529,"13-03-2019","Siqi Wang","Sai Uttejitha Rao Chukka",1,0.506509975868731
"WS",1,2,"score_diff",1543,"14-03-2019","Hsiang Ti Lin","Shuting Ji",0,0.544455772779759
"WS",1,2,"score_diff",1547,"14-03-2019","Ting Yu Liang","Ga Eun Kim",0,0.285590798070039
"WS",1,2,"score_diff",1550,"15-03-2019","Phittayaporn Chaiwan","Ga Eun Kim",0,0.345409104402399
"WS",1,2,"score_diff",1557,"12-03-2019","Katerina Tomalova","Jenjira Stadelmann",0,0.31825189585866
"WS",1,2,"score_diff",1558,"12-03-2019","Laura Sarosi","Riya Mookerjee",0,0.3745124347962
"WS",1,2,"score_diff",1559,"12-03-2019","Clara Azurmendi","Ayla Huser",1,0.796364053186506
"WS",1,2,"score_diff",1570,"13-03-2019","Michelle Li","Vrushali Gummadi",1,0.806029746181068
"WS",1,2,"score_diff",1578,"14-03-2019","Ji Hyun Sung","Brittney Tam",1,0.837334056046017
"WS",1,2,"score_diff",1589,"16-03-2019","Saena Kawakami","Beiwen Zhang",1,0.409433455398594
"WS",1,2,"score_diff",1590,"17-03-2019","Yufei Chen","Saena Kawakami",1,0.943936620562871
"WS",1,2,"score_diff",1605,"20-03-2019","Sabrina Jaquet","Vaidehi Choudhari",1,0.676544158737745
"WS",1,2,"score_diff",1611,"20-03-2019","Kate Foo Kune","Choirunnisa Choirunnisa",0,0.246718053144924
"WS",1,2,"score_diff",1616,"20-03-2019","Shuo Yun Sung","Chloe Birch",1,0.731947494700202
"WS",1,2,"score_diff",1617,"20-03-2019","Isabel Zhong","Saena Kawakami",0,0.0514071482131106
"WS",1,2,"score_diff",1620,"21-03-2019","Sabrina Jaquet","Mugdha Agrey",1,0.795818803782012
"WS",1,2,"score_diff",1622,"21-03-2019","Neslihan Yigit","Choirunnisa Choirunnisa",1,0.688131036693736
"WS",1,2,"score_diff",1636,"27-03-2019","Vrushali Gummadi","Chananchida Jucharoen",0,0.5677276374103
"WS",1,2,"score_diff",1637,"27-03-2019","Yue Han","Vaidehi Choudhari",1,0.901004246179895
"WS",1,2,"score_diff",1642,"27-03-2019","Nitchaon Jindapol","Xuerui Li",0,0.220859964414812
"WS",1,2,"score_diff",1644,"27-03-2019","Pui Yin Yip","Busanan Ongbamrungphan",0,0.147548542810125
"WS",1,2,"score_diff",1648,"27-03-2019","Isabel Zhong","Disha Gupta",0,0.517124472846471
"WS",1,2,"score_diff",1652,"28-03-2019","Disha Gupta","Ngan Yi Cheung",0,0.0699295009606865
"WS",1,2,"score_diff",1655,"28-03-2019","Xuerui Li","Bingjiao He",0,0.360475542445708
"WS",1,2,"score_diff",1656,"28-03-2019","Brittney Tam","Beiwen Zhang",0,0.0560788488376336
"WS",1,2,"score_diff",1671,"02-04-2019","Xuerui Li","Yanyan Cai",1,0.890943442712779
"WS",1,2,"score_diff",1679,"03-04-2019","Ji Hyun Sung","Fitriani Fitriani",1,0.684043390587277
"WS",1,2,"score_diff",1681,"03-04-2019","Evgeniya Kosetskaya","Kirsty Gilmour",0,0.197862301471237
"WS",1,2,"score_diff",1682,"03-04-2019","Ratchanok Intanon","Gregoria Mariska Tunjung",1,0.89686131785275
"WS",1,2,"score_diff",1703,"10-04-2019","Lyanny Alessandra Mainaky","V. Sindhu Pusarla",0,0.0499815909446161
"WS",1,2,"score_diff",1706,"10-04-2019","Ratchanok Intanon","Fitriani Fitriani",1,0.843133992388161
"WS",1,2,"score_diff",1707,"10-04-2019","Busanan Ongbamrungphan","Kirsty Gilmour",1,0.748454284793716
"WS",1,2,"score_diff",1712,"10-04-2019","Akane Yamaguchi","Aya Ohori",1,0.796705345691895
"WS",1,2,"score_diff",1713,"10-04-2019","Mugdha Agrey","Pornpawee Chochuwong",0,0.0542554735339646
"WS",1,2,"score_diff",1720,"11-04-2019","Busanan Ongbamrungphan","Nozomi Okuhara",0,0.368997484270918
"WS",1,2,"score_diff",1721,"11-04-2019","Pornpawee Chochuwong","Saina Nehwal",1,0.309707304999004
"WS",1,2,"score_diff",1723,"11-04-2019","Akane Yamaguchi","Hui Zhen Grace Chua",1,0.973371644160975
"WS",1,2,"score_diff",1728,"12-04-2019","Yanyan Cai","V. Sindhu Pusarla",1,0.240739615601014
"WS",1,2,"score_diff",1729,"12-04-2019","Tzu Ying Tai","Ji Hyun Sung",0,0.94181964264842
"WS",1,2,"score_diff",1732,"14-04-2019","Tzu Ying Tai","Nozomi Okuhara",1,0.656952022366638
"WS",1,2,"score_diff",1738,"01-05-2019","Gregoria Mariska Tunjung","Yiman Zhang",1,0.673061661619155
"WS",1,2,"score_diff",1745,"01-05-2019","Fitriani Fitriani","Louisa Ma",1,0.843956798628649
"WS",1,2,"score_diff",1747,"01-05-2019","Shuting Ji","Ying Li Chiang",1,0.615452707644339
"WS",1,2,"score_diff",1754,"02-05-2019","Jinjing Qin","Se Young An",0,0.305851931702648
"WS",1,2,"score_diff",1760,"02-05-2019","Fitriani Fitriani","Aya Ohori",0,0.342777130228913
"WS",1,2,"score_diff",1768,"04-06-2019","Hyo Min Kim","Ting Yu Liang",1,0.729372393378576
"WS",1,2,"score_diff",1775,"05-06-2019","Ratchanok Intanon","Joy Xuan DENG",1,0.915088209075387
"WS",1,2,"score_diff",1781,"05-06-2019","Ngan Yi Cheung","Yulia Yosephin Susanto",1,0.799779449793281
"WS",1,2,"score_diff",1787,"05-06-2019","Saena Kawakami","Yufei Chen",0,0.124442993531317
"WS",1,2,"score_diff",1790,"06-06-2019","Busanan Ongbamrungphan","Xuerui Li",1,0.348520575456466
"WS",1,2,"score_diff",1821,"03-07-2019","Mariana Ugalde","Yi Man Zhang",0,0.203945516579993
"WS",1,2,"score_diff",1825,"03-07-2019","Se Young An","Wen Chi Hsu",1,0.815546483309151
"WS",1,2,"score_diff",1834,"04-07-2019","Su Yu Chen","Hyo Min Kim",0,0.149712785172835
"WS",1,2,"score_diff",1836,"05-07-2019","Hyo Min Kim","Ayumi Mine",1,0.402947073553188
"WS",1,2,"score_diff",1837,"05-07-2019","Fabienne Deprez","Porntip Buranaprasertsuk",1,0.594373236617145
"WS",1,2,"score_diff",1841,"07-07-2019","Se Young An","Zhi Yi Wang",1,0.760685059213931
"WS",1,2,"score_diff",1843,"09-07-2019","Zhi Yi Wang","Nairoby Abigail Jimenez",1,0.870430846979335
"WS",1,2,"score_diff",1847,"10-07-2019","Yi-Ting Hung","Kristin Kuuba",1,0.606544837906424
"WS",1,2,"score_diff",1848,"10-07-2019","Jordan Hart","Porntip Buranaprasertsuk",0,0.177946217389248
"WS",1,2,"score_diff",1852,"10-07-2019","Yu Jin Sim","Yi Man Zhang",1,0.736091615547299
"WS",1,2,"score_diff",1854,"10-07-2019","Michelle Li","Jennie Gai",1,0.937696987075655
"WS",1,2,"score_diff",1861,"10-07-2019","Fabienne Deprez","Clara Azurmendi",0,0.789962587538155
"WS",1,2,"score_diff",1862,"11-07-2019","Hsiang Ti Lin","Porntip Buranaprasertsuk",1,0.749585447091169
"WS",1,2,"score_diff",1868,"11-07-2019","Zhi Yi Wang","Saena Kawakami",1,0.584305725962214
"WS",1,2,"score_diff",1869,"11-07-2019","Se Young An","Yi-Ting Hung",1,0.915326847973017
"WS",1,2,"score_diff",1871,"12-07-2019","Hsiang Ti Lin","Zhi Yi Wang",0,0.267815916920562
"WS",1,2,"score_diff",1883,"16-07-2019","Line Højmark Kjaersfeldt","Ngan Yi Cheung",0,0.701584855142273
"WS",1,2,"score_diff",1885,"17-07-2019","Fitriani Fitriani","Yu Fei Chen",0,0.200078608066513
"WS",1,2,"score_diff",1888,"17-07-2019","Mia Blichfeldt","Pui Yin Yip",1,0.663560443600347
"WS",1,2,"score_diff",1890,"17-07-2019","Joy Xuan DENG","Nozomi Okuhara",0,0.0645092055390899
"WS",1,2,"score_diff",1892,"17-07-2019","Beiwen Zhang","Lyanny Alessandra Mainaky",1,0.584639683367795
"WS",1,2,"score_diff",1909,"17-07-2019","Kirsty Gilmour","Maria Ulitina",1,0.840864893759948
"WS",1,2,"score_diff",1912,"17-07-2019","Elizaveta Pyatina","Laura Sarosi",0,0.308457519798959
"WS",1,2,"score_diff",1920,"17-07-2019","Choirunnisa Choirunnisa","Yu Po Pai",1,0.481563162224159
"WS",1,2,"score_diff",1925,"18-07-2019","Mariya Mitsova","Natsumi Shimoda",0,0.624778485321733
"WS",1,2,"score_diff",1926,"18-07-2019","Iris Wang","Natalia Perminova",1,0.862072863807102
"WS",1,2,"score_diff",1934,"19-07-2019","Moto Hayashi","Sabrina Jaquet",1,0.493579881235832
"WS",1,2,"score_diff",1944,"23-07-2019","Gregoria Mariska Tunjung","Line Højmark Kjaersfeldt",1,0.614120019966787
"WS",1,2,"score_diff",1954,"25-07-2019","Aya Ohori","V. Sindhu Pusarla",0,0.506307081905876
"WS",1,2,"score_diff",1955,"25-07-2019","Nozomi Okuhara","Mia Blichfeldt",1,0.883914226757426
"WS",1,2,"score_diff",1957,"25-07-2019","Xiao Xin Chen","Akane Yamaguchi",0,0.0536916854858853
"WS",1,2,"score_diff",1964,"26-07-2019","Tzu Ying Tai","Michelle Li",1,0.760635473798235
"WS",1,2,"score_diff",1965,"26-07-2019","Busanan Ongbamrungphan","Yu Fei Chen",1,0.566548172967753
"WS",1,2,"score_diff",1967,"27-07-2019","Akane Yamaguchi","Yu Fei Chen",1,0.863953139382371
"WS",1,2,"score_diff",1968,"28-07-2019","Nozomi Okuhara","Akane Yamaguchi",0,0.181659259611291
"WS",1,2,"score_diff",1977,"31-07-2019","Bing Jiao He","Xue Rui Li",1,0.608480517672561
"WS",1,2,"score_diff",1982,"31-07-2019","Sayaka Takahashi","Ruselli Hartawan",1,0.835068991287989
"WS",1,2,"score_diff",1983,"31-07-2019","Nitchaon Jindapol","Busanan Ongbamrungphan",1,0.306112898340836
"WS",1,2,"score_diff",1984,"31-07-2019","Yvonne Li","Ratchanok Intanon",0,0.0730075096580898
"WS",1,2,"score_diff",1987,"31-07-2019","Pornpawee Chochuwong","Aya Ohori",1,0.699157770528863
"WS",1,2,"score_diff",1996,"01-08-2019","Pornpawee Chochuwong","Ji Hyun Sung",1,0.548056302884525
"WS",1,2,"score_diff",1998,"02-08-2019","Ratchanok Intanon","Xiao Xin Chen",1,0.884550304506536
"WS",1,2,"score_diff",1999,"02-08-2019","Pornpawee Chochuwong","Ngan Yi Cheung",0,0.729006412434699
"WS",1,2,"score_diff",2000,"02-08-2019","Fitriani Fitriani","Sayaka Takahashi",1,0.328822159949714
"WS",1,2,"score_diff",2021,"07-08-2019","Disha Gupta","Sai Uttejitha Rao Chukka",1,0.286338714562667
"WS",1,2,"score_diff",2024,"07-08-2019","Brittney Tam","Chananchida Jucharoen",0,0.516862877646377
"WS",1,2,"score_diff",2027,"07-08-2019","Nuntakarn Aimsaard","Se Young An",0,0.0827151810604805
"WS",1,2,"score_diff",2030,"07-08-2019","Yu Po Pai","Jennie Gai",1,0.782000313553
"WS",1,2,"score_diff",2038,"08-08-2019","Sai Uttejitha Rao Chukka","Benyapa Aimsaard",1,0.159707218329127
"WS",1,2,"score_diff",2044,"10-08-2019","Jia Min Yeo","Phittayaporn Chaiwan",0,0.788281797903943
"WS",1,2,"score_diff",2045,"10-08-2019","Porntip Buranaprasertsuk","Se Young An",0,0.136225456613578
"WS",1,2,"score_diff",2047,"13-08-2019","Kana Furukawa","Nanami Akechi",1,0.6280652581093
"WS",1,2,"score_diff",2055,"14-08-2019","Moto Hayashi","Iris Wang",1,0.317714027012919
"WS",1,2,"score_diff",2056,"14-08-2019","Minatsu Mitani","Natsuki Nidaira",0,0.633431207109292
"WS",1,2,"score_diff",2065,"15-08-2019","Se Young An","Natsuki Oie",1,0.458772563028197
"WS",1,2,"score_diff",2069,"15-08-2019","Sayaka Sato","Yi Man Zhang",0,0.540706164167558
"WS",1,2,"score_diff",2074,"16-08-2019","Natsuki Nidaira","Natsumi Shimoda",1,0.826014050291117
"WS",1,2,"score_diff",2075,"16-08-2019","Yi Man Zhang","Haruko Suzuki",0,0.68206667298803
"WS",1,2,"score_diff",2087,"04-09-2019","Yu Jin Sim","Sabrina Jaquet",0,0.347898384900123
"WS",1,2,"score_diff",2091,"04-09-2019","Su Yu Chen","Ruselli Hartawan",0,0.364052994170044
"WS",1,2,"score_diff",2095,"04-09-2019","Phittayaporn Chaiwan","Chananchida Jucharoen",1,0.885458599459915
"WS",1,2,"score_diff",2097,"04-09-2019","Joy Xuan DENG","Yu Po Pai",0,0.304594013336448
"WS",1,2,"score_diff",2098,"04-09-2019","Nitchaon Jindapol","Hyo Min Kim",1,0.625224709809992
"WS",1,2,"score_diff",2101,"05-09-2019","Gregoria Mariska Tunjung","Sabrina Jaquet",1,0.865737492570012
"WS",1,2,"score_diff",2113,"08-09-2019","Ji Hyun Sung","Michelle Li",1,0.701006135289468
"WS",1,2,"score_diff",2115,"10-09-2019","Bening Sri Rahayu","Ying Mei Cheung",1,0.703133119228485
"WS",1,2,"score_diff",2118,"10-09-2019","Asuka Takahashi","Lauren Lam",1,0.728464069828392
"WS",1,2,"score_diff",2121,"10-09-2019","Nuntakarn Aimsaard","Ying Chun Lin",0,0.696815698359493
"WS",1,2,"score_diff",2129,"11-09-2019","Shu Ting Ji","Iris Wang",1,0.489423013965058
"WS",1,2,"score_diff",2130,"11-09-2019","Saena Kawakami","Yi-Ting Hung",0,0.482021263922684
"WS",1,2,"score_diff",2145,"12-09-2019","Hyo Min Kim","Asuka Takahashi",0,0.421913750967059
"WS",1,2,"score_diff",2148,"12-09-2019","Yi-Ting Hung","Shuo Yun Sung",0,0.384444940553201
"WS",1,2,"score_diff",2150,"13-09-2019","Yi Man Zhang","Yu Jin Sim",0,0.679969668887005
"WS",1,2,"score_diff",2152,"13-09-2019","Zhi Yi Wang","Supanida Katethong",1,0.761269512021522
"WS",1,2,"score_diff",2157,"17-09-2019","Nozomi Okuhara","Carolina Marin",0,0.407871987544779
"WS",1,2,"score_diff",2158,"17-09-2019","Akane Yamaguchi","Evgeniya Kosetskaya",0,0.956533313372959
"WS",1,2,"score_diff",2185,"21-09-2019","Sayaka Takahashi","Carolina Marin",0,0.35554159862141
"WS",1,2,"score_diff",2187,"22-09-2019","Carolina Marin","Tzu Ying Tai",1,0.202010620418512
"WS",1,2,"score_diff",2191,"24-09-2019","Pui Yin Yip","Jui Jeon",0,0.329329435549555
"WS",1,2,"score_diff",2198,"25-09-2019","Michelle Li","Pornpawee Chochuwong",1,0.597436222070169
"WS",1,2,"score_diff",2213,"26-09-2019","Ji Hyun Sung","Nozomi Okuhara",0,0.225954543140771
"WS",1,2,"score_diff",2219,"27-09-2019","Michelle Li","Nozomi Okuhara",1,0.389067437386392
"WS",1,2,"score_diff",2220,"28-09-2019","Ratchanok Intanon","Tzu Ying Tai",1,0.327895515242017
"WS",1,2,"score_diff",2224,"01-10-2019","Alifia Intan Nurrohkhim","Silvi Wulandari",1,0.833059622756012
"WS",1,2,"score_diff",2225,"01-10-2019","Samin Abedkhojasteh","Dharshinie Vasigaran",0,0.757459686017498
"WS",1,2,"score_diff",2226,"01-10-2019","Pin-Chian Chiu","Desima Aqmar Syarafina",1,0.353857798789022
"WS",1,2,"score_diff",2237,"02-10-2019","Disha Gupta","Yulia Yosephin Susanto",0,0.132497034378955
"WS",1,2,"score_diff",2238,"02-10-2019","Shiori Saito","Hui Zhen Grace Chua",1,0.81117116161923
"WS",1,2,"score_diff",2245,"02-10-2019","Crystal Pan","Lyanny Alessandra Mainaky",1,0.714190867218136
"WS",1,2,"score_diff",2251,"03-10-2019","Shu Ting Ji","Shu Ya Zheng",1,0.550645971033381
"WS",1,2,"score_diff",2257,"03-10-2019","Ya Xin Wei","Ruselli Hartawan",0,0.344360764559153
"WS",1,2,"score_diff",2261,"04-10-2019","Zhi Yi Wang","Hsiang Ti Lin",1,0.872016647521947
"WS",1,2,"score_diff",2269,"09-10-2019","Ya Xin Wei","Zhi Yi Wang",0,0.102587542995044
"WS",1,2,"score_diff",2274,"09-10-2019","Marie Batomene","Kirsty Gilmour",1,0.498584632999141
"WS",1,2,"score_diff",2275,"09-10-2019","Linda Zetchiri","Yvonne Li",0,0.205452732488803
"WS",1,2,"score_diff",2280,"09-10-2019","Lianne Tan","Xuefei Qi",0,0.302551255407456
"WS",1,2,"score_diff",2292,"10-10-2019","Ksenia Polikarpova","Evgeniya Kosetskaya",0,0.17578318968131
"WS",1,2,"score_diff",2299,"13-10-2019","Zhi Yi Wang","Evgeniya Kosetskaya",1,0.875849500053465
"WS",1,2,"score_diff",2302,"15-10-2019","Pornpawee Chochuwong","Carolina Marin",0,0.149881512609241
"WS",1,2,"score_diff",2314,"16-10-2019","Yan Yan Cai","Fitriani Fitriani",1,0.530267793334233
"WS",1,2,"score_diff",2318,"17-10-2019","Aya Ohori","Ratchanok Intanon",0,0.311626027311368
"WS",1,2,"score_diff",2319,"17-10-2019","Ngan Yi Cheung","Carolina Marin",0,0.108615629895545
"WS",1,2,"score_diff",2323,"18-10-2019","Carolina Marin","Se Young An",1,0.668852557384532
"WS",1,2,"score_diff",2330,"22-10-2019","Evgeniya Kosetskaya","Mia Blichfeldt",0,0.526924821973286
"WS",1,2,"score_diff",2334,"22-10-2019","Beiwen Zhang","Ga Eun Kim",0,0.329931111956817
"WS",1,2,"score_diff",2347,"24-10-2019","Line Højmark Kjaersfeldt","Saina Nehwal",0,0.153599261580949
"WS",1,2,"score_diff",2364,"29-10-2019","Isabelle Rusli","Ying Mei Cheung",0,0.217893261910544
"WS",1,2,"score_diff",2365,"30-10-2019","Lyanny Alessandra Mainaky","Busanan Ongbamrungphan",0,0.0675545862555254
"WS",1,2,"score_diff",2367,"30-10-2019","Ting Yu Liang","Yue Han",0,0.347498159831717
"WS",1,2,"score_diff",2372,"30-10-2019","Yan Yan Cai","Sai Uttejitha Rao Chukka",1,0.738341241710515
"WS",1,2,"score_diff",2373,"30-10-2019","Ying Chun Lin","Pui Yin Yip",0,0.541192736492467
"WS",1,2,"score_diff",2374,"30-10-2019","Nitchaon Jindapol","Yu Jin Sim",1,0.753410710337099
"WS",1,2,"score_diff",2377,"30-10-2019","Ga Eun Kim","Meng Zhou",0,0.806671155860493
"WS",1,2,"score_diff",2388,"01-11-2019","Michelle Li","Yan Yan Cai",1,0.910355967245469
"WS",1,2,"score_diff",2391,"01-11-2019","Busanan Ongbamrungphan","Yue Han",0,0.417797988163565
"WS",1,2,"score_diff",2409,"30-10-2019","Shu Ya Zheng","Airi Mikkela",1,0.663047519312632
"WS",1,2,"score_diff",2416,"31-10-2019","Martina Repiska","Yvonne Li",0,0.26909141425766
"WS",1,2,"score_diff",2424,"02-11-2019","Yun Li","Natalia Perminova",1,0.851895619397614
"WS",1,2,"score_diff",2425,"03-11-2019","Yun Li","Line Christophersen",1,0.812076434611446
"WS",1,2,"score_diff",2431,"05-11-2019","V. Sindhu Pusarla","Yu Po Pai",1,0.415797607882732
"WS",1,2,"score_diff",2434,"06-11-2019","Aya Ohori","Yue Han",1,0.277048669115043
"WS",1,2,"score_diff",2439,"06-11-2019","Michelle Li","Ngan Yi Cheung",1,0.87801816252935
"WS",1,2,"score_diff",2442,"07-11-2019","Tzu Ying Tai","Gregoria Mariska Tunjung",1,0.873231656921346
"WS",1,2,"score_diff",2447,"07-11-2019","Bing Jiao He","Se Young An",1,0.560392047789702
"WS",1,2,"score_diff",2450,"08-11-2019","Nozomi Okuhara","Bing Jiao He",1,0.78890157118955
"WS",1,2,"score_diff",2458,"12-11-2019","Lyanny Alessandra Mainaky","Ying Mei Cheung",1,0.102568631223965
"WS",1,2,"score_diff",2460,"12-11-2019","Lauren Lam","Sum Yee Yeung",1,0.403430119130343
"WS",1,2,"score_diff",2475,"13-11-2019","Bing Jiao He","Mia Blichfeldt",1,0.394719160203301
"WS",1,2,"score_diff",2477,"14-11-2019","Ruselli Hartawan","Se Young An",1,0.364378768582801
"WS",1,2,"score_diff",2483,"14-11-2019","Yan Yan Cai","Beiwen Zhang",0,0.187928242929
"WS",1,2,"score_diff",2485,"15-11-2019","Ratchanok Intanon","Nozomi Okuhara",1,0.667047053834283
"WS",1,2,"score_diff",2486,"15-11-2019","Ruselli Hartawan","Beiwen Zhang",0,0.553065341226038
"WS",1,2,"score_diff",2489,"16-11-2019","Beiwen Zhang","Yu Fei Chen",1,0.145637573491609
"WS",1,2,"score_diff",2493,"19-11-2019","Sih Yun Lin","Ga Eun Park",0,0.255216007161196
"WS",1,2,"score_diff",2498,"20-11-2019","Jhih Yun Lin","Se Yeon Lee",0,0.607698755475669
"WS",1,2,"score_diff",2502,"20-11-2019","Se Young An","Aya Ohori",1,0.744014469391577
"WS",1,2,"score_diff",2506,"20-11-2019","Yi Man Zhang","Sayaka Takahashi",1,0.672355329530318
"WS",1,2,"score_diff",2511,"21-11-2019","Akane Yamaguchi","Kirsty Gilmour",1,0.838615978264752
"WS",1,2,"score_diff",2523,"23-11-2019","Akane Yamaguchi","Se Young An",0,0.373985908776109
"WS",1,2,"score_diff",2526,"26-11-2019","Aakarshi Kashyap","Ashmita Chaliha",0,0.460147935231767
"WS",1,2,"score_diff",2539,"27-11-2019","Tanvi Lad","Natalia Perminova",0,0.588408639864285
"WS",1,2,"score_diff",2541,"27-11-2019","Zhi Yi Wang","Hsuan-Yu Wendy Chen",1,0.96140500424202
"WS",1,2,"score_diff",2544,"27-11-2019","Mugdha Agrey","Lianne Tan",1,0.267845684995235
"WS",1,2,"score_diff",2546,"28-11-2019","Yi Man Zhang","Evgeniya Kosetskaya",0,0.606167275728112
"WS",1,2,"score_diff",2552,"28-11-2019","Porntip Buranaprasertsuk","Phittayaporn Chaiwan",0,0.233310092085475
"WS",1,2,"score_diff",2555,"29-11-2019","Carolina Marin","Evgeniya Kosetskaya",1,0.954157942150925
"WS",1,2,"score_diff",2558,"30-11-2019","Phittayaporn Chaiwan","Rituparna Das",1,0.594680283552022
"WS",1,2,"score_diff",2559,"30-11-2019","Ga Eun Kim","Carolina Marin",0,0.265046543520949
"WS",1,2,"score_diff",2562,"11-12-2019","Ratchanok Intanon","Busanan Ongbamrungphan",1,0.979960787129743
"WS",1,2,"score_diff",2563,"11-12-2019","Yu Fei Chen","Bing Jiao He",1,0.906465877743915
"WS",1,2,"score_diff",2573,"14-12-2019","Tzu Ying Tai","Nozomi Okuhara",1,0.942594464299152
"WS",1,2,"score_diff",2576,"07-01-2020","Lyanny Alessandra Mainaky","Xuefei Qi",0,0.0582724221861585
"WS",1,2,"score_diff",2581,"08-01-2020","Nozomi Okuhara","Pui Yin Yip",0,0.943490132323942
"WS",1,2,"score_diff",2583,"08-01-2020","Aya Ohori","Busanan Ongbamrungphan",0,0.748789073413063
"WS",1,2,"score_diff",2589,"08-01-2020","Nitchaon Jindapol","Yue Han",1,0.623958618451187
"WS",1,2,"score_diff",2600,"09-01-2020","Tzu Ying Tai","Ji Hyun Sung",0,0.741318506713663
"WS",1,2,"score_diff",2609,"11-01-2020","Carolina Marin","Yu Fei Chen",0,0.234805083702058
"WS",1,2,"score_diff",2612,"14-01-2020","Porntip Buranaprasertsuk","Yvonne Li",1,0.573619294525971
"WS",1,2,"score_diff",2625,"15-01-2020","Ruselli Hartawan","Michelle Li",0,0.244177170995301
"WS",1,2,"score_diff",2637,"16-01-2020","Busanan Ongbamrungphan","Ratchanok Intanon",0,0.211539159901578
"WS",1,2,"score_diff",2641,"17-01-2020","Beiwen Zhang","Bing Jiao He",0,0.278545385006575
"WS",1,2,"score_diff",2646,"21-01-2020","Sabrina Jaquet","Lianne Tan",0,0.423689029917812
"WS",1,2,"score_diff",2650,"22-01-2020","Evgeniya Kosetskaya","Xuefei Qi",1,0.550192154082335
"WS",1,2,"score_diff",2664,"22-01-2020","Yu Jin Sim","Yu Po Pai",0,0.408783066653248
"WS",1,2,"score_diff",2680,"26-01-2020","Akane Yamaguchi","Se Young An",1,0.641497478583215
"WS",1,2,"score_diff",2685,"19-02-2020","Sabrina Jaquet","Ksenia Polikarpova",1,0.764826294807809
"WS",1,2,"score_diff",2686,"19-02-2020","Evgeniya Kosetskaya","Julie Dawall Jakobsen",1,0.462961628326867
"WS",1,2,"score_diff",2687,"19-02-2020","Yvonne Li","Saina Nehwal",0,0.265920267602916
"WS",1,2,"score_diff",2695,"20-02-2020","Julie Dawall Jakobsen","Busanan Ongbamrungphan",0,0.147480041472354
"WS",1,2,"score_diff",2706,"21-02-2020","Pornpawee Chochuwong","Neslihan Yigit",1,0.726112439301191
"WS",1,2,"score_diff",2710,"11-03-2020","Yu Fei Chen","Se Young An",1,0.532649719000142
"WS",1,2,"score_diff",2712,"11-03-2020","Saina Nehwal","Akane Yamaguchi",0,0.0661855977897421
"WS",1,2,"score_diff",2721,"11-03-2020","Yi Man Zhang","Carolina Marin",0,0.0781295203849553
"WS",1,2,"score_diff",2726,"12-03-2020","Ratchanok Intanon","Aya Ohori",1,0.839306766302408
"WS",1,2,"score_diff",2727,"12-03-2020","Nozomi Okuhara","Line Højmark Kjaersfeldt",1,0.907295972268117
"WS",1,2,"score_diff",2732,"12-03-2020","Pornpawee Chochuwong","Bing Jiao He",1,0.316142482531129
"WS",1,2,"score_diff",2744,"13-10-2020","Léonice Huet","Katerina Tomalova",1,0.808830848778838
"WS",1,2,"score_diff",2754,"14-10-2020","Emilie Hamang","Yaelle Hoyaux",0,0.347929219767908
"WS",1,2,"score_diff",2756,"15-10-2020","Jordan Hart","Nozomi Okuhara",0,0.0188342089479459
"WS",1,2,"score_diff",2766,"16-10-2020","Mia Blichfeldt","Michelle Li",0,0.272736365990887
"WS",1,2,"score_diff",2771,"28-10-2020","Beatriz Corrales","Ann-Kathrin Spöri",1,0.399107970730982
"WS",1,2,"score_diff",2786,"28-10-2020","Tereza Švábíková","Line Højmark Kjaersfeldt",0,0.261501064946825
"WS",1,2,"score_diff",2787,"29-10-2020","Rachael Darragh","Beatriz Corrales",0,0.479401272194983
"WS",1,2,"score_diff",2791,"29-10-2020","Lianne Tan","Sabrina Jaquet",0,0.691003852983107
"WS",1,2,"score_diff",2796,"30-10-2020","Julie Dawall Jakobsen","Line Højmark Kjaersfeldt",0,0.375153129051477
"WS",1,2,"score_diff",2797,"30-10-2020","Carolina Marin","Xuefei Qi",1,0.957078644477968
"WS",1,2,"score_diff",2805,"12-01-2021","Gregoria Mariska Tunjung","Ji Hyun Sung",0,0.572513022767343
"WS",1,2,"score_diff",2810,"13-01-2021","Xuefei Qi","Carolina Marin",0,0.0552537766700302
"WS",1,2,"score_diff",2813,"13-01-2021","Supanida Katethong","Ruselli Hartawan",1,0.632465175219684
"WS",1,2,"score_diff",2815,"13-01-2021","Yvonne Li","Hadia Hosny",1,0.879305938250723
"WS",1,2,"score_diff",2824,"14-01-2021","Supanida Katethong","Evgeniya Kosetskaya",1,0.720087880769225
"WS",1,2,"score_diff",2825,"15-01-2021","Tzu Ying Tai","Michelle Li",1,0.93640044201632
"WS",1,2,"score_diff",2830,"16-01-2021","Tzu Ying Tai","Mia Blichfeldt",1,0.950320008159508
"WS",1,2,"score_diff",2831,"17-01-2021","Tzu Ying Tai","Carolina Marin",0,0.297028872057172
"WS",1,2,"score_diff",2834,"19-01-2021","Michelle Li","Ngan Yi Cheung",0,0.859903153843716
"WS",1,2,"score_diff",2839,"19-01-2021","Iris Wang","Ga Eun Kim",1,0.120498039040375
"WS",1,2,"score_diff",2855,"22-01-2021","Se Young An","Pornpawee Chochuwong",1,0.766831338541412
"WS",1,2,"score_diff",2858,"22-01-2021","Tzu Ying Tai","Michelle Li",1,0.726481940162076
"WS",1,2,"score_diff",2866,"28-01-2021","Carolina Marin","Michelle Li",1,0.855477265817124
"WS",1,2,"score_diff",2882,"03-03-2021","Saina Nehwal","Phittayaporn Chaiwan",1,0.388215545389134
"WS",1,2,"score_diff",2883,"03-03-2021","Xuefei Qi","Ji Hyun Sung",0,0.106579532658788
"WS",1,2,"score_diff",2885,"03-03-2021","Lianne Tan","Line Christophersen",0,0.303018751159676
"WS",1,2,"score_diff",2889,"03-03-2021","Beiwen Zhang","Linda Zetchiri",1,0.928322516451096
"WS",1,2,"score_diff",2890,"03-03-2021","Soraya De Visch Eijbergen","Aliye Demirbag",0,0.365738925807179
"WS",1,2,"score_diff",2896,"04-03-2021","Pornpawee Chochuwong","Line Højmark Kjaersfeldt",1,0.736787211239224
"WS",1,2,"score_diff",2903,"05-03-2021","Busanan Ongbamrungphan","V. Sindhu Pusarla",0,0.379326006249652
"WS",1,2,"score_diff",2906,"06-03-2021","Carolina Marin","Pornpawee Chochuwong",0,0.806789058409211
"WS",1,2,"score_diff",2910,"17-03-2021","Mariya Mitsova","Supanida Katethong",0,0.0895699656318345
"WS",1,2,"score_diff",2916,"17-03-2021","Akane Yamaguchi","Xuefei Qi",1,0.890242568419653
"WS",1,2,"score_diff",2919,"17-03-2021","Selvaduray Kisona","Busanan Ongbamrungphan",0,0.0749691350710322
"WS",1,2,"score_diff",2922,"17-03-2021","Phittayaporn Chaiwan","Lianne Tan",1,0.915704649882229
"WS",1,2,"score_diff",2926,"18-03-2021","Yvonne Li","Mia Blichfeldt",0,0.262285051537793
"WS",1,2,"score_diff",2927,"18-03-2021","Linda Zetchiri","Nozomi Okuhara",0,0.0131614686506426
"WS",1,2,"score_diff",2933,"19-03-2021","Akane Yamaguchi","V. Sindhu Pusarla",0,0.74592666352778
"WS",1,2,"score_diff",2937,"21-03-2021","Pornpawee Chochuwong","Nozomi Okuhara",0,0.156753023637705
"WS",1,2,"score_diff",2938,"23-03-2021","Romane Cloteaux-Foucault","Anna Tatranova",0,0.400395772447076
"WS",1,2,"score_diff",2942,"23-03-2021","Ophelia Casier","Malya Hoareau",1,0.597368922752885
"WS",1,2,"score_diff",2943,"23-03-2021","Marie Cesari","Putri Kusuma Wardani",0,0.148965468052915
"WS",1,2,"score_diff",2945,"24-03-2021","Daniela Macias","Xuefei Qi",0,0.0822263155982537
"WS",1,2,"score_diff",2952,"24-03-2021","Ophelia Casier","Freya Redfearn",1,0.12540654219196
"WS",1,2,"score_diff",2953,"24-03-2021","Laura Sarosi","Mariya Mitsova",0,0.461539006048195
"WS",1,2,"score_diff",2957,"24-03-2021","Lianne Tan","Aliye Demirbag",0,0.365735305269893
"WS",1,2,"score_diff",2958,"24-03-2021","Pornpawee Chochuwong","Irina Amalie Andersen",1,0.945922676492442
"WS",1,2,"score_diff",2967,"25-03-2021","Jin Wei Goh","Aliye Demirbag",1,0.844019504104504
"WS",1,2,"sqrt",3,"09-01-2018","Piramon Chamnaktan","Mattana Hemrachatanun",0,0.183160264774187
"WS",1,2,"sqrt",7,"10-01-2018","Gregoria Mariska Tunjung","Sai Uttejitha Rao Chukka",0,0.830102705500923
"WS",1,2,"sqrt",17,"10-01-2018","Selvaduray Kisona","Ruselli Hartawan",1,0.423397268322213
"WS",1,2,"sqrt",20,"10-01-2018","Ying Ying Lee","Chananchida Jucharoen",1,0.559495929828683
"WS",1,2,"sqrt",22,"11-01-2018","Gregoria Mariska Tunjung","Yulia Yosephin Susanto",1,0.784892700323027
"WS",1,2,"sqrt",23,"11-01-2018","Pui Yin Yip","Natsumi Shimoda",0,0.728272621905284
"WS",1,2,"sqrt",31,"12-01-2018","Nitchaon Jindapol","Gregoria Mariska Tunjung",1,0.779518483688453
"WS",1,2,"sqrt",35,"14-01-2018","Nitchaon Jindapol","Pornpawee Chochuwong",1,0.746619869773583
"WS",1,2,"sqrt",40,"17-01-2018","Yufei Chen","Chia Hsin Lee",1,0.824302911644915
"WS",1,2,"sqrt",44,"17-01-2018","Fitriani Fitriani","Ratchanok Intanon",0,0.336194280800462
"WS",1,2,"sqrt",53,"17-01-2018","Hanna Ramadini","Jin Wei Goh",0,0.354303395266546
"WS",1,2,"sqrt",59,"18-01-2018","Tzu Ying Tai","Michelle Li",1,0.736979427163838
"WS",1,2,"sqrt",66,"19-01-2018","Bingjiao He","Akane Yamaguchi",0,0.3889692217477
"WS",1,2,"sqrt",67,"20-01-2018","Tzu Ying Tai","Carolina Marin",1,0.258718784867027
"WS",1,2,"sqrt",76,"24-01-2018","Ji Hyun Sung","Busanan Ongbamrungphan",1,0.60021980992783
"WS",1,2,"sqrt",78,"24-01-2018","Ngan Yi Cheung","Nozomi Okuhara",0,0.258350103233321
"WS",1,2,"sqrt",90,"25-01-2018","Carolina Marin","Line Højmark Kjaersfeldt",1,0.814357271755208
"WS",1,2,"sqrt",92,"25-01-2018","Bingjiao He","Jang Mi Lee",1,0.446473029621397
"WS",1,2,"sqrt",93,"25-01-2018","Fitriani Fitriani","Ratchanok Intanon",0,0.243169779491098
"WS",1,2,"sqrt",100,"26-01-2018","Saina Nehwal","V. Sindhu Pusarla",1,0.746011543446122
"WS",1,2,"sqrt",109,"31-01-2018","Anura Prabhudesai","Aakarshi Kashyap",0,0.632750562562528
"WS",1,2,"sqrt",114,"31-01-2018","Sofie Holmboe Dahl","Saina Nehwal",0,0.221270092168135
"WS",1,2,"sqrt",116,"31-01-2018","Pui Yin Yip","Rituparna Das",1,0.454746149316024
"WS",1,2,"sqrt",117,"31-01-2018","Mugdha Agrey","Ksenia Polikarpova",1,0.371728503606661
"WS",1,2,"sqrt",119,"31-01-2018","Thamolwan Poopradubsil","Sri Krishna Priya Kudaravalli",0,0.631111394044005
"WS",1,2,"sqrt",122,"31-01-2018","Sabrina Jaquet","Lyanny Alessandra Mainaky",0,0.508833703890862
"WS",1,2,"sqrt",129,"01-02-2018","Pui Yin Yip","Lyanny Alessandra Mainaky",1,0.741124906084644
"WS",1,2,"sqrt",132,"01-02-2018","Thamolwan Poopradubsil","Ngan Yi Cheung",0,0.147247076424217
"WS",1,2,"sqrt",133,"02-02-2018","V. Sindhu Pusarla","Beatriz Corrales",0,0.800085945679417
"WS",1,2,"sqrt",136,"02-02-2018","Ngan Yi Cheung","Carolina Marin",1,0.71907262646695
"WS",1,2,"sqrt",143,"20-02-2018","Isabel Zhong","Monika Radovska",1,0.381415889176937
"WS",1,2,"sqrt",144,"21-02-2018","Luise Heim","Linda Zetchiri",1,0.454091807183621
"WS",1,2,"sqrt",148,"21-02-2018","Mariya Mitsova","Ronja Stern",1,0.604147112045819
"WS",1,2,"sqrt",151,"21-02-2018","Natalia Perminova","Shuo Yun Sung",1,0.4480327450497
"WS",1,2,"sqrt",161,"22-02-2018","Natsuki Nidaira","Mia Blichfeldt",1,0.697153959396796
"WS",1,2,"sqrt",163,"22-02-2018","Sai Uttejitha Rao Chukka","Minatsu Mitani",0,0.190263659346837
"WS",1,2,"sqrt",165,"22-02-2018","Mariya Mitsova","Beatriz Corrales",1,0.370840250905986
"WS",1,2,"sqrt",166,"22-02-2018","Julie Dawall Jakobsen","Linda Zetchiri",0,0.390171909971661
"WS",1,2,"sqrt",172,"24-02-2018","Sayaka Takahashi","Evgeniya Kosetskaya",1,0.855851777600545
"WS",1,2,"sqrt",177,"06-03-2018","Neslihan Yigit","Fabienne Deprez",1,0.680416296704601
"WS",1,2,"sqrt",182,"07-03-2018","Soniia Cheah","Yufei Chen",0,0.316368630205344
"WS",1,2,"sqrt",183,"07-03-2018","Mette Poulsen","Neslihan Yigit",1,0.334902192737906
"WS",1,2,"sqrt",184,"07-03-2018","Brittney Tam","Kirsty Gilmour",0,0.774460769426917
"WS",1,2,"sqrt",192,"07-03-2018","Line Højmark Kjaersfeldt","Yu Po Pai",0,0.532552713121351
"WS",1,2,"sqrt",196,"08-03-2018","Neslihan Yigit","Yufei Chen",0,0.363106934375514
"WS",1,2,"sqrt",200,"08-03-2018","Hyo Min Kim","Ji Hyun Sung",0,0.366789862554104
"WS",1,2,"sqrt",211,"14-03-2018","Fitriani Fitriani","Soniia Cheah",1,0.336160717414439
"WS",1,2,"sqrt",218,"14-03-2018","Jang Mi Lee","Carolina Marin",0,0.254958781504426
"WS",1,2,"sqrt",223,"14-03-2018","Line Højmark Kjaersfeldt","Hyo Min Kim",0,0.317273442575457
"WS",1,2,"sqrt",224,"15-03-2018","Nitchaon Jindapol","V. Sindhu Pusarla",1,0.311677826373641
"WS",1,2,"sqrt",227,"15-03-2018","Yufei Chen","Hyo Min Kim",1,0.712978223038943
"WS",1,2,"sqrt",230,"15-03-2018","Aya Ohori","Jin Wei Goh",1,0.541753025666114
"WS",1,2,"sqrt",232,"16-03-2018","Tzu Ying Tai","Aya Ohori",1,0.867152997487396
"WS",1,2,"sqrt",248,"28-03-2018","Linda Zetchiri","Fabienne Deprez",1,0.493484941394116
"WS",1,2,"sqrt",256,"28-03-2018","Ksenia Polikarpova","Ruselli Hartawan",0,0.528794804163045
"WS",1,2,"sqrt",257,"28-03-2018","Neslihan Yigit","Yin Fun Lim",1,0.287638027834848
"WS",1,2,"sqrt",259,"28-03-2018","Gayle Mahulette","Mia Blichfeldt",0,0.337692370334033
"WS",1,2,"sqrt",265,"29-03-2018","Ruselli Hartawan","Martina Repiska",0,0.659329080022074
"WS",1,2,"sqrt",266,"29-03-2018","Shiori Saito","Yvonne Li",1,0.717181761430912
"WS",1,2,"sqrt",270,"29-03-2018","Natalia Perminova","Luise Heim",0,0.718427063166285
"WS",1,2,"sqrt",276,"31-03-2018","Shiori Saito","Xuefei Qi",0,0.760870877130554
"WS",1,2,"sqrt",286,"11-04-2018","Nianzu Chen","Xuerui Li",0,0.426766348716902
"WS",1,2,"sqrt",288,"11-04-2018","Chi Ya Cheng","Mengyan Fan",1,0.315953923475957
"WS",1,2,"sqrt",290,"11-04-2018","Ying Chun Lin","Yukino Nakai",0,0.43625849106632
"WS",1,2,"sqrt",294,"11-04-2018","Yun Li","Ga Eun Kim",0,0.440116345725354
"WS",1,2,"sqrt",300,"12-04-2018","Xuerui Li","Mengyan Fan",1,0.61366090454716
"WS",1,2,"sqrt",311,"01-05-2018","Yukino Nakai","Ayumi Mine",1,0.320479548746221
"WS",1,2,"sqrt",312,"01-05-2018","Shuting Ji","Isabel Zhong",1,0.751281912846833
"WS",1,2,"sqrt",319,"02-05-2018","Shuting Ji","Disha Gupta",1,0.76240003789832
"WS",1,2,"sqrt",344,"08-05-2018","Zecily Fung","Ga Eun Kim",0,0.20341271892966
"WS",1,2,"sqrt",351,"09-05-2018","Jesica Muljati","Isabel Zhong",1,0.645502922067003
"WS",1,2,"sqrt",356,"09-05-2018","Disha Gupta","Lyanny Alessandra Mainaky",0,0.262921489375786
"WS",1,2,"sqrt",361,"09-05-2018","Georgina Bland","Vaishnavi Reddy Jakka",0,0.634962587731467
"WS",1,2,"sqrt",362,"09-05-2018","Pattarasuda Chaiwan","Yiman Zhang",1,0.44285166745211
"WS",1,2,"sqrt",372,"11-05-2018","Ngan Yi Cheung","Yukino Nakai",1,0.296614180348184
"WS",1,2,"sqrt",381,"12-06-2018","Johanna Magnusson","Crystal Pan",0,0.472245222975499
"WS",1,2,"sqrt",392,"13-06-2018","Ga Eun Kim","Yue Han",0,0.353547423610643
"WS",1,2,"sqrt",395,"13-06-2018","Isabel Zhong","Chloe Birch",0,0.351215100420564
"WS",1,2,"sqrt",396,"13-06-2018","Julie Dawall Jakobsen","Hyo Min Kim",0,0.4339708100581
"WS",1,2,"sqrt",402,"14-06-2018","Xuerui Li","Sayaka Sato",1,0.726378079975238
"WS",1,2,"sqrt",407,"15-06-2018","Aya Ohori","Busanan Ongbamrungphan",1,0.910239167284212
"WS",1,2,"sqrt",410,"15-06-2018","Hyo Min Kim","Xuerui Li",0,0.223032591194365
"WS",1,2,"sqrt",418,"19-06-2018","Eliana Zhang","Ronja Stern",0,0.592922566557621
"WS",1,2,"sqrt",420,"19-06-2018","Sophie Males","Alexandra Mocanu",0,0.2391845811244
"WS",1,2,"sqrt",434,"20-06-2018","Rachel Honderich","Chloe Birch",1,0.448095389154957
"WS",1,2,"sqrt",441,"20-06-2018","Yukino Nakai","Jui Jeon",1,0.516940681376687
"WS",1,2,"sqrt",442,"21-06-2018","Jui Jeon","Brittney Tam",1,0.661113678854723
"WS",1,2,"sqrt",446,"21-06-2018","Yanyan Cai","Yvonne Li",1,0.790654128534858
"WS",1,2,"sqrt",452,"22-06-2018","Fangjie Gao","Yanyan Cai",0,0.406406601737282
"WS",1,2,"sqrt",453,"22-06-2018","Jui Jeon","Sayaka Takahashi",1,0.137754592619249
"WS",1,2,"sqrt",464,"26-06-2018","Nitchaon Jindapol","Evgeniya Kosetskaya",1,0.861196856859898
"WS",1,2,"sqrt",469,"27-06-2018","Carolina Marin","Gregoria Mariska Tunjung",0,0.867501564407577
"WS",1,2,"sqrt",472,"27-06-2018","Lauren Lam","Chia Hsin Lee",0,0.377305231043012
"WS",1,2,"sqrt",473,"28-06-2018","Saina Nehwal","Akane Yamaguchi",0,0.204931731651544
"WS",1,2,"sqrt",475,"28-06-2018","Pornpawee Chochuwong","Nozomi Okuhara",1,0.201901195748397
"WS",1,2,"sqrt",478,"28-06-2018","Carolina Marin","Ngan Yi Cheung",1,0.598869611731044
"WS",1,2,"sqrt",482,"29-06-2018","V. Sindhu Pusarla","Carolina Marin",1,0.633504413419744
"WS",1,2,"sqrt",483,"29-06-2018","Pornpawee Chochuwong","Ratchanok Intanon",0,0.278571555000827
"WS",1,2,"sqrt",486,"30-06-2018","Ratchanok Intanon","Bingjiao He",0,0.376244263939185
"WS",1,2,"sqrt",489,"03-07-2018","Nitchaon Jindapol","Akane Yamaguchi",0,0.234219124044758
"WS",1,2,"sqrt",492,"03-07-2018","Beatriz Corrales","Ji Hyun Sung",0,0.149858647632738
"WS",1,2,"sqrt",500,"04-07-2018","Lyanny Alessandra Mainaky","Kirsty Gilmour",0,0.430301079357509
"WS",1,2,"sqrt",502,"04-07-2018","Line Højmark Kjaersfeldt","Vaishnavi Reddy Jakka",1,0.741926698534352
"WS",1,2,"sqrt",505,"05-07-2018","Saina Nehwal","Yufei Chen",0,0.423164354280236
"WS",1,2,"sqrt",508,"05-07-2018","Bingjiao He","Busanan Ongbamrungphan",1,0.778125747191789
"WS",1,2,"sqrt",511,"05-07-2018","Nozomi Okuhara","Akane Yamaguchi",1,0.132990948968442
"WS",1,2,"sqrt",519,"10-07-2018","Yue Han","Yanyan Cai",1,0.109441262957588
"WS",1,2,"sqrt",525,"11-07-2018","Beiwen Zhang","Ying Li Chiang",1,0.808250574
"WS",1,2,"sqrt",530,"11-07-2018","Michelle Li","Yulia Yosephin Susanto",1,0.751202889375316
"WS",1,2,"sqrt",535,"11-07-2018","Gregoria Mariska Tunjung","Chloe Birch",1,0.78127849930047
"WS",1,2,"sqrt",536,"11-07-2018","Yiman Zhang","Chananchida Jucharoen",0,0.7237289662315
"WS",1,2,"sqrt",543,"12-07-2018","Sayaka Sato","Aya Ohori",0,0.706494806967716
"WS",1,2,"sqrt",553,"15-07-2018","Nozomi Okuhara","V. Sindhu Pusarla",1,0.561337905523512
"WS",1,2,"sqrt",566,"18-07-2018","Jia Min Yeo","Porntip Buranaprasertsuk",1,0.728468972841876
"WS",1,2,"sqrt",572,"18-07-2018","Vaidehi Choudhari","Nitchaon Jindapol",0,0.153972034516085
"WS",1,2,"sqrt",582,"20-07-2018","Su Yu Chen","Nitchaon Jindapol",0,0.46794807840469
"WS",1,2,"sqrt",591,"24-07-2018","Liliia Abibulaeva","Iris Wang",0,0.133432539736676
"WS",1,2,"sqrt",595,"24-07-2018","Ekaterina Riazantceva","Moto Hayashi",0,0.0529852211767155
"WS",1,2,"sqrt",599,"25-07-2018","Kristin Kuuba","Vaidehi Choudhari",1,0.772690043170568
"WS",1,2,"sqrt",615,"26-07-2018","Byeol Lim Lee","Vrushali Gummadi",0,0.292154692562752
"WS",1,2,"sqrt",616,"26-07-2018","Iris Wang","Mugdha Agrey",1,0.892701663012539
"WS",1,2,"sqrt",624,"27-07-2018","Iris Wang","Rituparna Das",1,0.711281512211916
"WS",1,2,"sqrt",629,"24-07-2018","Mengyan Fan","Choirunnisa Choirunnisa",0,0.148587883808412
"WS",1,2,"sqrt",630,"24-07-2018","Mako Urushizaki","Yuhan Wu",1,0.491475344369896
"WS",1,2,"sqrt",632,"25-07-2018","Shuo Yun Sung","Yukino Nakai",0,0.292709888288585
"WS",1,2,"sqrt",634,"25-07-2018","Xirui Hui","Supanida Katethong",0,0.517040999465665
"WS",1,2,"sqrt",637,"25-07-2018","Benyapa Aimsaard","Minatsu Mitani",0,0.16215635386255
"WS",1,2,"sqrt",641,"25-07-2018","Asuka Takahashi","Chananchida Jucharoen",1,0.593208444091479
"WS",1,2,"sqrt",654,"26-07-2018","Bening Sri Rahayu","Hsiang Ti Lin",0,0.546256091806192
"WS",1,2,"sqrt",659,"27-07-2018","Sayaka Takahashi","Yui Hashimoto",1,0.720341433443312
"WS",1,2,"sqrt",668,"07-08-2018","Wan Yi Tang","Pardeshi Shreyanshi",0,0.430523208766396
"WS",1,2,"sqrt",670,"07-08-2018","Supanida Katethong","Natsumi Shimoda",1,0.628543951569948
"WS",1,2,"sqrt",671,"07-08-2018","Rituparna Das","Ting Yu Liang",1,0.689468551355677
"WS",1,2,"sqrt",673,"07-08-2018","Supanida Katethong","Pardeshi Shreyanshi",1,0.278823585809846
"WS",1,2,"sqrt",675,"08-08-2018","Sayaka Takahashi","Thamolwan Poopradubsil",1,0.961273153512057
"WS",1,2,"sqrt",680,"08-08-2018","Thuy Linh Nguyen","Phittayaporn Chaiwan",1,0.428190224308876
"WS",1,2,"sqrt",692,"09-08-2018","Sayaka Takahashi","Yen Mei Ho",1,0.613021941590366
"WS",1,2,"sqrt",695,"09-08-2018","Yin Fun Lim","Minatsu Mitani",0,0.237817990455374
"WS",1,2,"sqrt",696,"09-08-2018","Porntip Buranaprasertsuk","Thi Trang (B) Vu",0,0.71855120608576
"WS",1,2,"sqrt",697,"09-08-2018","Jia Min Yeo","Chananchida Jucharoen",1,0.742605525909179
"WS",1,2,"sqrt",698,"09-08-2018","Asuka Takahashi","Joy Xuan DENG",0,0.510598186401565
"WS",1,2,"sqrt",713,"29-08-2018","Luise Heim","Beatriz Corrales",0,0.351319100010691
"WS",1,2,"sqrt",718,"29-08-2018","Busanan Ongbamrungphan","Kate Foo Kune",1,0.812886774951824
"WS",1,2,"sqrt",720,"29-08-2018","Ayumi Mine","Evgeniya Kosetskaya",1,0.902881775359976
"WS",1,2,"sqrt",725,"30-08-2018","Sara Penalver Pereira","Yvonne Li",1,0.432783663942463
"WS",1,2,"sqrt",728,"30-08-2018","Mia Blichfeldt","Brittney Tam",1,0.784121111204339
"WS",1,2,"sqrt",730,"30-08-2018","Xuefei Qi","Minatsu Mitani",0,0.186399293788492
"WS",1,2,"sqrt",733,"31-08-2018","Yvonne Li","Line Højmark Kjaersfeldt",0,0.566344726098408
"WS",1,2,"sqrt",743,"04-09-2018","Se Young An","Tanishq Mamilla Palli",1,0.621711190214418
"WS",1,2,"sqrt",746,"04-09-2018","Choirunnisa Choirunnisa","Purva Barve",1,0.64339726865397
"WS",1,2,"sqrt",747,"04-09-2018","Neha Pandit","Bening Sri Rahayu",0,0.261206884189824
"WS",1,2,"sqrt",748,"04-09-2018","Simran Singhi","Amolika Singh Sisodiya",1,0.178468014089564
"WS",1,2,"sqrt",752,"05-09-2018","Dinar Dyah Ayustine","Sai Uttejitha Rao Chukka",0,0.894241493469215
"WS",1,2,"sqrt",762,"05-09-2018","Vaidehi Choudhari","Ruselli Hartawan",0,0.236694751881818
"WS",1,2,"sqrt",765,"05-09-2018","Aakarshi Kashyap","Mugdha Agrey",1,0.782946768279791
"WS",1,2,"sqrt",766,"05-09-2018","Ying Mei Cheung","Reshma Karthik",1,0.680625659708834
"WS",1,2,"sqrt",779,"07-09-2018","Ga Eun Kim","Se Young An",0,0.70842528479551
"WS",1,2,"sqrt",784,"11-09-2018","Yu Po Pai","Akane Yamaguchi",0,0.153743731187618
"WS",1,2,"sqrt",789,"11-09-2018","Michelle Li","Yanyan Cai",0,0.164157552644967
"WS",1,2,"sqrt",791,"11-09-2018","Minatsu Mitani","Ratchanok Intanon",0,0.660640105731137
"WS",1,2,"sqrt",795,"11-09-2018","Beiwen Zhang","Xiaoxin Chen",0,0.414104531015844
"WS",1,2,"sqrt",799,"13-09-2018","Tzu Ying Tai","Xiaoxin Chen",0,0.783842750517304
"WS",1,2,"sqrt",800,"13-09-2018","V. Sindhu Pusarla","Fangjie Gao",0,0.506995563509274
"WS",1,2,"sqrt",803,"13-09-2018","Nozomi Okuhara","Sayaka Sato",1,0.903301067039217
"WS",1,2,"sqrt",804,"13-09-2018","Lyanny Alessandra Mainaky","Aya Ohori",0,0.10827823337878
"WS",1,2,"sqrt",810,"14-09-2018","Fangjie Gao","Aya Ohori",0,0.40800736491599
"WS",1,2,"sqrt",815,"18-09-2018","Stephanie Widjaya","Yasnita Enggira Setiawan",1,0.748993097470481
"WS",1,2,"sqrt",822,"19-09-2018","Sri Krishna Priya Kudaravalli","Desima Aqmar Syarafina",1,0.493726924141033
"WS",1,2,"sqrt",826,"19-09-2018","Sum Yee Yeung","Wulan Cahya Utami Sukoputri",1,0.828616721881388
"WS",1,2,"sqrt",833,"20-09-2018","Minatsu Mitani","Crystal Pan",1,0.811542278878367
"WS",1,2,"sqrt",838,"20-09-2018","Ruselli Hartawan","Supanida Katethong",1,0.688703423110278
"WS",1,2,"sqrt",842,"21-09-2018","Minatsu Mitani","Choirunnisa Choirunnisa",0,0.726756086831722
"WS",1,2,"sqrt",844,"21-09-2018","Yulia Yosephin Susanto","Fitriani Fitriani",0,0.762106674907266
"WS",1,2,"sqrt",868,"20-09-2018","Beiwen Zhang","Gregoria Mariska Tunjung",0,0.450023627077793
"WS",1,2,"sqrt",871,"20-09-2018","Aya Ohori","Akane Yamaguchi",0,0.480659181451334
"WS",1,2,"sqrt",873,"21-09-2018","Fangjie Gao","Carolina Marin",0,0.21111489327037
"WS",1,2,"sqrt",874,"21-09-2018","Yufei Chen","V. Sindhu Pusarla",0,0.773957682360906
"WS",1,2,"sqrt",879,"25-09-2018","Xuerui Li","Mugdha Agrey",1,0.947467248155614
"WS",1,2,"sqrt",888,"26-09-2018","Evgeniya Kosetskaya","Line Højmark Kjaersfeldt",0,0.272706093945253
"WS",1,2,"sqrt",896,"26-09-2018","Vaishnavi Reddy Jakka","Beiwen Zhang",0,0.0936997439551367
"WS",1,2,"sqrt",897,"26-09-2018","Michelle Li","Kirsty Gilmour",0,0.598248162559037
"WS",1,2,"sqrt",911,"29-09-2018","Ji Hyun Sung","Beiwen Zhang",0,0.414676705961462
"WS",1,2,"sqrt",913,"30-09-2018","Nozomi Okuhara","Beiwen Zhang",0,0.846865504070189
"WS",1,2,"sqrt",914,"02-10-2018","Ka Yan Fan","Yu Ying Hsieh",1,0.526203945863817
"WS",1,2,"sqrt",926,"03-10-2018","Lauren Lam","Crystal Pan",1,0.237106500079128
"WS",1,2,"sqrt",950,"09-10-2018","Riya Mookerjee","Daniella Gonda",1,0.636909016858105
"WS",1,2,"sqrt",956,"10-10-2018","Michelle Skødstrup","Katerina Tomalova",1,0.748265849512705
"WS",1,2,"sqrt",962,"10-10-2018","Kate Foo Kune","Airi Mikkela",1,0.369580334208189
"WS",1,2,"sqrt",965,"10-10-2018","Sabrina Jaquet","Ksenia Polikarpova",1,0.919633473536154
"WS",1,2,"sqrt",971,"11-10-2018","Gayle Mahulette","Xuefei Qi",0,0.153244775806234
"WS",1,2,"sqrt",980,"12-10-2018","Xuefei Qi","Neslihan Yigit",1,0.493490758435845
"WS",1,2,"sqrt",982,"13-10-2018","Xuefei Qi","Aliye Demirbag",1,0.594640847688448
"WS",1,2,"sqrt",983,"14-10-2018","Mia Blichfeldt","Xuefei Qi",1,0.628507233859584
"WS",1,2,"sqrt",994,"17-10-2018","Bingjiao He","Pornpawee Chochuwong",1,0.529048420904853
"WS",1,2,"sqrt",995,"17-10-2018","Yufei Chen","Sayaka Sato",1,0.857083983409507
"WS",1,2,"sqrt",996,"17-10-2018","Yanyan Cai","Linda Zetchiri",1,0.937419789293773
"WS",1,2,"sqrt",997,"17-10-2018","Tzu Ying Tai","Sayaka Takahashi",1,0.780554401830656
"WS",1,2,"sqrt",1000,"18-10-2018","Gregoria Mariska Tunjung","Mia Blichfeldt",1,0.301864996717781
"WS",1,2,"sqrt",1004,"18-10-2018","Ratchanok Intanon","Yanyan Cai",0,0.434032492799063
"WS",1,2,"sqrt",1006,"19-10-2018","Tzu Ying Tai","Yufei Chen",0,0.7985524570647
"WS",1,2,"sqrt",1009,"19-10-2018","Gregoria Mariska Tunjung","Line Højmark Kjaersfeldt",1,0.504232353533184
"WS",1,2,"sqrt",1016,"23-10-2018","Sayaka Sato","Ngan Yi Cheung",1,0.761619697179123
"WS",1,2,"sqrt",1030,"25-10-2018","Ratchanok Intanon","Xiaoxin Chen",1,0.632789216486654
"WS",1,2,"sqrt",1035,"25-10-2018","Ji Hyun Sung","Bingjiao He",0,0.18820423620513
"WS",1,2,"sqrt",1041,"27-10-2018","Tzu Ying Tai","Yufei Chen",1,0.507013585198774
"WS",1,2,"sqrt",1046,"30-10-2018","Ying Mei Cheung","Lauren Lam",1,0.61580676241193
"WS",1,2,"sqrt",1048,"31-10-2018","Michelle Li","Shuo Yun Sung",1,0.641153882849716
"WS",1,2,"sqrt",1049,"31-10-2018","Yulia Yosephin Susanto","Supanida Katethong",1,0.390039768874301
"WS",1,2,"sqrt",1050,"31-10-2018","Pui Yin Yip","Xuerui Li",0,0.138198447985161
"WS",1,2,"sqrt",1052,"31-10-2018","Yu Po Pai","Isabel Zhong",1,0.696971940925607
"WS",1,2,"sqrt",1058,"31-10-2018","Yu Jin Sim","Ga Eun Kim",1,0.797318615200498
"WS",1,2,"sqrt",1062,"31-10-2018","Joy Xuan DENG","Shuting Ji",0,0.741612939351777
"WS",1,2,"sqrt",1065,"01-11-2018","Xuerui Li","Se Yeon Lee",0,0.83752683533153
"WS",1,2,"sqrt",1072,"02-11-2018","Soniia Cheah","Ngan Yi Cheung",0,0.631891943855108
"WS",1,2,"sqrt",1080,"30-10-2018","Maryna Ilyinskaya","Sara Boyle",1,0.529759626639969
"WS",1,2,"sqrt",1083,"31-10-2018","Fangjie Gao","Prashi Joshi",1,0.915703413067586
"WS",1,2,"sqrt",1084,"31-10-2018","Natalia Perminova","Julie Dawall Jakobsen",0,0.221607368685334
"WS",1,2,"sqrt",1085,"31-10-2018","Fitriani Fitriani","Ya Lan Chang",1,0.787631637748722
"WS",1,2,"sqrt",1086,"31-10-2018","Martina Repiska","Ayla Huser",1,0.614753190676343
"WS",1,2,"sqrt",1087,"31-10-2018","Yanyan Cai","Jia Min Yeo",1,0.747710931472381
"WS",1,2,"sqrt",1088,"31-10-2018","Fabienne Deprez","Yukino Nakai",0,0.0765988752565549
"WS",1,2,"sqrt",1094,"31-10-2018","Maryna Ilyinskaya","Xiaoxin Chen",0,0.178979498997566
"WS",1,2,"sqrt",1098,"31-10-2018","Theresa Isenberg","Anastasiia Semenova",0,0.374593433747924
"WS",1,2,"sqrt",1110,"02-11-2018","Line Højmark Kjaersfeldt","Saili Rane",1,0.847386635051143
"WS",1,2,"sqrt",1112,"03-11-2018","Fangjie Gao","Yanyan Cai",1,0.33552787951901
"WS",1,2,"sqrt",1115,"06-11-2018","Nozomi Okuhara","Rachel Honderich",1,0.775064232112008
"WS",1,2,"sqrt",1117,"06-11-2018","V. Sindhu Pusarla","Evgeniya Kosetskaya",1,0.918699894762749
"WS",1,2,"sqrt",1127,"07-11-2018","Lyanny Alessandra Mainaky","Ratchanok Intanon",0,0.0957837503898458
"WS",1,2,"sqrt",1134,"08-11-2018","Yue Han","Ratchanok Intanon",0,0.409096597707147
"WS",1,2,"sqrt",1135,"08-11-2018","Pornpawee Chochuwong","Yufei Chen",0,0.233577510655206
"WS",1,2,"sqrt",1145,"13-11-2018","Chia Hsin Lee","Ruselli Hartawan",0,0.0798234403158127
"WS",1,2,"sqrt",1150,"14-11-2018","Nitchaon Jindapol","V. Sindhu Pusarla",1,0.217710103587503
"WS",1,2,"sqrt",1164,"14-11-2018","Joy Xuan DENG","Yue Han",1,0.419580046351414
"WS",1,2,"sqrt",1166,"15-11-2018","Tzu Ying Tai","Ngan Yi Cheung",1,0.777687145195687
"WS",1,2,"sqrt",1169,"15-11-2018","Yanyan Cai","Bingjiao He",0,0.286023755495336
"WS",1,2,"sqrt",1173,"16-11-2018","Ratchanok Intanon","Akane Yamaguchi",1,0.724098548521225
"WS",1,2,"sqrt",1194,"21-11-2018","Ritika Thaker","Riya Mookerjee",0,0.429851011962148
"WS",1,2,"sqrt",1196,"21-11-2018","Natalia Perminova","Rituparna Das",1,0.336048117507177
"WS",1,2,"sqrt",1200,"22-11-2018","Xuerui Li","Pardeshi Shreyanshi",1,0.816320972915246
"WS",1,2,"sqrt",1201,"22-11-2018","Yue Han","Tanishq Mamilla Palli",1,0.893151121485426
"WS",1,2,"sqrt",1208,"23-11-2018","Rituparna Das","Saina Nehwal",0,0.354358450486088
"WS",1,2,"sqrt",1218,"21-11-2018","Abigail Holden","Rachael Darragh",1,0.796074167396023
"WS",1,2,"sqrt",1219,"21-11-2018","Daniella Gonda","Helina Rüütel",0,0.592490045495826
"WS",1,2,"sqrt",1229,"22-11-2018","Sonia Goncalves","Michelle Skødstrup",0,0.298807478020316
"WS",1,2,"sqrt",1238,"22-11-2018","Martina Repiska","Agnes Korosi",0,0.514228490133066
"WS",1,2,"sqrt",1241,"22-11-2018","Mariya Mitsova","Kristin Kuuba",0,0.523005923647618
"WS",1,2,"sqrt",1248,"23-11-2018","Airi Mikkela","Jia Min Yeo",0,0.199442062815712
"WS",1,2,"sqrt",1251,"23-11-2018","Kristin Kuuba","Line Højmark Kjaersfeldt",0,0.224978422530655
"WS",1,2,"sqrt",1256,"25-11-2018","Kirsty Gilmour","Line Højmark Kjaersfeldt",0,0.474960577763834
"WS",1,2,"sqrt",1281,"29-11-2018","Busanan Ongbamrungphan","Fitriani Fitriani",1,0.487912603903172
"WS",1,2,"sqrt",1296,"13-12-2018","Tzu Ying TAI","V. Sindhu PUSARLA",0,0.656149290932529
"WS",1,2,"sqrt",1301,"14-12-2018","V. Sindhu PUSARLA","Beiwen ZHANG",1,0.804101500757282
"WS",1,2,"sqrt",1302,"14-12-2018","Ratchanok INTANON","Michelle LI",1,0.575879557599183
"WS",1,2,"sqrt",1304,"15-12-2018","Akane YAMAGUCHI","Nozomi OKUHARA",0,0.739325620234541
"WS",1,2,"sqrt",1307,"08-01-2019","Shuting Ji","Muralitharan Thinaah",0,0.794437734262464
"WS",1,2,"sqrt",1309,"08-01-2019","Disha Gupta","Yin Fun Lim",0,0.213404048688349
"WS",1,2,"sqrt",1314,"09-01-2019","Sabrina Jaquet","Ayumi Mine",0,0.466182522478315
"WS",1,2,"sqrt",1323,"09-01-2019","Lianne Tan","Lyanny Alessandra Mainaky",1,0.787356024456637
"WS",1,2,"sqrt",1327,"10-01-2019","Jia Min Yeo","Yvonne Li",1,0.934825440740285
"WS",1,2,"sqrt",1332,"10-01-2019","Saena Kawakami","Yanyan Cai",1,0.402528511036899
"WS",1,2,"sqrt",1334,"10-01-2019","Yulia Yosephin Susanto","Porntip Buranaprasertsuk",0,0.556557645606074
"WS",1,2,"sqrt",1335,"11-01-2019","Busanan Ongbamrungphan","Saena Kawakami",0,0.704613088606198
"WS",1,2,"sqrt",1336,"11-01-2019","Fitriani Fitriani","Jia Min Yeo",1,0.3508898319743
"WS",1,2,"sqrt",1347,"16-01-2019","Line Højmark Kjaersfeldt","Lyanny Alessandra Mainaky",1,0.939265832463813
"WS",1,2,"sqrt",1350,"16-01-2019","Sayaka Takahashi","Nozomi Okuhara",0,0.159106170146901
"WS",1,2,"sqrt",1351,"16-01-2019","Joy Xuan DENG","Saina Nehwal",0,0.548241996113069
"WS",1,2,"sqrt",1352,"16-01-2019","Aya Ohori","Ga Eun Kim",1,0.456639815056135
"WS",1,2,"sqrt",1357,"16-01-2019","Michelle Li","Ji Hyun Sung",0,0.426666208860583
"WS",1,2,"sqrt",1362,"17-01-2019","Tzu Ying Tai","Line Højmark Kjaersfeldt",1,0.752450939783516
"WS",1,2,"sqrt",1370,"18-01-2019","Tzu Ying Tai","Ratchanok Intanon",0,0.526224766051487
"WS",1,2,"sqrt",1374,"19-01-2019","Carolina Marin","Saina Nehwal",1,0.671880503112305
"WS",1,2,"sqrt",1380,"22-01-2019","Yulia Yosephin Susanto","Lianne Tan",1,0.500681226809918
"WS",1,2,"sqrt",1383,"23-01-2019","Fitriani Fitriani","Line Højmark Kjaersfeldt",1,0.64697555267342
"WS",1,2,"sqrt",1388,"23-01-2019","Akane Yamaguchi","Yue Han",0,0.588906221027449
"WS",1,2,"sqrt",1395,"23-01-2019","Yulia Yosephin Susanto","Yufei Chen",0,0.295502122946812
"WS",1,2,"sqrt",1403,"24-01-2019","Sayaka Takahashi","Yufei Chen",0,0.138439774444543
"WS",1,2,"sqrt",1413,"19-02-2019","Liana Lencevica","Kate Foo Kune",0,0.226478260038358
"WS",1,2,"sqrt",1416,"20-02-2019","Ruselli Hartawan","Brittney Tam",1,0.658504432575451
"WS",1,2,"sqrt",1418,"20-02-2019","Mugdha Agrey","Soraya De Visch Eijbergen",1,0.465241545527477
"WS",1,2,"sqrt",1426,"20-02-2019","Su Yu Chen","Yvonne Li",0,0.514997247046346
"WS",1,2,"sqrt",1427,"20-02-2019","Sabrina Jaquet","Mia Blichfeldt",0,0.137988654771816
"WS",1,2,"sqrt",1432,"21-02-2019","Mugdha Agrey","Natalie Chi",0,0.593999414064581
"WS",1,2,"sqrt",1434,"21-02-2019","Line Højmark Kjaersfeldt","Ying Li Chiang",1,0.869333009618458
"WS",1,2,"sqrt",1441,"22-02-2019","Joy Xuan DENG","Yanyan Cai",1,0.463678066527544
"WS",1,2,"sqrt",1445,"23-02-2019","Yanyan Cai","Mia Blichfeldt",1,0.440647057346459
"WS",1,2,"sqrt",1446,"24-02-2019","Line Højmark Kjaersfeldt","Mia Blichfeldt",0,0.36796753662216
"WS",1,2,"sqrt",1450,"26-02-2019","Julie Dawall Jakobsen","Neslihan Yigit",0,0.687935973937435
"WS",1,2,"sqrt",1453,"27-02-2019","Michelle Li","Aya Ohori",0,0.599524029575278
"WS",1,2,"sqrt",1457,"27-02-2019","Ga Eun Kim","Yue Han",1,0.351219031178096
"WS",1,2,"sqrt",1461,"27-02-2019","Hyo Min Kim","Nitchaon Jindapol",0,0.548729173587791
"WS",1,2,"sqrt",1463,"27-02-2019","Yvonne Li","Lyanny Alessandra Mainaky",1,0.813082528056558
"WS",1,2,"sqrt",1465,"27-02-2019","Joy Xuan Deng","Mia Blichfeldt",0,0.513340676006677
"WS",1,2,"sqrt",1466,"27-02-2019","Xuerui Li","Akane Yamaguchi",0,0.240818364399083
"WS",1,2,"sqrt",1467,"28-02-2019","Jin Wei Goh","Ga Eun Kim",1,0.291528039660877
"WS",1,2,"sqrt",1471,"28-02-2019","Ratchanok Intanon","Nitchaon Jindapol",1,0.918077204641211
"WS",1,2,"sqrt",1472,"28-02-2019","Nozomi Okuhara","Mia Blichfeldt",0,0.745139367395654
"WS",1,2,"sqrt",1478,"01-03-2019","Nozomi Okuhara","Aya Ohori",1,0.934544636429373
"WS",1,2,"sqrt",1486,"06-03-2019","Saina Nehwal","Kirsty Gilmour",1,0.808477745631973
"WS",1,2,"sqrt",1495,"06-03-2019","Mia Blichfeldt","Pui Yin Yip",1,0.746072757863436
"WS",1,2,"sqrt",1502,"07-03-2019","Aya Ohori","Yufei Chen",1,0.0530025365731941
"WS",1,2,"sqrt",1503,"07-03-2019","Bingjiao He","Pornpawee Chochuwong",1,0.519414525763344
"WS",1,2,"sqrt",1506,"08-03-2019","Tzu Ying Tai","Saina Nehwal",1,0.748375852662315
"WS",1,2,"sqrt",1508,"08-03-2019","Xuerui Li","Nozomi Okuhara",0,0.332986744134533
"WS",1,2,"sqrt",1512,"10-03-2019","Tzu Ying Tai","Yufei Chen",0,0.409852245707346
"WS",1,2,"sqrt",1516,"12-03-2019","Xuezhou Lyu","Luoyu Wu",0,0.643587026450704
"WS",1,2,"sqrt",1518,"12-03-2019","Rena Ozeki","Tomoka Sagawa",0,0.456712472335902
"WS",1,2,"sqrt",1520,"12-03-2019","Jhih Yun Lin","Shuya Zheng",0,0.224093237057532
"WS",1,2,"sqrt",1526,"13-03-2019","Zhiyi Wang","Ga Eun Kim",0,0.302521815782646
"WS",1,2,"sqrt",1529,"13-03-2019","Siqi Wang","Sai Uttejitha Rao Chukka",1,0.520339628787869
"WS",1,2,"sqrt",1543,"14-03-2019","Hsiang Ti Lin","Shuting Ji",0,0.544772349606267
"WS",1,2,"sqrt",1547,"14-03-2019","Ting Yu Liang","Ga Eun Kim",0,0.285407697430955
"WS",1,2,"sqrt",1550,"15-03-2019","Phittayaporn Chaiwan","Ga Eun Kim",0,0.347746248338598
"WS",1,2,"sqrt",1557,"12-03-2019","Katerina Tomalova","Jenjira Stadelmann",0,0.313544354535091
"WS",1,2,"sqrt",1558,"12-03-2019","Laura Sarosi","Riya Mookerjee",0,0.383185457870544
"WS",1,2,"sqrt",1559,"12-03-2019","Clara Azurmendi","Ayla Huser",1,0.793675129403656
"WS",1,2,"sqrt",1570,"13-03-2019","Michelle Li","Vrushali Gummadi",1,0.809383961794149
"WS",1,2,"sqrt",1578,"14-03-2019","Ji Hyun Sung","Brittney Tam",1,0.842094272015204
"WS",1,2,"sqrt",1589,"16-03-2019","Saena Kawakami","Beiwen Zhang",1,0.404679062123925
"WS",1,2,"sqrt",1590,"17-03-2019","Yufei Chen","Saena Kawakami",1,0.944274727964633
"WS",1,2,"sqrt",1605,"20-03-2019","Sabrina Jaquet","Vaidehi Choudhari",1,0.671213070148752
"WS",1,2,"sqrt",1611,"20-03-2019","Kate Foo Kune","Choirunnisa Choirunnisa",0,0.250496549468051
"WS",1,2,"sqrt",1616,"20-03-2019","Shuo Yun Sung","Chloe Birch",1,0.732496495945646
"WS",1,2,"sqrt",1617,"20-03-2019","Isabel Zhong","Saena Kawakami",0,0.0519853071763178
"WS",1,2,"sqrt",1620,"21-03-2019","Sabrina Jaquet","Mugdha Agrey",1,0.797705965423887
"WS",1,2,"sqrt",1622,"21-03-2019","Neslihan Yigit","Choirunnisa Choirunnisa",1,0.683566833235377
"WS",1,2,"sqrt",1636,"27-03-2019","Vrushali Gummadi","Chananchida Jucharoen",0,0.580849080808862
"WS",1,2,"sqrt",1637,"27-03-2019","Yue Han","Vaidehi Choudhari",1,0.900591289843267
"WS",1,2,"sqrt",1642,"27-03-2019","Nitchaon Jindapol","Xuerui Li",0,0.219579237545816
"WS",1,2,"sqrt",1644,"27-03-2019","Pui Yin Yip","Busanan Ongbamrungphan",0,0.145428447162315
"WS",1,2,"sqrt",1648,"27-03-2019","Isabel Zhong","Disha Gupta",0,0.512944236411587
"WS",1,2,"sqrt",1652,"28-03-2019","Disha Gupta","Ngan Yi Cheung",0,0.0679064194481907
"WS",1,2,"sqrt",1655,"28-03-2019","Xuerui Li","Bingjiao He",0,0.361795300782987
"WS",1,2,"sqrt",1656,"28-03-2019","Brittney Tam","Beiwen Zhang",0,0.0553775709624927
"WS",1,2,"sqrt",1671,"02-04-2019","Xuerui Li","Yanyan Cai",1,0.892366467566156
"WS",1,2,"sqrt",1679,"03-04-2019","Ji Hyun Sung","Fitriani Fitriani",1,0.684544447415724
"WS",1,2,"sqrt",1681,"03-04-2019","Evgeniya Kosetskaya","Kirsty Gilmour",0,0.204999752466902
"WS",1,2,"sqrt",1682,"03-04-2019","Ratchanok Intanon","Gregoria Mariska Tunjung",1,0.900101260632141
"WS",1,2,"sqrt",1703,"10-04-2019","Lyanny Alessandra Mainaky","V. Sindhu Pusarla",0,0.049881956561146
"WS",1,2,"sqrt",1706,"10-04-2019","Ratchanok Intanon","Fitriani Fitriani",1,0.831820192921529
"WS",1,2,"sqrt",1707,"10-04-2019","Busanan Ongbamrungphan","Kirsty Gilmour",1,0.743063270932642
"WS",1,2,"sqrt",1712,"10-04-2019","Akane Yamaguchi","Aya Ohori",1,0.802682902418588
"WS",1,2,"sqrt",1713,"10-04-2019","Mugdha Agrey","Pornpawee Chochuwong",0,0.0535242893665403
"WS",1,2,"sqrt",1720,"11-04-2019","Busanan Ongbamrungphan","Nozomi Okuhara",0,0.366736359315238
"WS",1,2,"sqrt",1721,"11-04-2019","Pornpawee Chochuwong","Saina Nehwal",1,0.297397093635916
"WS",1,2,"sqrt",1723,"11-04-2019","Akane Yamaguchi","Hui Zhen Grace Chua",1,0.973854630025879
"WS",1,2,"sqrt",1728,"12-04-2019","Yanyan Cai","V. Sindhu Pusarla",1,0.242317696071982
"WS",1,2,"sqrt",1729,"12-04-2019","Tzu Ying Tai","Ji Hyun Sung",0,0.942338135734542
"WS",1,2,"sqrt",1732,"14-04-2019","Tzu Ying Tai","Nozomi Okuhara",1,0.664789968118839
"WS",1,2,"sqrt",1738,"01-05-2019","Gregoria Mariska Tunjung","Yiman Zhang",1,0.661647210337944
"WS",1,2,"sqrt",1745,"01-05-2019","Fitriani Fitriani","Louisa Ma",1,0.844415892329908
"WS",1,2,"sqrt",1747,"01-05-2019","Shuting Ji","Ying Li Chiang",1,0.608546592836867
"WS",1,2,"sqrt",1754,"02-05-2019","Jinjing Qin","Se Young An",0,0.302525135577189
"WS",1,2,"sqrt",1760,"02-05-2019","Fitriani Fitriani","Aya Ohori",0,0.340463169695411
"WS",1,2,"sqrt",1768,"04-06-2019","Hyo Min Kim","Ting Yu Liang",1,0.729682428098353
"WS",1,2,"sqrt",1775,"05-06-2019","Ratchanok Intanon","Joy Xuan DENG",1,0.915164792149169
"WS",1,2,"sqrt",1781,"05-06-2019","Ngan Yi Cheung","Yulia Yosephin Susanto",1,0.805585503795293
"WS",1,2,"sqrt",1787,"05-06-2019","Saena Kawakami","Yufei Chen",0,0.121222902276031
"WS",1,2,"sqrt",1790,"06-06-2019","Busanan Ongbamrungphan","Xuerui Li",1,0.345930222014842
"WS",1,2,"sqrt",1821,"03-07-2019","Mariana Ugalde","Yi Man Zhang",0,0.203344959236733
"WS",1,2,"sqrt",1825,"03-07-2019","Se Young An","Wen Chi Hsu",1,0.820122132075491
"WS",1,2,"sqrt",1834,"04-07-2019","Su Yu Chen","Hyo Min Kim",0,0.150361258905606
"WS",1,2,"sqrt",1836,"05-07-2019","Hyo Min Kim","Ayumi Mine",1,0.40523463170334
"WS",1,2,"sqrt",1837,"05-07-2019","Fabienne Deprez","Porntip Buranaprasertsuk",1,0.593386407391256
"WS",1,2,"sqrt",1841,"07-07-2019","Se Young An","Zhi Yi Wang",1,0.765001937961593
"WS",1,2,"sqrt",1843,"09-07-2019","Zhi Yi Wang","Nairoby Abigail Jimenez",1,0.874753874802679
"WS",1,2,"sqrt",1847,"10-07-2019","Yi-Ting Hung","Kristin Kuuba",1,0.623743032926681
"WS",1,2,"sqrt",1848,"10-07-2019","Jordan Hart","Porntip Buranaprasertsuk",0,0.175642939593148
"WS",1,2,"sqrt",1852,"10-07-2019","Yu Jin Sim","Yi Man Zhang",1,0.7325205569602
"WS",1,2,"sqrt",1854,"10-07-2019","Michelle Li","Jennie Gai",1,0.937487220735547
"WS",1,2,"sqrt",1861,"10-07-2019","Fabienne Deprez","Clara Azurmendi",0,0.791201135038225
"WS",1,2,"sqrt",1862,"11-07-2019","Hsiang Ti Lin","Porntip Buranaprasertsuk",1,0.747724284980762
"WS",1,2,"sqrt",1868,"11-07-2019","Zhi Yi Wang","Saena Kawakami",1,0.572200305620316
"WS",1,2,"sqrt",1869,"11-07-2019","Se Young An","Yi-Ting Hung",1,0.915546718907107
"WS",1,2,"sqrt",1871,"12-07-2019","Hsiang Ti Lin","Zhi Yi Wang",0,0.280163751690364
"WS",1,2,"sqrt",1883,"16-07-2019","Line Højmark Kjaersfeldt","Ngan Yi Cheung",0,0.688775431515089
"WS",1,2,"sqrt",1885,"17-07-2019","Fitriani Fitriani","Yu Fei Chen",0,0.204012361007391
"WS",1,2,"sqrt",1888,"17-07-2019","Mia Blichfeldt","Pui Yin Yip",1,0.66670192825637
"WS",1,2,"sqrt",1890,"17-07-2019","Joy Xuan DENG","Nozomi Okuhara",0,0.0646789812357161
"WS",1,2,"sqrt",1892,"17-07-2019","Beiwen Zhang","Lyanny Alessandra Mainaky",1,0.582256896957433
"WS",1,2,"sqrt",1909,"17-07-2019","Kirsty Gilmour","Maria Ulitina",1,0.842392565174952
"WS",1,2,"sqrt",1912,"17-07-2019","Elizaveta Pyatina","Laura Sarosi",0,0.306411213203136
"WS",1,2,"sqrt",1920,"17-07-2019","Choirunnisa Choirunnisa","Yu Po Pai",1,0.48163643964982
"WS",1,2,"sqrt",1925,"18-07-2019","Mariya Mitsova","Natsumi Shimoda",0,0.628210820847034
"WS",1,2,"sqrt",1926,"18-07-2019","Iris Wang","Natalia Perminova",1,0.864967978956884
"WS",1,2,"sqrt",1934,"19-07-2019","Moto Hayashi","Sabrina Jaquet",1,0.501965581705372
"WS",1,2,"sqrt",1944,"23-07-2019","Gregoria Mariska Tunjung","Line Højmark Kjaersfeldt",1,0.621890363026796
"WS",1,2,"sqrt",1954,"25-07-2019","Aya Ohori","V. Sindhu Pusarla",0,0.508038988778663
"WS",1,2,"sqrt",1955,"25-07-2019","Nozomi Okuhara","Mia Blichfeldt",1,0.88405344825149
"WS",1,2,"sqrt",1957,"25-07-2019","Xiao Xin Chen","Akane Yamaguchi",0,0.0529315277672157
"WS",1,2,"sqrt",1964,"26-07-2019","Tzu Ying Tai","Michelle Li",1,0.753035148955106
"WS",1,2,"sqrt",1965,"26-07-2019","Busanan Ongbamrungphan","Yu Fei Chen",1,0.563179497784878
"WS",1,2,"sqrt",1967,"27-07-2019","Akane Yamaguchi","Yu Fei Chen",1,0.866685449126269
"WS",1,2,"sqrt",1968,"28-07-2019","Nozomi Okuhara","Akane Yamaguchi",0,0.18940501008035
"WS",1,2,"sqrt",1977,"31-07-2019","Bing Jiao He","Xue Rui Li",1,0.591167744988465
"WS",1,2,"sqrt",1982,"31-07-2019","Sayaka Takahashi","Ruselli Hartawan",1,0.837238054414527
"WS",1,2,"sqrt",1983,"31-07-2019","Nitchaon Jindapol","Busanan Ongbamrungphan",1,0.315726302709615
"WS",1,2,"sqrt",1984,"31-07-2019","Yvonne Li","Ratchanok Intanon",0,0.0712531149335623
"WS",1,2,"sqrt",1987,"31-07-2019","Pornpawee Chochuwong","Aya Ohori",1,0.696126644074575
"WS",1,2,"sqrt",1996,"01-08-2019","Pornpawee Chochuwong","Ji Hyun Sung",1,0.546672277160115
"WS",1,2,"sqrt",1998,"02-08-2019","Ratchanok Intanon","Xiao Xin Chen",1,0.883887639291604
"WS",1,2,"sqrt",1999,"02-08-2019","Pornpawee Chochuwong","Ngan Yi Cheung",0,0.738900247462004
"WS",1,2,"sqrt",2000,"02-08-2019","Fitriani Fitriani","Sayaka Takahashi",1,0.344639981082767
"WS",1,2,"sqrt",2021,"07-08-2019","Disha Gupta","Sai Uttejitha Rao Chukka",1,0.289966226718424
"WS",1,2,"sqrt",2024,"07-08-2019","Brittney Tam","Chananchida Jucharoen",0,0.524933088818038
"WS",1,2,"sqrt",2027,"07-08-2019","Nuntakarn Aimsaard","Se Young An",0,0.0823658788545865
"WS",1,2,"sqrt",2030,"07-08-2019","Yu Po Pai","Jennie Gai",1,0.778205735967327
"WS",1,2,"sqrt",2038,"08-08-2019","Sai Uttejitha Rao Chukka","Benyapa Aimsaard",1,0.158185736110829
"WS",1,2,"sqrt",2044,"10-08-2019","Jia Min Yeo","Phittayaporn Chaiwan",0,0.793364476594445
"WS",1,2,"sqrt",2045,"10-08-2019","Porntip Buranaprasertsuk","Se Young An",0,0.139085920315236
"WS",1,2,"sqrt",2047,"13-08-2019","Kana Furukawa","Nanami Akechi",1,0.63390680647669
"WS",1,2,"sqrt",2055,"14-08-2019","Moto Hayashi","Iris Wang",1,0.31630154778048
"WS",1,2,"sqrt",2056,"14-08-2019","Minatsu Mitani","Natsuki Nidaira",0,0.632821100936
"WS",1,2,"sqrt",2065,"15-08-2019","Se Young An","Natsuki Oie",1,0.478102313928599
"WS",1,2,"sqrt",2069,"15-08-2019","Sayaka Sato","Yi Man Zhang",0,0.532652728326684
"WS",1,2,"sqrt",2074,"16-08-2019","Natsuki Nidaira","Natsumi Shimoda",1,0.823524719010031
"WS",1,2,"sqrt",2075,"16-08-2019","Yi Man Zhang","Haruko Suzuki",0,0.69001420094641
"WS",1,2,"sqrt",2087,"04-09-2019","Yu Jin Sim","Sabrina Jaquet",0,0.350871304672483
"WS",1,2,"sqrt",2091,"04-09-2019","Su Yu Chen","Ruselli Hartawan",0,0.369989248129511
"WS",1,2,"sqrt",2095,"04-09-2019","Phittayaporn Chaiwan","Chananchida Jucharoen",1,0.88018294378656
"WS",1,2,"sqrt",2097,"04-09-2019","Joy Xuan DENG","Yu Po Pai",0,0.300907339052194
"WS",1,2,"sqrt",2098,"04-09-2019","Nitchaon Jindapol","Hyo Min Kim",1,0.617369365111385
"WS",1,2,"sqrt",2101,"05-09-2019","Gregoria Mariska Tunjung","Sabrina Jaquet",1,0.864971959929945
"WS",1,2,"sqrt",2113,"08-09-2019","Ji Hyun Sung","Michelle Li",1,0.702581405688682
"WS",1,2,"sqrt",2115,"10-09-2019","Bening Sri Rahayu","Ying Mei Cheung",1,0.708412802248284
"WS",1,2,"sqrt",2118,"10-09-2019","Asuka Takahashi","Lauren Lam",1,0.716208073039436
"WS",1,2,"sqrt",2121,"10-09-2019","Nuntakarn Aimsaard","Ying Chun Lin",0,0.697058652153976
"WS",1,2,"sqrt",2129,"11-09-2019","Shu Ting Ji","Iris Wang",1,0.481510404696479
"WS",1,2,"sqrt",2130,"11-09-2019","Saena Kawakami","Yi-Ting Hung",0,0.481540278011176
"WS",1,2,"sqrt",2145,"12-09-2019","Hyo Min Kim","Asuka Takahashi",0,0.426317711646149
"WS",1,2,"sqrt",2148,"12-09-2019","Yi-Ting Hung","Shuo Yun Sung",0,0.39769947028768
"WS",1,2,"sqrt",2150,"13-09-2019","Yi Man Zhang","Yu Jin Sim",0,0.681033933002435
"WS",1,2,"sqrt",2152,"13-09-2019","Zhi Yi Wang","Supanida Katethong",1,0.766250381822692
"WS",1,2,"sqrt",2157,"17-09-2019","Nozomi Okuhara","Carolina Marin",0,0.423457696892698
"WS",1,2,"sqrt",2158,"17-09-2019","Akane Yamaguchi","Evgeniya Kosetskaya",0,0.958688568008262
"WS",1,2,"sqrt",2185,"21-09-2019","Sayaka Takahashi","Carolina Marin",0,0.347279076306479
"WS",1,2,"sqrt",2187,"22-09-2019","Carolina Marin","Tzu Ying Tai",1,0.197557935172806
"WS",1,2,"sqrt",2191,"24-09-2019","Pui Yin Yip","Jui Jeon",0,0.33571388411194
"WS",1,2,"sqrt",2198,"25-09-2019","Michelle Li","Pornpawee Chochuwong",1,0.583734359054196
"WS",1,2,"sqrt",2213,"26-09-2019","Ji Hyun Sung","Nozomi Okuhara",0,0.236333946987022
"WS",1,2,"sqrt",2219,"27-09-2019","Michelle Li","Nozomi Okuhara",1,0.38634164355776
"WS",1,2,"sqrt",2220,"28-09-2019","Ratchanok Intanon","Tzu Ying Tai",1,0.327901960078225
"WS",1,2,"sqrt",2224,"01-10-2019","Alifia Intan Nurrohkhim","Silvi Wulandari",1,0.835974579385674
"WS",1,2,"sqrt",2225,"01-10-2019","Samin Abedkhojasteh","Dharshinie Vasigaran",0,0.751278576827807
"WS",1,2,"sqrt",2226,"01-10-2019","Pin-Chian Chiu","Desima Aqmar Syarafina",1,0.344152768802019
"WS",1,2,"sqrt",2237,"02-10-2019","Disha Gupta","Yulia Yosephin Susanto",0,0.128105903809145
"WS",1,2,"sqrt",2238,"02-10-2019","Shiori Saito","Hui Zhen Grace Chua",1,0.814404210814257
"WS",1,2,"sqrt",2245,"02-10-2019","Crystal Pan","Lyanny Alessandra Mainaky",1,0.718209465436353
"WS",1,2,"sqrt",2251,"03-10-2019","Shu Ting Ji","Shu Ya Zheng",1,0.545891458747889
"WS",1,2,"sqrt",2257,"03-10-2019","Ya Xin Wei","Ruselli Hartawan",0,0.355744208871474
"WS",1,2,"sqrt",2261,"04-10-2019","Zhi Yi Wang","Hsiang Ti Lin",1,0.871657190623826
"WS",1,2,"sqrt",2269,"09-10-2019","Ya Xin Wei","Zhi Yi Wang",0,0.103359528437746
"WS",1,2,"sqrt",2274,"09-10-2019","Marie Batomene","Kirsty Gilmour",1,0.493021720442256
"WS",1,2,"sqrt",2275,"09-10-2019","Linda Zetchiri","Yvonne Li",0,0.210147033279794
"WS",1,2,"sqrt",2280,"09-10-2019","Lianne Tan","Xuefei Qi",0,0.298475623789037
"WS",1,2,"sqrt",2292,"10-10-2019","Ksenia Polikarpova","Evgeniya Kosetskaya",0,0.182129053469905
"WS",1,2,"sqrt",2299,"13-10-2019","Zhi Yi Wang","Evgeniya Kosetskaya",1,0.880602187472875
"WS",1,2,"sqrt",2302,"15-10-2019","Pornpawee Chochuwong","Carolina Marin",0,0.149399408512818
"WS",1,2,"sqrt",2314,"16-10-2019","Yan Yan Cai","Fitriani Fitriani",1,0.534049773635118
"WS",1,2,"sqrt",2318,"17-10-2019","Aya Ohori","Ratchanok Intanon",0,0.308952669848393
"WS",1,2,"sqrt",2319,"17-10-2019","Ngan Yi Cheung","Carolina Marin",0,0.118619460343449
"WS",1,2,"sqrt",2323,"18-10-2019","Carolina Marin","Se Young An",1,0.676773132792156
"WS",1,2,"sqrt",2330,"22-10-2019","Evgeniya Kosetskaya","Mia Blichfeldt",0,0.529980483870682
"WS",1,2,"sqrt",2334,"22-10-2019","Beiwen Zhang","Ga Eun Kim",0,0.338729906500074
"WS",1,2,"sqrt",2347,"24-10-2019","Line Højmark Kjaersfeldt","Saina Nehwal",0,0.151058448864414
"WS",1,2,"sqrt",2364,"29-10-2019","Isabelle Rusli","Ying Mei Cheung",0,0.213282528210049
"WS",1,2,"sqrt",2365,"30-10-2019","Lyanny Alessandra Mainaky","Busanan Ongbamrungphan",0,0.0684674662605579
"WS",1,2,"sqrt",2367,"30-10-2019","Ting Yu Liang","Yue Han",0,0.356835893674628
"WS",1,2,"sqrt",2372,"30-10-2019","Yan Yan Cai","Sai Uttejitha Rao Chukka",1,0.722348806749014
"WS",1,2,"sqrt",2373,"30-10-2019","Ying Chun Lin","Pui Yin Yip",0,0.545687211902533
"WS",1,2,"sqrt",2374,"30-10-2019","Nitchaon Jindapol","Yu Jin Sim",1,0.760956212874191
"WS",1,2,"sqrt",2377,"30-10-2019","Ga Eun Kim","Meng Zhou",0,0.811842561978157
"WS",1,2,"sqrt",2388,"01-11-2019","Michelle Li","Yan Yan Cai",1,0.908605235840419
"WS",1,2,"sqrt",2391,"01-11-2019","Busanan Ongbamrungphan","Yue Han",0,0.428793236481098
"WS",1,2,"sqrt",2409,"30-10-2019","Shu Ya Zheng","Airi Mikkela",1,0.663302855550273
"WS",1,2,"sqrt",2416,"31-10-2019","Martina Repiska","Yvonne Li",0,0.26074140030134
"WS",1,2,"sqrt",2424,"02-11-2019","Yun Li","Natalia Perminova",1,0.854094769446038
"WS",1,2,"sqrt",2425,"03-11-2019","Yun Li","Line Christophersen",1,0.801516155768536
"WS",1,2,"sqrt",2431,"05-11-2019","V. Sindhu Pusarla","Yu Po Pai",1,0.409631297577216
"WS",1,2,"sqrt",2434,"06-11-2019","Aya Ohori","Yue Han",1,0.284621429314913
"WS",1,2,"sqrt",2439,"06-11-2019","Michelle Li","Ngan Yi Cheung",1,0.872033324574642
"WS",1,2,"sqrt",2442,"07-11-2019","Tzu Ying Tai","Gregoria Mariska Tunjung",1,0.863427443902863
"WS",1,2,"sqrt",2447,"07-11-2019","Bing Jiao He","Se Young An",1,0.560564421884142
"WS",1,2,"sqrt",2450,"08-11-2019","Nozomi Okuhara","Bing Jiao He",1,0.789547677189057
"WS",1,2,"sqrt",2458,"12-11-2019","Lyanny Alessandra Mainaky","Ying Mei Cheung",1,0.103141895081687
"WS",1,2,"sqrt",2460,"12-11-2019","Lauren Lam","Sum Yee Yeung",1,0.407005156601272
"WS",1,2,"sqrt",2475,"13-11-2019","Bing Jiao He","Mia Blichfeldt",1,0.395009856287181
"WS",1,2,"sqrt",2477,"14-11-2019","Ruselli Hartawan","Se Young An",1,0.356440341603813
"WS",1,2,"sqrt",2483,"14-11-2019","Yan Yan Cai","Beiwen Zhang",0,0.18619559583035
"WS",1,2,"sqrt",2485,"15-11-2019","Ratchanok Intanon","Nozomi Okuhara",1,0.664504682839223
"WS",1,2,"sqrt",2486,"15-11-2019","Ruselli Hartawan","Beiwen Zhang",0,0.539806894278879
"WS",1,2,"sqrt",2489,"16-11-2019","Beiwen Zhang","Yu Fei Chen",1,0.133261469408457
"WS",1,2,"sqrt",2493,"19-11-2019","Sih Yun Lin","Ga Eun Park",0,0.253177480182753
"WS",1,2,"sqrt",2498,"20-11-2019","Jhih Yun Lin","Se Yeon Lee",0,0.613838076756772
"WS",1,2,"sqrt",2502,"20-11-2019","Se Young An","Aya Ohori",1,0.748325546694511
"WS",1,2,"sqrt",2506,"20-11-2019","Yi Man Zhang","Sayaka Takahashi",1,0.678362846142049
"WS",1,2,"sqrt",2511,"21-11-2019","Akane Yamaguchi","Kirsty Gilmour",1,0.838160830423306
"WS",1,2,"sqrt",2523,"23-11-2019","Akane Yamaguchi","Se Young An",0,0.36680823472316
"WS",1,2,"sqrt",2526,"26-11-2019","Aakarshi Kashyap","Ashmita Chaliha",0,0.460318942629731
"WS",1,2,"sqrt",2539,"27-11-2019","Tanvi Lad","Natalia Perminova",0,0.597822089108997
"WS",1,2,"sqrt",2541,"27-11-2019","Zhi Yi Wang","Hsuan-Yu Wendy Chen",1,0.962450090053785
"WS",1,2,"sqrt",2544,"27-11-2019","Mugdha Agrey","Lianne Tan",1,0.266971750162845
"WS",1,2,"sqrt",2546,"28-11-2019","Yi Man Zhang","Evgeniya Kosetskaya",0,0.597029167501011
"WS",1,2,"sqrt",2552,"28-11-2019","Porntip Buranaprasertsuk","Phittayaporn Chaiwan",0,0.234919047967267
"WS",1,2,"sqrt",2555,"29-11-2019","Carolina Marin","Evgeniya Kosetskaya",1,0.953634073225742
"WS",1,2,"sqrt",2558,"30-11-2019","Phittayaporn Chaiwan","Rituparna Das",1,0.612425542897352
"WS",1,2,"sqrt",2559,"30-11-2019","Ga Eun Kim","Carolina Marin",0,0.257462322154098
"WS",1,2,"sqrt",2562,"11-12-2019","Ratchanok Intanon","Busanan Ongbamrungphan",1,0.979888944318332
"WS",1,2,"sqrt",2563,"11-12-2019","Yu Fei Chen","Bing Jiao He",1,0.907110371306148
"WS",1,2,"sqrt",2573,"14-12-2019","Tzu Ying Tai","Nozomi Okuhara",1,0.93928143619287
"WS",1,2,"sqrt",2576,"07-01-2020","Lyanny Alessandra Mainaky","Xuefei Qi",0,0.0579787091267997
"WS",1,2,"sqrt",2581,"08-01-2020","Nozomi Okuhara","Pui Yin Yip",0,0.942857022128937
"WS",1,2,"sqrt",2583,"08-01-2020","Aya Ohori","Busanan Ongbamrungphan",0,0.749179807597901
"WS",1,2,"sqrt",2589,"08-01-2020","Nitchaon Jindapol","Yue Han",1,0.621519436257945
"WS",1,2,"sqrt",2600,"09-01-2020","Tzu Ying Tai","Ji Hyun Sung",0,0.750928940688708
"WS",1,2,"sqrt",2609,"11-01-2020","Carolina Marin","Yu Fei Chen",0,0.235725757686993
"WS",1,2,"sqrt",2612,"14-01-2020","Porntip Buranaprasertsuk","Yvonne Li",1,0.585824075933322
"WS",1,2,"sqrt",2625,"15-01-2020","Ruselli Hartawan","Michelle Li",0,0.251544444095936
"WS",1,2,"sqrt",2637,"16-01-2020","Busanan Ongbamrungphan","Ratchanok Intanon",0,0.2126609987418
"WS",1,2,"sqrt",2641,"17-01-2020","Beiwen Zhang","Bing Jiao He",0,0.27419680148235
"WS",1,2,"sqrt",2646,"21-01-2020","Sabrina Jaquet","Lianne Tan",0,0.430677426205209
"WS",1,2,"sqrt",2650,"22-01-2020","Evgeniya Kosetskaya","Xuefei Qi",1,0.542037612667654
"WS",1,2,"sqrt",2664,"22-01-2020","Yu Jin Sim","Yu Po Pai",0,0.400048460170448
"WS",1,2,"sqrt",2680,"26-01-2020","Akane Yamaguchi","Se Young An",1,0.639488291530786
"WS",1,2,"sqrt",2685,"19-02-2020","Sabrina Jaquet","Ksenia Polikarpova",1,0.760577265351062
"WS",1,2,"sqrt",2686,"19-02-2020","Evgeniya Kosetskaya","Julie Dawall Jakobsen",1,0.465510928292108
"WS",1,2,"sqrt",2687,"19-02-2020","Yvonne Li","Saina Nehwal",0,0.262427049302136
"WS",1,2,"sqrt",2695,"20-02-2020","Julie Dawall Jakobsen","Busanan Ongbamrungphan",0,0.145564962102105
"WS",1,2,"sqrt",2706,"21-02-2020","Pornpawee Chochuwong","Neslihan Yigit",1,0.728927330157997
"WS",1,2,"sqrt",2710,"11-03-2020","Yu Fei Chen","Se Young An",1,0.532993625451934
"WS",1,2,"sqrt",2712,"11-03-2020","Saina Nehwal","Akane Yamaguchi",0,0.0647832618860442
"WS",1,2,"sqrt",2721,"11-03-2020","Yi Man Zhang","Carolina Marin",0,0.077712622755269
"WS",1,2,"sqrt",2726,"12-03-2020","Ratchanok Intanon","Aya Ohori",1,0.840293048610602
"WS",1,2,"sqrt",2727,"12-03-2020","Nozomi Okuhara","Line Højmark Kjaersfeldt",1,0.907150706614193
"WS",1,2,"sqrt",2732,"12-03-2020","Pornpawee Chochuwong","Bing Jiao He",1,0.3037015615208
"WS",1,2,"sqrt",2744,"13-10-2020","Léonice Huet","Katerina Tomalova",1,0.792939142396326
"WS",1,2,"sqrt",2754,"14-10-2020","Emilie Hamang","Yaelle Hoyaux",0,0.341134608589513
"WS",1,2,"sqrt",2756,"15-10-2020","Jordan Hart","Nozomi Okuhara",0,0.0184770116935984
"WS",1,2,"sqrt",2766,"16-10-2020","Mia Blichfeldt","Michelle Li",0,0.276610732774537
"WS",1,2,"sqrt",2771,"28-10-2020","Beatriz Corrales","Ann-Kathrin Spöri",1,0.414642991284943
"WS",1,2,"sqrt",2786,"28-10-2020","Tereza Švábíková","Line Højmark Kjaersfeldt",0,0.265402746290468
"WS",1,2,"sqrt",2787,"29-10-2020","Rachael Darragh","Beatriz Corrales",0,0.481655648728495
"WS",1,2,"sqrt",2791,"29-10-2020","Lianne Tan","Sabrina Jaquet",0,0.696324864666876
"WS",1,2,"sqrt",2796,"30-10-2020","Julie Dawall Jakobsen","Line Højmark Kjaersfeldt",0,0.374505976661903
"WS",1,2,"sqrt",2797,"30-10-2020","Carolina Marin","Xuefei Qi",1,0.957051347324047
"WS",1,2,"sqrt",2805,"12-01-2021","Gregoria Mariska Tunjung","Ji Hyun Sung",0,0.577995873029823
"WS",1,2,"sqrt",2810,"13-01-2021","Xuefei Qi","Carolina Marin",0,0.0554411276931787
"WS",1,2,"sqrt",2813,"13-01-2021","Supanida Katethong","Ruselli Hartawan",1,0.628874432802649
"WS",1,2,"sqrt",2815,"13-01-2021","Yvonne Li","Hadia Hosny",1,0.880701598026722
"WS",1,2,"sqrt",2824,"14-01-2021","Supanida Katethong","Evgeniya Kosetskaya",1,0.722274205974656
"WS",1,2,"sqrt",2825,"15-01-2021","Tzu Ying Tai","Michelle Li",1,0.93522058809761
"WS",1,2,"sqrt",2830,"16-01-2021","Tzu Ying Tai","Mia Blichfeldt",1,0.950942978538852
"WS",1,2,"sqrt",2831,"17-01-2021","Tzu Ying Tai","Carolina Marin",0,0.290947915240836
"WS",1,2,"sqrt",2834,"19-01-2021","Michelle Li","Ngan Yi Cheung",0,0.852802578317853
"WS",1,2,"sqrt",2839,"19-01-2021","Iris Wang","Ga Eun Kim",1,0.122005660577152
"WS",1,2,"sqrt",2855,"22-01-2021","Se Young An","Pornpawee Chochuwong",1,0.766911946264267
"WS",1,2,"sqrt",2858,"22-01-2021","Tzu Ying Tai","Michelle Li",1,0.73828704356468
"WS",1,2,"sqrt",2866,"28-01-2021","Carolina Marin","Michelle Li",1,0.853064449695638
"WS",1,2,"sqrt",2882,"03-03-2021","Saina Nehwal","Phittayaporn Chaiwan",1,0.392169988048296
"WS",1,2,"sqrt",2883,"03-03-2021","Xuefei Qi","Ji Hyun Sung",0,0.104963450256933
"WS",1,2,"sqrt",2885,"03-03-2021","Lianne Tan","Line Christophersen",0,0.299144242910212
"WS",1,2,"sqrt",2889,"03-03-2021","Beiwen Zhang","Linda Zetchiri",1,0.930491361593398
"WS",1,2,"sqrt",2890,"03-03-2021","Soraya De Visch Eijbergen","Aliye Demirbag",0,0.364519429345547
"WS",1,2,"sqrt",2896,"04-03-2021","Pornpawee Chochuwong","Line Højmark Kjaersfeldt",1,0.731009111952347
"WS",1,2,"sqrt",2903,"05-03-2021","Busanan Ongbamrungphan","V. Sindhu Pusarla",0,0.373918372854668
"WS",1,2,"sqrt",2906,"06-03-2021","Carolina Marin","Pornpawee Chochuwong",0,0.810117817082598
"WS",1,2,"sqrt",2910,"17-03-2021","Mariya Mitsova","Supanida Katethong",0,0.0875938930668058
"WS",1,2,"sqrt",2916,"17-03-2021","Akane Yamaguchi","Xuefei Qi",1,0.8853551414693
"WS",1,2,"sqrt",2919,"17-03-2021","Selvaduray Kisona","Busanan Ongbamrungphan",0,0.0737389270606106
"WS",1,2,"sqrt",2922,"17-03-2021","Phittayaporn Chaiwan","Lianne Tan",1,0.915655420118827
"WS",1,2,"sqrt",2926,"18-03-2021","Yvonne Li","Mia Blichfeldt",0,0.256831830388396
"WS",1,2,"sqrt",2927,"18-03-2021","Linda Zetchiri","Nozomi Okuhara",0,0.01273643636684
"WS",1,2,"sqrt",2933,"19-03-2021","Akane Yamaguchi","V. Sindhu Pusarla",0,0.744634440798237
"WS",1,2,"sqrt",2937,"21-03-2021","Pornpawee Chochuwong","Nozomi Okuhara",0,0.160140914003014
"WS",1,2,"sqrt",2938,"23-03-2021","Romane Cloteaux-Foucault","Anna Tatranova",0,0.399832876774424
"WS",1,2,"sqrt",2942,"23-03-2021","Ophelia Casier","Malya Hoareau",1,0.599199666479854
"WS",1,2,"sqrt",2943,"23-03-2021","Marie Cesari","Putri Kusuma Wardani",0,0.146219502393708
"WS",1,2,"sqrt",2945,"24-03-2021","Daniela Macias","Xuefei Qi",0,0.0812818464480291
"WS",1,2,"sqrt",2952,"24-03-2021","Ophelia Casier","Freya Redfearn",1,0.126183086670949
"WS",1,2,"sqrt",2953,"24-03-2021","Laura Sarosi","Mariya Mitsova",0,0.450405438999771
"WS",1,2,"sqrt",2957,"24-03-2021","Lianne Tan","Aliye Demirbag",0,0.373962234950009
"WS",1,2,"sqrt",2958,"24-03-2021","Pornpawee Chochuwong","Irina Amalie Andersen",1,0.945969709895433
"WS",1,2,"sqrt",2967,"25-03-2021","Jin Wei Goh","Aliye Demirbag",1,0.843895702895565
"WS",1,2,"time_weighted",3,"09-01-2018","Piramon Chamnaktan","Mattana Hemrachatanun",0,0.190840936664111
"WS",1,2,"time_weighted",7,"10-01-2018","Gregoria Mariska Tunjung","Sai Uttejitha Rao Chukka",0,0.822938207065776
"WS",1,2,"time_weighted",17,"10-01-2018","Selvaduray Kisona","Ruselli Hartawan",1,0.425044887839939
"WS",1,2,"time_weighted",20,"10-01-2018","Ying Ying Lee","Chananchida Jucharoen",1,0.605138003327121
"WS",1,2,"time_weighted",22,"11-01-2018","Gregoria Mariska Tunjung","Yulia Yosephin Susanto",1,0.786768286958617
"WS",1,2,"time_weighted",23,"11-01-2018","Pui Yin Yip","Natsumi Shimoda",0,0.703212146060272
"WS",1,2,"time_weighted",31,"12-01-2018","Nitchaon Jindapol","Gregoria Mariska Tunjung",1,0.766964705592753
"WS",1,2,"time_weighted",35,"14-01-2018","Nitchaon Jindapol","Pornpawee Chochuwong",1,0.739195445912203
"WS",1,2,"time_weighted",40,"17-01-2018","Yufei Chen","Chia Hsin Lee",1,0.816149744150789
"WS",1,2,"time_weighted",44,"17-01-2018","Fitriani Fitriani","Ratchanok Intanon",0,0.347730914016021
"WS",1,2,"time_weighted",53,"17-01-2018","Hanna Ramadini","Jin Wei Goh",0,0.372266927650973
"WS",1,2,"time_weighted",59,"18-01-2018","Tzu Ying Tai","Michelle Li",1,0.722361754559935
"WS",1,2,"time_weighted",66,"19-01-2018","Bingjiao He","Akane Yamaguchi",0,0.391816716304555
"WS",1,2,"time_weighted",67,"20-01-2018","Tzu Ying Tai","Carolina Marin",1,0.256922758253353
"WS",1,2,"time_weighted",76,"24-01-2018","Ji Hyun Sung","Busanan Ongbamrungphan",1,0.601525718069135
"WS",1,2,"time_weighted",78,"24-01-2018","Ngan Yi Cheung","Nozomi Okuhara",0,0.275491994905188
"WS",1,2,"time_weighted",90,"25-01-2018","Carolina Marin","Line Højmark Kjaersfeldt",1,0.808751300349754
"WS",1,2,"time_weighted",92,"25-01-2018","Bingjiao He","Jang Mi Lee",1,0.472833014267608
"WS",1,2,"time_weighted",93,"25-01-2018","Fitriani Fitriani","Ratchanok Intanon",0,0.232298302184791
"WS",1,2,"time_weighted",100,"26-01-2018","Saina Nehwal","V. Sindhu Pusarla",1,0.746207670655652
"WS",1,2,"time_weighted",109,"31-01-2018","Anura Prabhudesai","Aakarshi Kashyap",0,0.627567544316533
"WS",1,2,"time_weighted",114,"31-01-2018","Sofie Holmboe Dahl","Saina Nehwal",0,0.206925017458249
"WS",1,2,"time_weighted",116,"31-01-2018","Pui Yin Yip","Rituparna Das",1,0.415152383614508
"WS",1,2,"time_weighted",117,"31-01-2018","Mugdha Agrey","Ksenia Polikarpova",1,0.366994527398668
"WS",1,2,"time_weighted",119,"31-01-2018","Thamolwan Poopradubsil","Sri Krishna Priya Kudaravalli",0,0.635458467594767
"WS",1,2,"time_weighted",122,"31-01-2018","Sabrina Jaquet","Lyanny Alessandra Mainaky",0,0.507808615067996
"WS",1,2,"time_weighted",129,"01-02-2018","Pui Yin Yip","Lyanny Alessandra Mainaky",1,0.750812748714349
"WS",1,2,"time_weighted",132,"01-02-2018","Thamolwan Poopradubsil","Ngan Yi Cheung",0,0.157951989074678
"WS",1,2,"time_weighted",133,"02-02-2018","V. Sindhu Pusarla","Beatriz Corrales",0,0.793311839339982
"WS",1,2,"time_weighted",136,"02-02-2018","Ngan Yi Cheung","Carolina Marin",1,0.742793014077739
"WS",1,2,"time_weighted",143,"20-02-2018","Isabel Zhong","Monika Radovska",1,0.371982375051102
"WS",1,2,"time_weighted",144,"21-02-2018","Luise Heim","Linda Zetchiri",1,0.41583413714526
"WS",1,2,"time_weighted",148,"21-02-2018","Mariya Mitsova","Ronja Stern",1,0.592835105116649
"WS",1,2,"time_weighted",151,"21-02-2018","Natalia Perminova","Shuo Yun Sung",1,0.441836039116087
"WS",1,2,"time_weighted",161,"22-02-2018","Natsuki Nidaira","Mia Blichfeldt",1,0.6969419981246
"WS",1,2,"time_weighted",163,"22-02-2018","Sai Uttejitha Rao Chukka","Minatsu Mitani",0,0.192093086640857
"WS",1,2,"time_weighted",165,"22-02-2018","Mariya Mitsova","Beatriz Corrales",1,0.373276343046017
"WS",1,2,"time_weighted",166,"22-02-2018","Julie Dawall Jakobsen","Linda Zetchiri",0,0.389377195538372
"WS",1,2,"time_weighted",172,"24-02-2018","Sayaka Takahashi","Evgeniya Kosetskaya",1,0.846126350173457
"WS",1,2,"time_weighted",177,"06-03-2018","Neslihan Yigit","Fabienne Deprez",1,0.670967209917938
"WS",1,2,"time_weighted",182,"07-03-2018","Soniia Cheah","Yufei Chen",0,0.313702096334761
"WS",1,2,"time_weighted",183,"07-03-2018","Mette Poulsen","Neslihan Yigit",1,0.321321465755981
"WS",1,2,"time_weighted",184,"07-03-2018","Brittney Tam","Kirsty Gilmour",0,0.782510001155725
"WS",1,2,"time_weighted",192,"07-03-2018","Line Højmark Kjaersfeldt","Yu Po Pai",0,0.515924191634718
"WS",1,2,"time_weighted",196,"08-03-2018","Neslihan Yigit","Yufei Chen",0,0.363592269325907
"WS",1,2,"time_weighted",200,"08-03-2018","Hyo Min Kim","Ji Hyun Sung",0,0.358087356274908
"WS",1,2,"time_weighted",211,"14-03-2018","Fitriani Fitriani","Soniia Cheah",1,0.316042000249469
"WS",1,2,"time_weighted",218,"14-03-2018","Jang Mi Lee","Carolina Marin",0,0.259747978564718
"WS",1,2,"time_weighted",223,"14-03-2018","Line Højmark Kjaersfeldt","Hyo Min Kim",0,0.318544198522545
"WS",1,2,"time_weighted",224,"15-03-2018","Nitchaon Jindapol","V. Sindhu Pusarla",1,0.324204496949421
"WS",1,2,"time_weighted",227,"15-03-2018","Yufei Chen","Hyo Min Kim",1,0.703315039887582
"WS",1,2,"time_weighted",230,"15-03-2018","Aya Ohori","Jin Wei Goh",1,0.541719131205683
"WS",1,2,"time_weighted",232,"16-03-2018","Tzu Ying Tai","Aya Ohori",1,0.850763910734703
"WS",1,2,"time_weighted",248,"28-03-2018","Linda Zetchiri","Fabienne Deprez",1,0.476367417209993
"WS",1,2,"time_weighted",256,"28-03-2018","Ksenia Polikarpova","Ruselli Hartawan",0,0.528943525807992
"WS",1,2,"time_weighted",257,"28-03-2018","Neslihan Yigit","Yin Fun Lim",1,0.277273039425328
"WS",1,2,"time_weighted",259,"28-03-2018","Gayle Mahulette","Mia Blichfeldt",0,0.351307606148442
"WS",1,2,"time_weighted",265,"29-03-2018","Ruselli Hartawan","Martina Repiska",0,0.651631036380035
"WS",1,2,"time_weighted",266,"29-03-2018","Shiori Saito","Yvonne Li",1,0.705332284080767
"WS",1,2,"time_weighted",270,"29-03-2018","Natalia Perminova","Luise Heim",0,0.728310174939643
"WS",1,2,"time_weighted",276,"31-03-2018","Shiori Saito","Xuefei Qi",0,0.762761198168205
"WS",1,2,"time_weighted",286,"11-04-2018","Nianzu Chen","Xuerui Li",0,0.421535020048583
"WS",1,2,"time_weighted",288,"11-04-2018","Chi Ya Cheng","Mengyan Fan",1,0.318350805916923
"WS",1,2,"time_weighted",290,"11-04-2018","Ying Chun Lin","Yukino Nakai",0,0.442576317016854
"WS",1,2,"time_weighted",294,"11-04-2018","Yun Li","Ga Eun Kim",0,0.446227047887529
"WS",1,2,"time_weighted",300,"12-04-2018","Xuerui Li","Mengyan Fan",1,0.622352921596954
"WS",1,2,"time_weighted",311,"01-05-2018","Yukino Nakai","Ayumi Mine",1,0.307765287775524
"WS",1,2,"time_weighted",312,"01-05-2018","Shuting Ji","Isabel Zhong",1,0.751393602444403
"WS",1,2,"time_weighted",319,"02-05-2018","Shuting Ji","Disha Gupta",1,0.756724312029795
"WS",1,2,"time_weighted",344,"08-05-2018","Zecily Fung","Ga Eun Kim",0,0.21147738787264
"WS",1,2,"time_weighted",351,"09-05-2018","Jesica Muljati","Isabel Zhong",1,0.686985903916473
"WS",1,2,"time_weighted",356,"09-05-2018","Disha Gupta","Lyanny Alessandra Mainaky",0,0.275889078516177
"WS",1,2,"time_weighted",361,"09-05-2018","Georgina Bland","Vaishnavi Reddy Jakka",0,0.631773302908756
"WS",1,2,"time_weighted",362,"09-05-2018","Pattarasuda Chaiwan","Yiman Zhang",1,0.421305497701067
"WS",1,2,"time_weighted",372,"11-05-2018","Ngan Yi Cheung","Yukino Nakai",1,0.312513360042374
"WS",1,2,"time_weighted",381,"12-06-2018","Johanna Magnusson","Crystal Pan",0,0.467405964247375
"WS",1,2,"time_weighted",392,"13-06-2018","Ga Eun Kim","Yue Han",0,0.360448336289395
"WS",1,2,"time_weighted",395,"13-06-2018","Isabel Zhong","Chloe Birch",0,0.360556151331263
"WS",1,2,"time_weighted",396,"13-06-2018","Julie Dawall Jakobsen","Hyo Min Kim",0,0.474523977482598
"WS",1,2,"time_weighted",402,"14-06-2018","Xuerui Li","Sayaka Sato",1,0.723538951091701
"WS",1,2,"time_weighted",407,"15-06-2018","Aya Ohori","Busanan Ongbamrungphan",1,0.901961436517137
"WS",1,2,"time_weighted",410,"15-06-2018","Hyo Min Kim","Xuerui Li",0,0.215823303408768
"WS",1,2,"time_weighted",418,"19-06-2018","Eliana Zhang","Ronja Stern",0,0.60049669212024
"WS",1,2,"time_weighted",420,"19-06-2018","Sophie Males","Alexandra Mocanu",0,0.258366407377048
"WS",1,2,"time_weighted",434,"20-06-2018","Rachel Honderich","Chloe Birch",1,0.444574238047097
"WS",1,2,"time_weighted",441,"20-06-2018","Yukino Nakai","Jui Jeon",1,0.514829467084488
"WS",1,2,"time_weighted",442,"21-06-2018","Jui Jeon","Brittney Tam",1,0.693281069419712
"WS",1,2,"time_weighted",446,"21-06-2018","Yanyan Cai","Yvonne Li",1,0.788554427725324
"WS",1,2,"time_weighted",452,"22-06-2018","Fangjie Gao","Yanyan Cai",0,0.429816976731288
"WS",1,2,"time_weighted",453,"22-06-2018","Jui Jeon","Sayaka Takahashi",1,0.136133427101057
"WS",1,2,"time_weighted",464,"26-06-2018","Nitchaon Jindapol","Evgeniya Kosetskaya",1,0.851063635790944
"WS",1,2,"time_weighted",469,"27-06-2018","Carolina Marin","Gregoria Mariska Tunjung",0,0.85091748441335
"WS",1,2,"time_weighted",472,"27-06-2018","Lauren Lam","Chia Hsin Lee",0,0.399262762529286
"WS",1,2,"time_weighted",473,"28-06-2018","Saina Nehwal","Akane Yamaguchi",0,0.213061506408537
"WS",1,2,"time_weighted",475,"28-06-2018","Pornpawee Chochuwong","Nozomi Okuhara",1,0.19747046118928
"WS",1,2,"time_weighted",478,"28-06-2018","Carolina Marin","Ngan Yi Cheung",1,0.607935567433665
"WS",1,2,"time_weighted",482,"29-06-2018","V. Sindhu Pusarla","Carolina Marin",1,0.638188993909127
"WS",1,2,"time_weighted",483,"29-06-2018","Pornpawee Chochuwong","Ratchanok Intanon",0,0.266604044326062
"WS",1,2,"time_weighted",486,"30-06-2018","Ratchanok Intanon","Bingjiao He",0,0.372477281083783
"WS",1,2,"time_weighted",489,"03-07-2018","Nitchaon Jindapol","Akane Yamaguchi",0,0.23995062238137
"WS",1,2,"time_weighted",492,"03-07-2018","Beatriz Corrales","Ji Hyun Sung",0,0.159116355276211
"WS",1,2,"time_weighted",500,"04-07-2018","Lyanny Alessandra Mainaky","Kirsty Gilmour",0,0.445047309783969
"WS",1,2,"time_weighted",502,"04-07-2018","Line Højmark Kjaersfeldt","Vaishnavi Reddy Jakka",1,0.740240834670435
"WS",1,2,"time_weighted",505,"05-07-2018","Saina Nehwal","Yufei Chen",0,0.410125188026265
"WS",1,2,"time_weighted",508,"05-07-2018","Bingjiao He","Busanan Ongbamrungphan",1,0.796415850012291
"WS",1,2,"time_weighted",511,"05-07-2018","Nozomi Okuhara","Akane Yamaguchi",1,0.134312530036164
"WS",1,2,"time_weighted",519,"10-07-2018","Yue Han","Yanyan Cai",1,0.113452881020288
"WS",1,2,"time_weighted",525,"11-07-2018","Beiwen Zhang","Ying Li Chiang",1,0.807171391768709
"WS",1,2,"time_weighted",530,"11-07-2018","Michelle Li","Yulia Yosephin Susanto",1,0.745387200296688
"WS",1,2,"time_weighted",535,"11-07-2018","Gregoria Mariska Tunjung","Chloe Birch",1,0.802829913562411
"WS",1,2,"time_weighted",536,"11-07-2018","Yiman Zhang","Chananchida Jucharoen",0,0.729888247951882
"WS",1,2,"time_weighted",543,"12-07-2018","Sayaka Sato","Aya Ohori",0,0.706923304184089
"WS",1,2,"time_weighted",553,"15-07-2018","Nozomi Okuhara","V. Sindhu Pusarla",1,0.564894849577928
"WS",1,2,"time_weighted",566,"18-07-2018","Jia Min Yeo","Porntip Buranaprasertsuk",1,0.723786785571543
"WS",1,2,"time_weighted",572,"18-07-2018","Vaidehi Choudhari","Nitchaon Jindapol",0,0.154910094577298
"WS",1,2,"time_weighted",582,"20-07-2018","Su Yu Chen","Nitchaon Jindapol",0,0.444603405966966
"WS",1,2,"time_weighted",591,"24-07-2018","Liliia Abibulaeva","Iris Wang",0,0.153543322822379
"WS",1,2,"time_weighted",595,"24-07-2018","Ekaterina Riazantceva","Moto Hayashi",0,0.0599921168605846
"WS",1,2,"time_weighted",599,"25-07-2018","Kristin Kuuba","Vaidehi Choudhari",1,0.770088827256754
"WS",1,2,"time_weighted",615,"26-07-2018","Byeol Lim Lee","Vrushali Gummadi",0,0.303225840024568
"WS",1,2,"time_weighted",616,"26-07-2018","Iris Wang","Mugdha Agrey",1,0.882097551297348
"WS",1,2,"time_weighted",624,"27-07-2018","Iris Wang","Rituparna Das",1,0.721423822342112
"WS",1,2,"time_weighted",629,"24-07-2018","Mengyan Fan","Choirunnisa Choirunnisa",0,0.1496819642559
"WS",1,2,"time_weighted",630,"24-07-2018","Mako Urushizaki","Yuhan Wu",1,0.4937163065839
"WS",1,2,"time_weighted",632,"25-07-2018","Shuo Yun Sung","Yukino Nakai",0,0.289602794001516
"WS",1,2,"time_weighted",634,"25-07-2018","Xirui Hui","Supanida Katethong",0,0.512111116852948
"WS",1,2,"time_weighted",637,"25-07-2018","Benyapa Aimsaard","Minatsu Mitani",0,0.167377148683304
"WS",1,2,"time_weighted",641,"25-07-2018","Asuka Takahashi","Chananchida Jucharoen",1,0.589214484090145
"WS",1,2,"time_weighted",654,"26-07-2018","Bening Sri Rahayu","Hsiang Ti Lin",0,0.566271303357479
"WS",1,2,"time_weighted",659,"27-07-2018","Sayaka Takahashi","Yui Hashimoto",1,0.726824304931552
"WS",1,2,"time_weighted",668,"07-08-2018","Wan Yi Tang","Pardeshi Shreyanshi",0,0.396083501947553
"WS",1,2,"time_weighted",670,"07-08-2018","Supanida Katethong","Natsumi Shimoda",1,0.654711798650152
"WS",1,2,"time_weighted",671,"07-08-2018","Rituparna Das","Ting Yu Liang",1,0.68895819151964
"WS",1,2,"time_weighted",673,"07-08-2018","Supanida Katethong","Pardeshi Shreyanshi",1,0.278918962372956
"WS",1,2,"time_weighted",675,"08-08-2018","Sayaka Takahashi","Thamolwan Poopradubsil",1,0.959258057954222
"WS",1,2,"time_weighted",680,"08-08-2018","Thuy Linh Nguyen","Phittayaporn Chaiwan",1,0.43061597987563
"WS",1,2,"time_weighted",692,"09-08-2018","Sayaka Takahashi","Yen Mei Ho",1,0.608242136227464
"WS",1,2,"time_weighted",695,"09-08-2018","Yin Fun Lim","Minatsu Mitani",0,0.215957071872324
"WS",1,2,"time_weighted",696,"09-08-2018","Porntip Buranaprasertsuk","Thi Trang (B) Vu",0,0.723992322270835
"WS",1,2,"time_weighted",697,"09-08-2018","Jia Min Yeo","Chananchida Jucharoen",1,0.735436449004996
"WS",1,2,"time_weighted",698,"09-08-2018","Asuka Takahashi","Joy Xuan DENG",0,0.519042565105103
"WS",1,2,"time_weighted",713,"29-08-2018","Luise Heim","Beatriz Corrales",0,0.316575455408367
"WS",1,2,"time_weighted",718,"29-08-2018","Busanan Ongbamrungphan","Kate Foo Kune",1,0.813038912058401
"WS",1,2,"time_weighted",720,"29-08-2018","Ayumi Mine","Evgeniya Kosetskaya",1,0.906267780741677
"WS",1,2,"time_weighted",725,"30-08-2018","Sara Penalver Pereira","Yvonne Li",1,0.434952652309572
"WS",1,2,"time_weighted",728,"30-08-2018","Mia Blichfeldt","Brittney Tam",1,0.81562084883853
"WS",1,2,"time_weighted",730,"30-08-2018","Xuefei Qi","Minatsu Mitani",0,0.204592686486111
"WS",1,2,"time_weighted",733,"31-08-2018","Yvonne Li","Line Højmark Kjaersfeldt",0,0.58392717314977
"WS",1,2,"time_weighted",743,"04-09-2018","Se Young An","Tanishq Mamilla Palli",1,0.622814319783208
"WS",1,2,"time_weighted",746,"04-09-2018","Choirunnisa Choirunnisa","Purva Barve",1,0.634294159735311
"WS",1,2,"time_weighted",747,"04-09-2018","Neha Pandit","Bening Sri Rahayu",0,0.265641404489586
"WS",1,2,"time_weighted",748,"04-09-2018","Simran Singhi","Amolika Singh Sisodiya",1,0.190433228017647
"WS",1,2,"time_weighted",752,"05-09-2018","Dinar Dyah Ayustine","Sai Uttejitha Rao Chukka",0,0.885260876515261
"WS",1,2,"time_weighted",762,"05-09-2018","Vaidehi Choudhari","Ruselli Hartawan",0,0.249785546029394
"WS",1,2,"time_weighted",765,"05-09-2018","Aakarshi Kashyap","Mugdha Agrey",1,0.771923846946743
"WS",1,2,"time_weighted",766,"05-09-2018","Ying Mei Cheung","Reshma Karthik",1,0.695047730746757
"WS",1,2,"time_weighted",779,"07-09-2018","Ga Eun Kim","Se Young An",0,0.725565917639424
"WS",1,2,"time_weighted",784,"11-09-2018","Yu Po Pai","Akane Yamaguchi",0,0.160048847002522
"WS",1,2,"time_weighted",789,"11-09-2018","Michelle Li","Yanyan Cai",0,0.172130328611974
"WS",1,2,"time_weighted",791,"11-09-2018","Minatsu Mitani","Ratchanok Intanon",0,0.640208634457309
"WS",1,2,"time_weighted",795,"11-09-2018","Beiwen Zhang","Xiaoxin Chen",0,0.408632535410581
"WS",1,2,"time_weighted",799,"13-09-2018","Tzu Ying Tai","Xiaoxin Chen",0,0.766356170261781
"WS",1,2,"time_weighted",800,"13-09-2018","V. Sindhu Pusarla","Fangjie Gao",0,0.509410986818304
"WS",1,2,"time_weighted",803,"13-09-2018","Nozomi Okuhara","Sayaka Sato",1,0.909437090178401
"WS",1,2,"time_weighted",804,"13-09-2018","Lyanny Alessandra Mainaky","Aya Ohori",0,0.115812892784971
"WS",1,2,"time_weighted",810,"14-09-2018","Fangjie Gao","Aya Ohori",0,0.432372053440463
"WS",1,2,"time_weighted",815,"18-09-2018","Stephanie Widjaya","Yasnita Enggira Setiawan",1,0.739056660462302
"WS",1,2,"time_weighted",822,"19-09-2018","Sri Krishna Priya Kudaravalli","Desima Aqmar Syarafina",1,0.503541542585973
"WS",1,2,"time_weighted",826,"19-09-2018","Sum Yee Yeung","Wulan Cahya Utami Sukoputri",1,0.814265651370698
"WS",1,2,"time_weighted",833,"20-09-2018","Minatsu Mitani","Crystal Pan",1,0.810855761954981
"WS",1,2,"time_weighted",838,"20-09-2018","Ruselli Hartawan","Supanida Katethong",1,0.686610750903568
"WS",1,2,"time_weighted",842,"21-09-2018","Minatsu Mitani","Choirunnisa Choirunnisa",0,0.738493812449851
"WS",1,2,"time_weighted",844,"21-09-2018","Yulia Yosephin Susanto","Fitriani Fitriani",0,0.75364425036371
"WS",1,2,"time_weighted",868,"20-09-2018","Beiwen Zhang","Gregoria Mariska Tunjung",0,0.434836343253311
"WS",1,2,"time_weighted",871,"20-09-2018","Aya Ohori","Akane Yamaguchi",0,0.486976520777628
"WS",1,2,"time_weighted",873,"21-09-2018","Fangjie Gao","Carolina Marin",0,0.209931117526186
"WS",1,2,"time_weighted",874,"21-09-2018","Yufei Chen","V. Sindhu Pusarla",0,0.770300004502273
"WS",1,2,"time_weighted",879,"25-09-2018","Xuerui Li","Mugdha Agrey",1,0.944260911563004
"WS",1,2,"time_weighted",888,"26-09-2018","Evgeniya Kosetskaya","Line Højmark Kjaersfeldt",0,0.264027319665346
"WS",1,2,"time_weighted",896,"26-09-2018","Vaishnavi Reddy Jakka","Beiwen Zhang",0,0.0951191055980121
"WS",1,2,"time_weighted",897,"26-09-2018","Michelle Li","Kirsty Gilmour",0,0.604762278186544
"WS",1,2,"time_weighted",911,"29-09-2018","Ji Hyun Sung","Beiwen Zhang",0,0.41237497790408
"WS",1,2,"time_weighted",913,"30-09-2018","Nozomi Okuhara","Beiwen Zhang",0,0.835867058251826
"WS",1,2,"time_weighted",914,"02-10-2018","Ka Yan Fan","Yu Ying Hsieh",1,0.491948586256118
"WS",1,2,"time_weighted",926,"03-10-2018","Lauren Lam","Crystal Pan",1,0.252474784057198
"WS",1,2,"time_weighted",950,"09-10-2018","Riya Mookerjee","Daniella Gonda",1,0.635735989328752
"WS",1,2,"time_weighted",956,"10-10-2018","Michelle Skødstrup","Katerina Tomalova",1,0.751615062605243
"WS",1,2,"time_weighted",962,"10-10-2018","Kate Foo Kune","Airi Mikkela",1,0.358142788966031
"WS",1,2,"time_weighted",965,"10-10-2018","Sabrina Jaquet","Ksenia Polikarpova",1,0.914418395502092
"WS",1,2,"time_weighted",971,"11-10-2018","Gayle Mahulette","Xuefei Qi",0,0.170652572824424
"WS",1,2,"time_weighted",980,"12-10-2018","Xuefei Qi","Neslihan Yigit",1,0.499070433048288
"WS",1,2,"time_weighted",982,"13-10-2018","Xuefei Qi","Aliye Demirbag",1,0.582764595037263
"WS",1,2,"time_weighted",983,"14-10-2018","Mia Blichfeldt","Xuefei Qi",1,0.635426814795649
"WS",1,2,"time_weighted",994,"17-10-2018","Bingjiao He","Pornpawee Chochuwong",1,0.503112461157267
"WS",1,2,"time_weighted",995,"17-10-2018","Yufei Chen","Sayaka Sato",1,0.866995648446695
"WS",1,2,"time_weighted",996,"17-10-2018","Yanyan Cai","Linda Zetchiri",1,0.928850217120898
"WS",1,2,"time_weighted",997,"17-10-2018","Tzu Ying Tai","Sayaka Takahashi",1,0.790453182248765
"WS",1,2,"time_weighted",1000,"18-10-2018","Gregoria Mariska Tunjung","Mia Blichfeldt",1,0.275300512304438
"WS",1,2,"time_weighted",1004,"18-10-2018","Ratchanok Intanon","Yanyan Cai",0,0.439174978307533
"WS",1,2,"time_weighted",1006,"19-10-2018","Tzu Ying Tai","Yufei Chen",0,0.786761416702915
"WS",1,2,"time_weighted",1009,"19-10-2018","Gregoria Mariska Tunjung","Line Højmark Kjaersfeldt",1,0.490093198363415
"WS",1,2,"time_weighted",1016,"23-10-2018","Sayaka Sato","Ngan Yi Cheung",1,0.75252623121086
"WS",1,2,"time_weighted",1030,"25-10-2018","Ratchanok Intanon","Xiaoxin Chen",1,0.657895169576417
"WS",1,2,"time_weighted",1035,"25-10-2018","Ji Hyun Sung","Bingjiao He",0,0.178042003722543
"WS",1,2,"time_weighted",1041,"27-10-2018","Tzu Ying Tai","Yufei Chen",1,0.501502519340278
"WS",1,2,"time_weighted",1046,"30-10-2018","Ying Mei Cheung","Lauren Lam",1,0.612583547019878
"WS",1,2,"time_weighted",1048,"31-10-2018","Michelle Li","Shuo Yun Sung",1,0.64445068777156
"WS",1,2,"time_weighted",1049,"31-10-2018","Yulia Yosephin Susanto","Supanida Katethong",1,0.396276070131684
"WS",1,2,"time_weighted",1050,"31-10-2018","Pui Yin Yip","Xuerui Li",0,0.136895251924946
"WS",1,2,"time_weighted",1052,"31-10-2018","Yu Po Pai","Isabel Zhong",1,0.676465855510582
"WS",1,2,"time_weighted",1058,"31-10-2018","Yu Jin Sim","Ga Eun Kim",1,0.781979011467919
"WS",1,2,"time_weighted",1062,"31-10-2018","Joy Xuan DENG","Shuting Ji",0,0.736237592001471
"WS",1,2,"time_weighted",1065,"01-11-2018","Xuerui Li","Se Yeon Lee",0,0.824728375032507
"WS",1,2,"time_weighted",1072,"02-11-2018","Soniia Cheah","Ngan Yi Cheung",0,0.657283515942847
"WS",1,2,"time_weighted",1080,"30-10-2018","Maryna Ilyinskaya","Sara Boyle",1,0.513122358876805
"WS",1,2,"time_weighted",1083,"31-10-2018","Fangjie Gao","Prashi Joshi",1,0.910329795779789
"WS",1,2,"time_weighted",1084,"31-10-2018","Natalia Perminova","Julie Dawall Jakobsen",0,0.219635764010297
"WS",1,2,"time_weighted",1085,"31-10-2018","Fitriani Fitriani","Ya Lan Chang",1,0.774489814635516
"WS",1,2,"time_weighted",1086,"31-10-2018","Martina Repiska","Ayla Huser",1,0.651296675314038
"WS",1,2,"time_weighted",1087,"31-10-2018","Yanyan Cai","Jia Min Yeo",1,0.735991977686475
"WS",1,2,"time_weighted",1088,"31-10-2018","Fabienne Deprez","Yukino Nakai",0,0.0824974722968777
"WS",1,2,"time_weighted",1094,"31-10-2018","Maryna Ilyinskaya","Xiaoxin Chen",0,0.190394006259169
"WS",1,2,"time_weighted",1098,"31-10-2018","Theresa Isenberg","Anastasiia Semenova",0,0.394820935087358
"WS",1,2,"time_weighted",1110,"02-11-2018","Line Højmark Kjaersfeldt","Saili Rane",1,0.853643074380701
"WS",1,2,"time_weighted",1112,"03-11-2018","Fangjie Gao","Yanyan Cai",1,0.326150864359011
"WS",1,2,"time_weighted",1115,"06-11-2018","Nozomi Okuhara","Rachel Honderich",1,0.75446633946905
"WS",1,2,"time_weighted",1117,"06-11-2018","V. Sindhu Pusarla","Evgeniya Kosetskaya",1,0.921267558483194
"WS",1,2,"time_weighted",1127,"07-11-2018","Lyanny Alessandra Mainaky","Ratchanok Intanon",0,0.0994797393102179
"WS",1,2,"time_weighted",1134,"08-11-2018","Yue Han","Ratchanok Intanon",0,0.410373131562393
"WS",1,2,"time_weighted",1135,"08-11-2018","Pornpawee Chochuwong","Yufei Chen",0,0.259140852720841
"WS",1,2,"time_weighted",1145,"13-11-2018","Chia Hsin Lee","Ruselli Hartawan",0,0.0833883814764892
"WS",1,2,"time_weighted",1150,"14-11-2018","Nitchaon Jindapol","V. Sindhu Pusarla",1,0.214886337994465
"WS",1,2,"time_weighted",1164,"14-11-2018","Joy Xuan DENG","Yue Han",1,0.405208240538369
"WS",1,2,"time_weighted",1166,"15-11-2018","Tzu Ying Tai","Ngan Yi Cheung",1,0.787877470783653
"WS",1,2,"time_weighted",1169,"15-11-2018","Yanyan Cai","Bingjiao He",0,0.254993723703134
"WS",1,2,"time_weighted",1173,"16-11-2018","Ratchanok Intanon","Akane Yamaguchi",1,0.720443261079504
"WS",1,2,"time_weighted",1194,"21-11-2018","Ritika Thaker","Riya Mookerjee",0,0.439017444786402
"WS",1,2,"time_weighted",1196,"21-11-2018","Natalia Perminova","Rituparna Das",1,0.321562377485355
"WS",1,2,"time_weighted",1200,"22-11-2018","Xuerui Li","Pardeshi Shreyanshi",1,0.814377461314421
"WS",1,2,"time_weighted",1201,"22-11-2018","Yue Han","Tanishq Mamilla Palli",1,0.891037410310474
"WS",1,2,"time_weighted",1208,"23-11-2018","Rituparna Das","Saina Nehwal",0,0.33598963614606
"WS",1,2,"time_weighted",1218,"21-11-2018","Abigail Holden","Rachael Darragh",1,0.795440120651279
"WS",1,2,"time_weighted",1219,"21-11-2018","Daniella Gonda","Helina Rüütel",0,0.608443161405799
"WS",1,2,"time_weighted",1229,"22-11-2018","Sonia Goncalves","Michelle Skødstrup",0,0.318416948735862
"WS",1,2,"time_weighted",1238,"22-11-2018","Martina Repiska","Agnes Korosi",0,0.509015807449015
"WS",1,2,"time_weighted",1241,"22-11-2018","Mariya Mitsova","Kristin Kuuba",0,0.535746846589086
"WS",1,2,"time_weighted",1248,"23-11-2018","Airi Mikkela","Jia Min Yeo",0,0.208849245233757
"WS",1,2,"time_weighted",1251,"23-11-2018","Kristin Kuuba","Line Højmark Kjaersfeldt",0,0.247047730715232
"WS",1,2,"time_weighted",1256,"25-11-2018","Kirsty Gilmour","Line Højmark Kjaersfeldt",0,0.479664450152124
"WS",1,2,"time_weighted",1281,"29-11-2018","Busanan Ongbamrungphan","Fitriani Fitriani",1,0.489007171351252
"WS",1,2,"time_weighted",1296,"13-12-2018","Tzu Ying TAI","V. Sindhu PUSARLA",0,0.65434668376215
"WS",1,2,"time_weighted",1301,"14-12-2018","V. Sindhu PUSARLA","Beiwen ZHANG",1,0.819560643084747
"WS",1,2,"time_weighted",1302,"14-12-2018","Ratchanok INTANON","Michelle LI",1,0.583042574284389
"WS",1,2,"time_weighted",1304,"15-12-2018","Akane YAMAGUCHI","Nozomi OKUHARA",0,0.744232860672658
"WS",1,2,"time_weighted",1307,"08-01-2019","Shuting Ji","Muralitharan Thinaah",0,0.779889774421625
"WS",1,2,"time_weighted",1309,"08-01-2019","Disha Gupta","Yin Fun Lim",0,0.217410505893732
"WS",1,2,"time_weighted",1314,"09-01-2019","Sabrina Jaquet","Ayumi Mine",0,0.467712785654597
"WS",1,2,"time_weighted",1323,"09-01-2019","Lianne Tan","Lyanny Alessandra Mainaky",1,0.786263187874718
"WS",1,2,"time_weighted",1327,"10-01-2019","Jia Min Yeo","Yvonne Li",1,0.920261649407088
"WS",1,2,"time_weighted",1332,"10-01-2019","Saena Kawakami","Yanyan Cai",1,0.403907035174245
"WS",1,2,"time_weighted",1334,"10-01-2019","Yulia Yosephin Susanto","Porntip Buranaprasertsuk",0,0.5756362585116
"WS",1,2,"time_weighted",1335,"11-01-2019","Busanan Ongbamrungphan","Saena Kawakami",0,0.709422074718759
"WS",1,2,"time_weighted",1336,"11-01-2019","Fitriani Fitriani","Jia Min Yeo",1,0.30928861453586
"WS",1,2,"time_weighted",1347,"16-01-2019","Line Højmark Kjaersfeldt","Lyanny Alessandra Mainaky",1,0.934198488691237
"WS",1,2,"time_weighted",1350,"16-01-2019","Sayaka Takahashi","Nozomi Okuhara",0,0.160849135354823
"WS",1,2,"time_weighted",1351,"16-01-2019","Joy Xuan DENG","Saina Nehwal",0,0.558653866243165
"WS",1,2,"time_weighted",1352,"16-01-2019","Aya Ohori","Ga Eun Kim",1,0.43515763408481
"WS",1,2,"time_weighted",1357,"16-01-2019","Michelle Li","Ji Hyun Sung",0,0.427263176556349
"WS",1,2,"time_weighted",1362,"17-01-2019","Tzu Ying Tai","Line Højmark Kjaersfeldt",1,0.751393616976254
"WS",1,2,"time_weighted",1370,"18-01-2019","Tzu Ying Tai","Ratchanok Intanon",0,0.499666210048036
"WS",1,2,"time_weighted",1374,"19-01-2019","Carolina Marin","Saina Nehwal",1,0.681729933416804
"WS",1,2,"time_weighted",1380,"22-01-2019","Yulia Yosephin Susanto","Lianne Tan",1,0.495659637874622
"WS",1,2,"time_weighted",1383,"23-01-2019","Fitriani Fitriani","Line Højmark Kjaersfeldt",1,0.662658748968922
"WS",1,2,"time_weighted",1388,"23-01-2019","Akane Yamaguchi","Yue Han",0,0.556706942150779
"WS",1,2,"time_weighted",1395,"23-01-2019","Yulia Yosephin Susanto","Yufei Chen",0,0.29317643466443
"WS",1,2,"time_weighted",1403,"24-01-2019","Sayaka Takahashi","Yufei Chen",0,0.142835759199211
"WS",1,2,"time_weighted",1413,"19-02-2019","Liana Lencevica","Kate Foo Kune",0,0.240927990455776
"WS",1,2,"time_weighted",1416,"20-02-2019","Ruselli Hartawan","Brittney Tam",1,0.653349667849725
"WS",1,2,"time_weighted",1418,"20-02-2019","Mugdha Agrey","Soraya De Visch Eijbergen",1,0.448600268956287
"WS",1,2,"time_weighted",1426,"20-02-2019","Su Yu Chen","Yvonne Li",0,0.510407872155524
"WS",1,2,"time_weighted",1427,"20-02-2019","Sabrina Jaquet","Mia Blichfeldt",0,0.160128748743279
"WS",1,2,"time_weighted",1432,"21-02-2019","Mugdha Agrey","Natalie Chi",0,0.608145914818798
"WS",1,2,"time_weighted",1434,"21-02-2019","Line Højmark Kjaersfeldt","Ying Li Chiang",1,0.877155211707576
"WS",1,2,"time_weighted",1441,"22-02-2019","Joy Xuan DENG","Yanyan Cai",1,0.486707560504202
"WS",1,2,"time_weighted",1445,"23-02-2019","Yanyan Cai","Mia Blichfeldt",1,0.420135808925728
"WS",1,2,"time_weighted",1446,"24-02-2019","Line Højmark Kjaersfeldt","Mia Blichfeldt",0,0.384329709182992
"WS",1,2,"time_weighted",1450,"26-02-2019","Julie Dawall Jakobsen","Neslihan Yigit",0,0.687690088784543
"WS",1,2,"time_weighted",1453,"27-02-2019","Michelle Li","Aya Ohori",0,0.58601266485536
"WS",1,2,"time_weighted",1457,"27-02-2019","Ga Eun Kim","Yue Han",1,0.36194332006234
"WS",1,2,"time_weighted",1461,"27-02-2019","Hyo Min Kim","Nitchaon Jindapol",0,0.605420741222246
"WS",1,2,"time_weighted",1463,"27-02-2019","Yvonne Li","Lyanny Alessandra Mainaky",1,0.813670292571474
"WS",1,2,"time_weighted",1465,"27-02-2019","Joy Xuan Deng","Mia Blichfeldt",0,0.515866347037745
"WS",1,2,"time_weighted",1466,"27-02-2019","Xuerui Li","Akane Yamaguchi",0,0.209901435825951
"WS",1,2,"time_weighted",1467,"28-02-2019","Jin Wei Goh","Ga Eun Kim",1,0.276057314451449
"WS",1,2,"time_weighted",1471,"28-02-2019","Ratchanok Intanon","Nitchaon Jindapol",1,0.911857407652052
"WS",1,2,"time_weighted",1472,"28-02-2019","Nozomi Okuhara","Mia Blichfeldt",0,0.764361859943872
"WS",1,2,"time_weighted",1478,"01-03-2019","Nozomi Okuhara","Aya Ohori",1,0.936585130625499
"WS",1,2,"time_weighted",1486,"06-03-2019","Saina Nehwal","Kirsty Gilmour",1,0.811992412345991
"WS",1,2,"time_weighted",1495,"06-03-2019","Mia Blichfeldt","Pui Yin Yip",1,0.754064251169786
"WS",1,2,"time_weighted",1502,"07-03-2019","Aya Ohori","Yufei Chen",1,0.0582454569829
"WS",1,2,"time_weighted",1503,"07-03-2019","Bingjiao He","Pornpawee Chochuwong",1,0.491816022742086
"WS",1,2,"time_weighted",1506,"08-03-2019","Tzu Ying Tai","Saina Nehwal",1,0.733712389515925
"WS",1,2,"time_weighted",1508,"08-03-2019","Xuerui Li","Nozomi Okuhara",0,0.319891606643166
"WS",1,2,"time_weighted",1512,"10-03-2019","Tzu Ying Tai","Yufei Chen",0,0.432951385892311
"WS",1,2,"time_weighted",1516,"12-03-2019","Xuezhou Lyu","Luoyu Wu",0,0.647686140485355
"WS",1,2,"time_weighted",1518,"12-03-2019","Rena Ozeki","Tomoka Sagawa",0,0.438399890939521
"WS",1,2,"time_weighted",1520,"12-03-2019","Jhih Yun Lin","Shuya Zheng",0,0.243096304528409
"WS",1,2,"time_weighted",1526,"13-03-2019","Zhiyi Wang","Ga Eun Kim",0,0.315491035802174
"WS",1,2,"time_weighted",1529,"13-03-2019","Siqi Wang","Sai Uttejitha Rao Chukka",1,0.454738071229525
"WS",1,2,"time_weighted",1543,"14-03-2019","Hsiang Ti Lin","Shuting Ji",0,0.521065993153527
"WS",1,2,"time_weighted",1547,"14-03-2019","Ting Yu Liang","Ga Eun Kim",0,0.303261474475221
"WS",1,2,"time_weighted",1550,"15-03-2019","Phittayaporn Chaiwan","Ga Eun Kim",0,0.364583692143959
"WS",1,2,"time_weighted",1557,"12-03-2019","Katerina Tomalova","Jenjira Stadelmann",0,0.320704687929005
"WS",1,2,"time_weighted",1558,"12-03-2019","Laura Sarosi","Riya Mookerjee",0,0.390876978977572
"WS",1,2,"time_weighted",1559,"12-03-2019","Clara Azurmendi","Ayla Huser",1,0.784786227990914
"WS",1,2,"time_weighted",1570,"13-03-2019","Michelle Li","Vrushali Gummadi",1,0.803067442246683
"WS",1,2,"time_weighted",1578,"14-03-2019","Ji Hyun Sung","Brittney Tam",1,0.835811224782103
"WS",1,2,"time_weighted",1589,"16-03-2019","Saena Kawakami","Beiwen Zhang",1,0.439642960814583
"WS",1,2,"time_weighted",1590,"17-03-2019","Yufei Chen","Saena Kawakami",1,0.939961795288199
"WS",1,2,"time_weighted",1605,"20-03-2019","Sabrina Jaquet","Vaidehi Choudhari",1,0.680204864936454
"WS",1,2,"time_weighted",1611,"20-03-2019","Kate Foo Kune","Choirunnisa Choirunnisa",0,0.250718952357589
"WS",1,2,"time_weighted",1616,"20-03-2019","Shuo Yun Sung","Chloe Birch",1,0.751070274014452
"WS",1,2,"time_weighted",1617,"20-03-2019","Isabel Zhong","Saena Kawakami",0,0.0503595896670288
"WS",1,2,"time_weighted",1620,"21-03-2019","Sabrina Jaquet","Mugdha Agrey",1,0.790115979142941
"WS",1,2,"time_weighted",1622,"21-03-2019","Neslihan Yigit","Choirunnisa Choirunnisa",1,0.693529941027774
"WS",1,2,"time_weighted",1636,"27-03-2019","Vrushali Gummadi","Chananchida Jucharoen",0,0.57498920709783
"WS",1,2,"time_weighted",1637,"27-03-2019","Yue Han","Vaidehi Choudhari",1,0.899075970004663
"WS",1,2,"time_weighted",1642,"27-03-2019","Nitchaon Jindapol","Xuerui Li",0,0.223917922997527
"WS",1,2,"time_weighted",1644,"27-03-2019","Pui Yin Yip","Busanan Ongbamrungphan",0,0.154849757485907
"WS",1,2,"time_weighted",1648,"27-03-2019","Isabel Zhong","Disha Gupta",0,0.51910009606688
"WS",1,2,"time_weighted",1652,"28-03-2019","Disha Gupta","Ngan Yi Cheung",0,0.0723650100034269
"WS",1,2,"time_weighted",1655,"28-03-2019","Xuerui Li","Bingjiao He",0,0.351598569460364
"WS",1,2,"time_weighted",1656,"28-03-2019","Brittney Tam","Beiwen Zhang",0,0.0627876788764415
"WS",1,2,"time_weighted",1671,"02-04-2019","Xuerui Li","Yanyan Cai",1,0.878291175634602
"WS",1,2,"time_weighted",1679,"03-04-2019","Ji Hyun Sung","Fitriani Fitriani",1,0.664754463263208
"WS",1,2,"time_weighted",1681,"03-04-2019","Evgeniya Kosetskaya","Kirsty Gilmour",0,0.176743762614666
"WS",1,2,"time_weighted",1682,"03-04-2019","Ratchanok Intanon","Gregoria Mariska Tunjung",1,0.903751527636293
"WS",1,2,"time_weighted",1703,"10-04-2019","Lyanny Alessandra Mainaky","V. Sindhu Pusarla",0,0.0520066736614289
"WS",1,2,"time_weighted",1706,"10-04-2019","Ratchanok Intanon","Fitriani Fitriani",1,0.842235271340538
"WS",1,2,"time_weighted",1707,"10-04-2019","Busanan Ongbamrungphan","Kirsty Gilmour",1,0.743168571027881
"WS",1,2,"time_weighted",1712,"10-04-2019","Akane Yamaguchi","Aya Ohori",1,0.771167083458151
"WS",1,2,"time_weighted",1713,"10-04-2019","Mugdha Agrey","Pornpawee Chochuwong",0,0.0566992897618503
"WS",1,2,"time_weighted",1720,"11-04-2019","Busanan Ongbamrungphan","Nozomi Okuhara",0,0.357512334087317
"WS",1,2,"time_weighted",1721,"11-04-2019","Pornpawee Chochuwong","Saina Nehwal",1,0.296451540629282
"WS",1,2,"time_weighted",1723,"11-04-2019","Akane Yamaguchi","Hui Zhen Grace Chua",1,0.971672576545621
"WS",1,2,"time_weighted",1728,"12-04-2019","Yanyan Cai","V. Sindhu Pusarla",1,0.248915195268443
"WS",1,2,"time_weighted",1729,"12-04-2019","Tzu Ying Tai","Ji Hyun Sung",0,0.93474306022978
"WS",1,2,"time_weighted",1732,"14-04-2019","Tzu Ying Tai","Nozomi Okuhara",1,0.661448785439603
"WS",1,2,"time_weighted",1738,"01-05-2019","Gregoria Mariska Tunjung","Yiman Zhang",1,0.69592761127503
"WS",1,2,"time_weighted",1745,"01-05-2019","Fitriani Fitriani","Louisa Ma",1,0.831066623216295
"WS",1,2,"time_weighted",1747,"01-05-2019","Shuting Ji","Ying Li Chiang",1,0.609671820199248
"WS",1,2,"time_weighted",1754,"02-05-2019","Jinjing Qin","Se Young An",0,0.301158560465255
"WS",1,2,"time_weighted",1760,"02-05-2019","Fitriani Fitriani","Aya Ohori",0,0.352119643694288
"WS",1,2,"time_weighted",1768,"04-06-2019","Hyo Min Kim","Ting Yu Liang",1,0.740968997427387
"WS",1,2,"time_weighted",1775,"05-06-2019","Ratchanok Intanon","Joy Xuan DENG",1,0.913902153114595
"WS",1,2,"time_weighted",1781,"05-06-2019","Ngan Yi Cheung","Yulia Yosephin Susanto",1,0.810115880784635
"WS",1,2,"time_weighted",1787,"05-06-2019","Saena Kawakami","Yufei Chen",0,0.124317636149958
"WS",1,2,"time_weighted",1790,"06-06-2019","Busanan Ongbamrungphan","Xuerui Li",1,0.342425142184512
"WS",1,2,"time_weighted",1821,"03-07-2019","Mariana Ugalde","Yi Man Zhang",0,0.202307217015249
"WS",1,2,"time_weighted",1825,"03-07-2019","Se Young An","Wen Chi Hsu",1,0.82239959582638
"WS",1,2,"time_weighted",1834,"04-07-2019","Su Yu Chen","Hyo Min Kim",0,0.170425386055501
"WS",1,2,"time_weighted",1836,"05-07-2019","Hyo Min Kim","Ayumi Mine",1,0.382718000808104
"WS",1,2,"time_weighted",1837,"05-07-2019","Fabienne Deprez","Porntip Buranaprasertsuk",1,0.577344793022062
"WS",1,2,"time_weighted",1841,"07-07-2019","Se Young An","Zhi Yi Wang",1,0.765724325966362
"WS",1,2,"time_weighted",1843,"09-07-2019","Zhi Yi Wang","Nairoby Abigail Jimenez",1,0.87394028784696
"WS",1,2,"time_weighted",1847,"10-07-2019","Yi-Ting Hung","Kristin Kuuba",1,0.622381870451964
"WS",1,2,"time_weighted",1848,"10-07-2019","Jordan Hart","Porntip Buranaprasertsuk",0,0.184676382760365
"WS",1,2,"time_weighted",1852,"10-07-2019","Yu Jin Sim","Yi Man Zhang",1,0.735757889207711
"WS",1,2,"time_weighted",1854,"10-07-2019","Michelle Li","Jennie Gai",1,0.933887297610717
"WS",1,2,"time_weighted",1861,"10-07-2019","Fabienne Deprez","Clara Azurmendi",0,0.802955799116571
"WS",1,2,"time_weighted",1862,"11-07-2019","Hsiang Ti Lin","Porntip Buranaprasertsuk",1,0.736956703221558
"WS",1,2,"time_weighted",1868,"11-07-2019","Zhi Yi Wang","Saena Kawakami",1,0.592345135372583
"WS",1,2,"time_weighted",1869,"11-07-2019","Se Young An","Yi-Ting Hung",1,0.909780842752233
"WS",1,2,"time_weighted",1871,"12-07-2019","Hsiang Ti Lin","Zhi Yi Wang",0,0.261981187243866
"WS",1,2,"time_weighted",1883,"16-07-2019","Line Højmark Kjaersfeldt","Ngan Yi Cheung",0,0.71072274751444
"WS",1,2,"time_weighted",1885,"17-07-2019","Fitriani Fitriani","Yu Fei Chen",0,0.208509006938556
"WS",1,2,"time_weighted",1888,"17-07-2019","Mia Blichfeldt","Pui Yin Yip",1,0.662018425964103
"WS",1,2,"time_weighted",1890,"17-07-2019","Joy Xuan DENG","Nozomi Okuhara",0,0.0723851205824967
"WS",1,2,"time_weighted",1892,"17-07-2019","Beiwen Zhang","Lyanny Alessandra Mainaky",1,0.587449769421042
"WS",1,2,"time_weighted",1909,"17-07-2019","Kirsty Gilmour","Maria Ulitina",1,0.844985192120317
"WS",1,2,"time_weighted",1912,"17-07-2019","Elizaveta Pyatina","Laura Sarosi",0,0.294492768543042
"WS",1,2,"time_weighted",1920,"17-07-2019","Choirunnisa Choirunnisa","Yu Po Pai",1,0.475246512207104
"WS",1,2,"time_weighted",1925,"18-07-2019","Mariya Mitsova","Natsumi Shimoda",0,0.61977675209474
"WS",1,2,"time_weighted",1926,"18-07-2019","Iris Wang","Natalia Perminova",1,0.866054253413149
"WS",1,2,"time_weighted",1934,"19-07-2019","Moto Hayashi","Sabrina Jaquet",1,0.48195341281581
"WS",1,2,"time_weighted",1944,"23-07-2019","Gregoria Mariska Tunjung","Line Højmark Kjaersfeldt",1,0.631756847854845
"WS",1,2,"time_weighted",1954,"25-07-2019","Aya Ohori","V. Sindhu Pusarla",0,0.507003895346196
"WS",1,2,"time_weighted",1955,"25-07-2019","Nozomi Okuhara","Mia Blichfeldt",1,0.872616956334445
"WS",1,2,"time_weighted",1957,"25-07-2019","Xiao Xin Chen","Akane Yamaguchi",0,0.0545579487132749
"WS",1,2,"time_weighted",1964,"26-07-2019","Tzu Ying Tai","Michelle Li",1,0.747428584585491
"WS",1,2,"time_weighted",1965,"26-07-2019","Busanan Ongbamrungphan","Yu Fei Chen",1,0.545881746345363
"WS",1,2,"time_weighted",1967,"27-07-2019","Akane Yamaguchi","Yu Fei Chen",1,0.865969907791551
"WS",1,2,"time_weighted",1968,"28-07-2019","Nozomi Okuhara","Akane Yamaguchi",0,0.181979309761851
"WS",1,2,"time_weighted",1977,"31-07-2019","Bing Jiao He","Xue Rui Li",1,0.618649389976783
"WS",1,2,"time_weighted",1982,"31-07-2019","Sayaka Takahashi","Ruselli Hartawan",1,0.829005100428329
"WS",1,2,"time_weighted",1983,"31-07-2019","Nitchaon Jindapol","Busanan Ongbamrungphan",1,0.29944582496906
"WS",1,2,"time_weighted",1984,"31-07-2019","Yvonne Li","Ratchanok Intanon",0,0.072041723738038
"WS",1,2,"time_weighted",1987,"31-07-2019","Pornpawee Chochuwong","Aya Ohori",1,0.693256835467391
"WS",1,2,"time_weighted",1996,"01-08-2019","Pornpawee Chochuwong","Ji Hyun Sung",1,0.548595367943755
"WS",1,2,"time_weighted",1998,"02-08-2019","Ratchanok Intanon","Xiao Xin Chen",1,0.879221753464085
"WS",1,2,"time_weighted",1999,"02-08-2019","Pornpawee Chochuwong","Ngan Yi Cheung",0,0.741864112842918
"WS",1,2,"time_weighted",2000,"02-08-2019","Fitriani Fitriani","Sayaka Takahashi",1,0.317559945765293
"WS",1,2,"time_weighted",2021,"07-08-2019","Disha Gupta","Sai Uttejitha Rao Chukka",1,0.300373378782197
"WS",1,2,"time_weighted",2024,"07-08-2019","Brittney Tam","Chananchida Jucharoen",0,0.517354527324338
"WS",1,2,"time_weighted",2027,"07-08-2019","Nuntakarn Aimsaard","Se Young An",0,0.0922760249778722
"WS",1,2,"time_weighted",2030,"07-08-2019","Yu Po Pai","Jennie Gai",1,0.787106899862702
"WS",1,2,"time_weighted",2038,"08-08-2019","Sai Uttejitha Rao Chukka","Benyapa Aimsaard",1,0.165965429850171
"WS",1,2,"time_weighted",2044,"10-08-2019","Jia Min Yeo","Phittayaporn Chaiwan",0,0.789586095129266
"WS",1,2,"time_weighted",2045,"10-08-2019","Porntip Buranaprasertsuk","Se Young An",0,0.145126497928402
"WS",1,2,"time_weighted",2047,"13-08-2019","Kana Furukawa","Nanami Akechi",1,0.6380554779202
"WS",1,2,"time_weighted",2055,"14-08-2019","Moto Hayashi","Iris Wang",1,0.323305566845636
"WS",1,2,"time_weighted",2056,"14-08-2019","Minatsu Mitani","Natsuki Nidaira",0,0.63125518379208
"WS",1,2,"time_weighted",2065,"15-08-2019","Se Young An","Natsuki Oie",1,0.438550151661643
"WS",1,2,"time_weighted",2069,"15-08-2019","Sayaka Sato","Yi Man Zhang",0,0.533895422775672
"WS",1,2,"time_weighted",2074,"16-08-2019","Natsuki Nidaira","Natsumi Shimoda",1,0.82849576226884
"WS",1,2,"time_weighted",2075,"16-08-2019","Yi Man Zhang","Haruko Suzuki",0,0.685427943925736
"WS",1,2,"time_weighted",2087,"04-09-2019","Yu Jin Sim","Sabrina Jaquet",0,0.38011195615408
"WS",1,2,"time_weighted",2091,"04-09-2019","Su Yu Chen","Ruselli Hartawan",0,0.364659573853442
"WS",1,2,"time_weighted",2095,"04-09-2019","Phittayaporn Chaiwan","Chananchida Jucharoen",1,0.890623185159878
"WS",1,2,"time_weighted",2097,"04-09-2019","Joy Xuan DENG","Yu Po Pai",0,0.286473699871786
"WS",1,2,"time_weighted",2098,"04-09-2019","Nitchaon Jindapol","Hyo Min Kim",1,0.627509496795911
"WS",1,2,"time_weighted",2101,"05-09-2019","Gregoria Mariska Tunjung","Sabrina Jaquet",1,0.863470615567453
"WS",1,2,"time_weighted",2113,"08-09-2019","Ji Hyun Sung","Michelle Li",1,0.693355448911683
"WS",1,2,"time_weighted",2115,"10-09-2019","Bening Sri Rahayu","Ying Mei Cheung",1,0.71591958163566
"WS",1,2,"time_weighted",2118,"10-09-2019","Asuka Takahashi","Lauren Lam",1,0.730546646696192
"WS",1,2,"time_weighted",2121,"10-09-2019","Nuntakarn Aimsaard","Ying Chun Lin",0,0.691716330546196
"WS",1,2,"time_weighted",2129,"11-09-2019","Shu Ting Ji","Iris Wang",1,0.511431151161529
"WS",1,2,"time_weighted",2130,"11-09-2019","Saena Kawakami","Yi-Ting Hung",0,0.491932802174792
"WS",1,2,"time_weighted",2145,"12-09-2019","Hyo Min Kim","Asuka Takahashi",0,0.409899601088903
"WS",1,2,"time_weighted",2148,"12-09-2019","Yi-Ting Hung","Shuo Yun Sung",0,0.368824838442493
"WS",1,2,"time_weighted",2150,"13-09-2019","Yi Man Zhang","Yu Jin Sim",0,0.69909374720975
"WS",1,2,"time_weighted",2152,"13-09-2019","Zhi Yi Wang","Supanida Katethong",1,0.765298891633218
"WS",1,2,"time_weighted",2157,"17-09-2019","Nozomi Okuhara","Carolina Marin",0,0.406439616497852
"WS",1,2,"time_weighted",2158,"17-09-2019","Akane Yamaguchi","Evgeniya Kosetskaya",0,0.956489132254238
"WS",1,2,"time_weighted",2185,"21-09-2019","Sayaka Takahashi","Carolina Marin",0,0.381299331810813
"WS",1,2,"time_weighted",2187,"22-09-2019","Carolina Marin","Tzu Ying Tai",1,0.199913623039808
"WS",1,2,"time_weighted",2191,"24-09-2019","Pui Yin Yip","Jui Jeon",0,0.314645246115711
"WS",1,2,"time_weighted",2198,"25-09-2019","Michelle Li","Pornpawee Chochuwong",1,0.590709024817007
"WS",1,2,"time_weighted",2213,"26-09-2019","Ji Hyun Sung","Nozomi Okuhara",0,0.226213588042827
"WS",1,2,"time_weighted",2219,"27-09-2019","Michelle Li","Nozomi Okuhara",1,0.374398069185513
"WS",1,2,"time_weighted",2220,"28-09-2019","Ratchanok Intanon","Tzu Ying Tai",1,0.325048503948175
"WS",1,2,"time_weighted",2224,"01-10-2019","Alifia Intan Nurrohkhim","Silvi Wulandari",1,0.823525433973908
"WS",1,2,"time_weighted",2225,"01-10-2019","Samin Abedkhojasteh","Dharshinie Vasigaran",0,0.754678600006653
"WS",1,2,"time_weighted",2226,"01-10-2019","Pin-Chian Chiu","Desima Aqmar Syarafina",1,0.347169044378932
"WS",1,2,"time_weighted",2237,"02-10-2019","Disha Gupta","Yulia Yosephin Susanto",0,0.126793314663111
"WS",1,2,"time_weighted",2238,"02-10-2019","Shiori Saito","Hui Zhen Grace Chua",1,0.819336865622731
"WS",1,2,"time_weighted",2245,"02-10-2019","Crystal Pan","Lyanny Alessandra Mainaky",1,0.718027241273179
"WS",1,2,"time_weighted",2251,"03-10-2019","Shu Ting Ji","Shu Ya Zheng",1,0.556009082243315
"WS",1,2,"time_weighted",2257,"03-10-2019","Ya Xin Wei","Ruselli Hartawan",0,0.34207697384261
"WS",1,2,"time_weighted",2261,"04-10-2019","Zhi Yi Wang","Hsiang Ti Lin",1,0.861085376046185
"WS",1,2,"time_weighted",2269,"09-10-2019","Ya Xin Wei","Zhi Yi Wang",0,0.108246308502147
"WS",1,2,"time_weighted",2274,"09-10-2019","Marie Batomene","Kirsty Gilmour",1,0.483190737176707
"WS",1,2,"time_weighted",2275,"09-10-2019","Linda Zetchiri","Yvonne Li",0,0.194425729180769
"WS",1,2,"time_weighted",2280,"09-10-2019","Lianne Tan","Xuefei Qi",0,0.29830545041512
"WS",1,2,"time_weighted",2292,"10-10-2019","Ksenia Polikarpova","Evgeniya Kosetskaya",0,0.178082618139398
"WS",1,2,"time_weighted",2299,"13-10-2019","Zhi Yi Wang","Evgeniya Kosetskaya",1,0.886264567366425
"WS",1,2,"time_weighted",2302,"15-10-2019","Pornpawee Chochuwong","Carolina Marin",0,0.165295994786458
"WS",1,2,"time_weighted",2314,"16-10-2019","Yan Yan Cai","Fitriani Fitriani",1,0.539786325743423
"WS",1,2,"time_weighted",2318,"17-10-2019","Aya Ohori","Ratchanok Intanon",0,0.317212363023937
"WS",1,2,"time_weighted",2319,"17-10-2019","Ngan Yi Cheung","Carolina Marin",0,0.110127810314092
"WS",1,2,"time_weighted",2323,"18-10-2019","Carolina Marin","Se Young An",1,0.638803238394825
"WS",1,2,"time_weighted",2330,"22-10-2019","Evgeniya Kosetskaya","Mia Blichfeldt",0,0.530678289631786
"WS",1,2,"time_weighted",2334,"22-10-2019","Beiwen Zhang","Ga Eun Kim",0,0.322815412211824
"WS",1,2,"time_weighted",2347,"24-10-2019","Line Højmark Kjaersfeldt","Saina Nehwal",0,0.160171912076515
"WS",1,2,"time_weighted",2364,"29-10-2019","Isabelle Rusli","Ying Mei Cheung",0,0.212255031410644
"WS",1,2,"time_weighted",2365,"30-10-2019","Lyanny Alessandra Mainaky","Busanan Ongbamrungphan",0,0.0662179792691239
"WS",1,2,"time_weighted",2367,"30-10-2019","Ting Yu Liang","Yue Han",0,0.336842068680511
"WS",1,2,"time_weighted",2372,"30-10-2019","Yan Yan Cai","Sai Uttejitha Rao Chukka",1,0.734504969480317
"WS",1,2,"time_weighted",2373,"30-10-2019","Ying Chun Lin","Pui Yin Yip",0,0.51709005936204
"WS",1,2,"time_weighted",2374,"30-10-2019","Nitchaon Jindapol","Yu Jin Sim",1,0.767162508759079
"WS",1,2,"time_weighted",2377,"30-10-2019","Ga Eun Kim","Meng Zhou",0,0.814424623530426
"WS",1,2,"time_weighted",2388,"01-11-2019","Michelle Li","Yan Yan Cai",1,0.907441845797737
"WS",1,2,"time_weighted",2391,"01-11-2019","Busanan Ongbamrungphan","Yue Han",0,0.394608898759941
"WS",1,2,"time_weighted",2409,"30-10-2019","Shu Ya Zheng","Airi Mikkela",1,0.639230711805952
"WS",1,2,"time_weighted",2416,"31-10-2019","Martina Repiska","Yvonne Li",0,0.266719450088855
"WS",1,2,"time_weighted",2424,"02-11-2019","Yun Li","Natalia Perminova",1,0.843630045538797
"WS",1,2,"time_weighted",2425,"03-11-2019","Yun Li","Line Christophersen",1,0.814423284770939
"WS",1,2,"time_weighted",2431,"05-11-2019","V. Sindhu Pusarla","Yu Po Pai",1,0.420368586685161
"WS",1,2,"time_weighted",2434,"06-11-2019","Aya Ohori","Yue Han",1,0.274101946958818
"WS",1,2,"time_weighted",2439,"06-11-2019","Michelle Li","Ngan Yi Cheung",1,0.880023823184085
"WS",1,2,"time_weighted",2442,"07-11-2019","Tzu Ying Tai","Gregoria Mariska Tunjung",1,0.870667130475808
"WS",1,2,"time_weighted",2447,"07-11-2019","Bing Jiao He","Se Young An",1,0.549381734771843
"WS",1,2,"time_weighted",2450,"08-11-2019","Nozomi Okuhara","Bing Jiao He",1,0.773292077323953
"WS",1,2,"time_weighted",2458,"12-11-2019","Lyanny Alessandra Mainaky","Ying Mei Cheung",1,0.11121226085742
"WS",1,2,"time_weighted",2460,"12-11-2019","Lauren Lam","Sum Yee Yeung",1,0.422447813508519
"WS",1,2,"time_weighted",2475,"13-11-2019","Bing Jiao He","Mia Blichfeldt",1,0.407907030250662
"WS",1,2,"time_weighted",2477,"14-11-2019","Ruselli Hartawan","Se Young An",1,0.368330159822677
"WS",1,2,"time_weighted",2483,"14-11-2019","Yan Yan Cai","Beiwen Zhang",0,0.194993531542417
"WS",1,2,"time_weighted",2485,"15-11-2019","Ratchanok Intanon","Nozomi Okuhara",1,0.663406115888858
"WS",1,2,"time_weighted",2486,"15-11-2019","Ruselli Hartawan","Beiwen Zhang",0,0.537452737156596
"WS",1,2,"time_weighted",2489,"16-11-2019","Beiwen Zhang","Yu Fei Chen",1,0.133175594929627
"WS",1,2,"time_weighted",2493,"19-11-2019","Sih Yun Lin","Ga Eun Park",0,0.25458600495691
"WS",1,2,"time_weighted",2498,"20-11-2019","Jhih Yun Lin","Se Yeon Lee",0,0.604910273527978
"WS",1,2,"time_weighted",2502,"20-11-2019","Se Young An","Aya Ohori",1,0.746292509049945
"WS",1,2,"time_weighted",2506,"20-11-2019","Yi Man Zhang","Sayaka Takahashi",1,0.681906166500024
"WS",1,2,"time_weighted",2511,"21-11-2019","Akane Yamaguchi","Kirsty Gilmour",1,0.832658067811027
"WS",1,2,"time_weighted",2523,"23-11-2019","Akane Yamaguchi","Se Young An",0,0.364988217189501
"WS",1,2,"time_weighted",2526,"26-11-2019","Aakarshi Kashyap","Ashmita Chaliha",0,0.474034828359891
"WS",1,2,"time_weighted",2539,"27-11-2019","Tanvi Lad","Natalia Perminova",0,0.602219600563758
"WS",1,2,"time_weighted",2541,"27-11-2019","Zhi Yi Wang","Hsuan-Yu Wendy Chen",1,0.965353800112624
"WS",1,2,"time_weighted",2544,"27-11-2019","Mugdha Agrey","Lianne Tan",1,0.264429373298024
"WS",1,2,"time_weighted",2546,"28-11-2019","Yi Man Zhang","Evgeniya Kosetskaya",0,0.597257603233448
"WS",1,2,"time_weighted",2552,"28-11-2019","Porntip Buranaprasertsuk","Phittayaporn Chaiwan",0,0.228694406795334
"WS",1,2,"time_weighted",2555,"29-11-2019","Carolina Marin","Evgeniya Kosetskaya",1,0.951277126000293
"WS",1,2,"time_weighted",2558,"30-11-2019","Phittayaporn Chaiwan","Rituparna Das",1,0.612700267578905
"WS",1,2,"time_weighted",2559,"30-11-2019","Ga Eun Kim","Carolina Marin",0,0.252621178598423
"WS",1,2,"time_weighted",2562,"11-12-2019","Ratchanok Intanon","Busanan Ongbamrungphan",1,0.978429924148397
"WS",1,2,"time_weighted",2563,"11-12-2019","Yu Fei Chen","Bing Jiao He",1,0.908605586728138
"WS",1,2,"time_weighted",2573,"14-12-2019","Tzu Ying Tai","Nozomi Okuhara",1,0.947277531434371
"WS",1,2,"time_weighted",2576,"07-01-2020","Lyanny Alessandra Mainaky","Xuefei Qi",0,0.061266102214632
"WS",1,2,"time_weighted",2581,"08-01-2020","Nozomi Okuhara","Pui Yin Yip",0,0.941982871028648
"WS",1,2,"time_weighted",2583,"08-01-2020","Aya Ohori","Busanan Ongbamrungphan",0,0.738456677115108
"WS",1,2,"time_weighted",2589,"08-01-2020","Nitchaon Jindapol","Yue Han",1,0.632419329015479
"WS",1,2,"time_weighted",2600,"09-01-2020","Tzu Ying Tai","Ji Hyun Sung",0,0.750841513897619
"WS",1,2,"time_weighted",2609,"11-01-2020","Carolina Marin","Yu Fei Chen",0,0.217921329886295
"WS",1,2,"time_weighted",2612,"14-01-2020","Porntip Buranaprasertsuk","Yvonne Li",1,0.578164047238346
"WS",1,2,"time_weighted",2625,"15-01-2020","Ruselli Hartawan","Michelle Li",0,0.24501496463875
"WS",1,2,"time_weighted",2637,"16-01-2020","Busanan Ongbamrungphan","Ratchanok Intanon",0,0.201742943952855
"WS",1,2,"time_weighted",2641,"17-01-2020","Beiwen Zhang","Bing Jiao He",0,0.278903840912941
"WS",1,2,"time_weighted",2646,"21-01-2020","Sabrina Jaquet","Lianne Tan",0,0.393925223562074
"WS",1,2,"time_weighted",2650,"22-01-2020","Evgeniya Kosetskaya","Xuefei Qi",1,0.541452792638945
"WS",1,2,"time_weighted",2664,"22-01-2020","Yu Jin Sim","Yu Po Pai",0,0.405497669094006
"WS",1,2,"time_weighted",2680,"26-01-2020","Akane Yamaguchi","Se Young An",1,0.623949454512984
"WS",1,2,"time_weighted",2685,"19-02-2020","Sabrina Jaquet","Ksenia Polikarpova",1,0.758249257251115
"WS",1,2,"time_weighted",2686,"19-02-2020","Evgeniya Kosetskaya","Julie Dawall Jakobsen",1,0.459981935619889
"WS",1,2,"time_weighted",2687,"19-02-2020","Yvonne Li","Saina Nehwal",0,0.262410867687404
"WS",1,2,"time_weighted",2695,"20-02-2020","Julie Dawall Jakobsen","Busanan Ongbamrungphan",0,0.14971851391925
"WS",1,2,"time_weighted",2706,"21-02-2020","Pornpawee Chochuwong","Neslihan Yigit",1,0.73454703026346
"WS",1,2,"time_weighted",2710,"11-03-2020","Yu Fei Chen","Se Young An",1,0.535084878279353
"WS",1,2,"time_weighted",2712,"11-03-2020","Saina Nehwal","Akane Yamaguchi",0,0.0620420362787198
"WS",1,2,"time_weighted",2721,"11-03-2020","Yi Man Zhang","Carolina Marin",0,0.083382351243544
"WS",1,2,"time_weighted",2726,"12-03-2020","Ratchanok Intanon","Aya Ohori",1,0.840053002751651
"WS",1,2,"time_weighted",2727,"12-03-2020","Nozomi Okuhara","Line Højmark Kjaersfeldt",1,0.902078121884302
"WS",1,2,"time_weighted",2732,"12-03-2020","Pornpawee Chochuwong","Bing Jiao He",1,0.298248108253038
"WS",1,2,"time_weighted",2744,"13-10-2020","Léonice Huet","Katerina Tomalova",1,0.824267308390114
"WS",1,2,"time_weighted",2754,"14-10-2020","Emilie Hamang","Yaelle Hoyaux",0,0.338719996900238
"WS",1,2,"time_weighted",2756,"15-10-2020","Jordan Hart","Nozomi Okuhara",0,0.0194739998264893
"WS",1,2,"time_weighted",2766,"16-10-2020","Mia Blichfeldt","Michelle Li",0,0.27559990992766
"WS",1,2,"time_weighted",2771,"28-10-2020","Beatriz Corrales","Ann-Kathrin Spöri",1,0.41567080524779
"WS",1,2,"time_weighted",2786,"28-10-2020","Tereza Švábíková","Line Højmark Kjaersfeldt",0,0.277697932361248
"WS",1,2,"time_weighted",2787,"29-10-2020","Rachael Darragh","Beatriz Corrales",0,0.472886424267388
"WS",1,2,"time_weighted",2791,"29-10-2020","Lianne Tan","Sabrina Jaquet",0,0.698927590823916
"WS",1,2,"time_weighted",2796,"30-10-2020","Julie Dawall Jakobsen","Line Højmark Kjaersfeldt",0,0.38512916464613
"WS",1,2,"time_weighted",2797,"30-10-2020","Carolina Marin","Xuefei Qi",1,0.955268139507089
"WS",1,2,"time_weighted",2805,"12-01-2021","Gregoria Mariska Tunjung","Ji Hyun Sung",0,0.563483497297743
"WS",1,2,"time_weighted",2810,"13-01-2021","Xuefei Qi","Carolina Marin",0,0.0563524212167731
"WS",1,2,"time_weighted",2813,"13-01-2021","Supanida Katethong","Ruselli Hartawan",1,0.625578385541636
"WS",1,2,"time_weighted",2815,"13-01-2021","Yvonne Li","Hadia Hosny",1,0.873973261779561
"WS",1,2,"time_weighted",2824,"14-01-2021","Supanida Katethong","Evgeniya Kosetskaya",1,0.726114889708664
"WS",1,2,"time_weighted",2825,"15-01-2021","Tzu Ying Tai","Michelle Li",1,0.939153759772344
"WS",1,2,"time_weighted",2830,"16-01-2021","Tzu Ying Tai","Mia Blichfeldt",1,0.948322902660184
"WS",1,2,"time_weighted",2831,"17-01-2021","Tzu Ying Tai","Carolina Marin",0,0.292603087672152
"WS",1,2,"time_weighted",2834,"19-01-2021","Michelle Li","Ngan Yi Cheung",0,0.86275885915081
"WS",1,2,"time_weighted",2839,"19-01-2021","Iris Wang","Ga Eun Kim",1,0.115373654223208
"WS",1,2,"time_weighted",2855,"22-01-2021","Se Young An","Pornpawee Chochuwong",1,0.764987454081484
"WS",1,2,"time_weighted",2858,"22-01-2021","Tzu Ying Tai","Michelle Li",1,0.718432476336047
"WS",1,2,"time_weighted",2866,"28-01-2021","Carolina Marin","Michelle Li",1,0.846871359559567
"WS",1,2,"time_weighted",2882,"03-03-2021","Saina Nehwal","Phittayaporn Chaiwan",1,0.374501163027258
"WS",1,2,"time_weighted",2883,"03-03-2021","Xuefei Qi","Ji Hyun Sung",0,0.113891585325242
"WS",1,2,"time_weighted",2885,"03-03-2021","Lianne Tan","Line Christophersen",0,0.313912585057262
"WS",1,2,"time_weighted",2889,"03-03-2021","Beiwen Zhang","Linda Zetchiri",1,0.930863986711701
"WS",1,2,"time_weighted",2890,"03-03-2021","Soraya De Visch Eijbergen","Aliye Demirbag",0,0.358541563145759
"WS",1,2,"time_weighted",2896,"04-03-2021","Pornpawee Chochuwong","Line Højmark Kjaersfeldt",1,0.728799459673352
"WS",1,2,"time_weighted",2903,"05-03-2021","Busanan Ongbamrungphan","V. Sindhu Pusarla",0,0.371141527518118
"WS",1,2,"time_weighted",2906,"06-03-2021","Carolina Marin","Pornpawee Chochuwong",0,0.808168988978384
"WS",1,2,"time_weighted",2910,"17-03-2021","Mariya Mitsova","Supanida Katethong",0,0.0852527111865976
"WS",1,2,"time_weighted",2916,"17-03-2021","Akane Yamaguchi","Xuefei Qi",1,0.890211716369476
"WS",1,2,"time_weighted",2919,"17-03-2021","Selvaduray Kisona","Busanan Ongbamrungphan",0,0.0813355697256483
"WS",1,2,"time_weighted",2922,"17-03-2021","Phittayaporn Chaiwan","Lianne Tan",1,0.910483434416009
"WS",1,2,"time_weighted",2926,"18-03-2021","Yvonne Li","Mia Blichfeldt",0,0.257535925916068
"WS",1,2,"time_weighted",2927,"18-03-2021","Linda Zetchiri","Nozomi Okuhara",0,0.0140577996633591
"WS",1,2,"time_weighted",2933,"19-03-2021","Akane Yamaguchi","V. Sindhu Pusarla",0,0.739646631179835
"WS",1,2,"time_weighted",2937,"21-03-2021","Pornpawee Chochuwong","Nozomi Okuhara",0,0.163135375084022
"WS",1,2,"time_weighted",2938,"23-03-2021","Romane Cloteaux-Foucault","Anna Tatranova",0,0.384005808262048
"WS",1,2,"time_weighted",2942,"23-03-2021","Ophelia Casier","Malya Hoareau",1,0.616938406827446
"WS",1,2,"time_weighted",2943,"23-03-2021","Marie Cesari","Putri Kusuma Wardani",0,0.166250031823969
"WS",1,2,"time_weighted",2945,"24-03-2021","Daniela Macias","Xuefei Qi",0,0.0893010935810211
"WS",1,2,"time_weighted",2952,"24-03-2021","Ophelia Casier","Freya Redfearn",1,0.129217401089578
"WS",1,2,"time_weighted",2953,"24-03-2021","Laura Sarosi","Mariya Mitsova",0,0.437180872550571
"WS",1,2,"time_weighted",2957,"24-03-2021","Lianne Tan","Aliye Demirbag",0,0.373846811318419
"WS",1,2,"time_weighted",2958,"24-03-2021","Pornpawee Chochuwong","Irina Amalie Andersen",1,0.946382985127936
"WS",1,2,"time_weighted",2967,"25-03-2021","Jin Wei Goh","Aliye Demirbag",1,0.852210478942956
"WS",2,3,"max_streak",7,"10-01-2018","Gregoria Mariska Tunjung","Sai Uttejitha Rao Chukka",1,0.486316786224264
"WS",2,3,"max_streak",12,"10-01-2018","Lyanny Alessandra Mainaky","Natsumi Shimoda",0,0.412512175635421
"WS",2,3,"max_streak",43,"17-01-2018","Kirsty Gilmour","Mia Blichfeldt",1,0.45341990519013
"WS",2,3,"max_streak",49,"17-01-2018","Tzu Ying Tai","Soniia Cheah",1,0.450108669817894
"WS",2,3,"max_streak",52,"17-01-2018","Mette Poulsen","Mei Hui Chiang",1,0.380905764575499
"WS",2,3,"max_streak",60,"18-01-2018","Yufei Chen","Jang Mi Lee",1,0.617532745844311
"WS",2,3,"max_streak",62,"18-01-2018","Sayaka Sato","Bingjiao He",0,0.420219644786975
"WS",2,3,"max_streak",74,"24-01-2018","Tzu Ying Tai","Michelle Li",1,0.641484640083645
"WS",2,3,"max_streak",126,"01-02-2018","Fangjie Gao","Carolina Marin",0,0.383813179272654
"WS",2,3,"max_streak",137,"03-02-2018","Beiwen Zhang","Ngan Yi Cheung",1,0.589087597618688
"WS",2,3,"max_streak",175,"06-03-2018","Shuo Yun Sung","Fangjie Gao",0,0.306251644487203
"WS",2,3,"max_streak",208,"11-03-2018","Akane Yamaguchi","Yufei Chen",1,0.32119509985122
"WS",2,3,"max_streak",217,"14-03-2018","Pornpawee Chochuwong","V. Sindhu Pusarla",0,0.302735800558525
"WS",2,3,"max_streak",237,"17-03-2018","V. Sindhu Pusarla","Akane Yamaguchi",0,0.401576055268745
"WS",2,3,"max_streak",246,"27-03-2018","Vaidehi Choudhari","Yaelle Hoyaux",1,0.404673374051782
"WS",2,3,"max_streak",257,"28-03-2018","Neslihan Yigit","Yin Fun Lim",1,0.553223028545922
"WS",2,3,"max_streak",265,"29-03-2018","Ruselli Hartawan","Martina Repiska",1,0.502417285968145
"WS",2,3,"max_streak",306,"13-04-2018","Yue Han","Zhiyi Wang",0,0.573301326309126
"WS",2,3,"max_streak",333,"03-05-2018","Shuting Ji","Chananchida Jucharoen",0,0.533500700348706
"WS",2,3,"max_streak",349,"09-05-2018","Sabrina Jaquet","Ga Eun Kim",1,0.199068020325577
"WS",2,3,"max_streak",354,"09-05-2018","Brittney Tam","Yukino Nakai",0,0.324080705030749
"WS",2,3,"max_streak",357,"09-05-2018","Hsuan-Yu Wendy Chen","Shiori Saito",1,0.314416520376442
"WS",2,3,"max_streak",398,"13-06-2018","Lauren Lam","Se Yeon Lee",0,0.597241805217042
"WS",2,3,"max_streak",405,"14-06-2018","Aya Ohori","Jui Jeon",1,0.499149611295927
"WS",2,3,"max_streak",413,"17-06-2018","Beiwen Zhang","Xuerui Li",0,0.410217163681569
"WS",2,3,"max_streak",428,"20-06-2018","Asuka Takahashi","Yue Han",1,0.483896338170834
"WS",2,3,"max_streak",443,"21-06-2018","Se Yeon Lee","Asuka Takahashi",0,0.365282266151315
"WS",2,3,"max_streak",453,"22-06-2018","Jui Jeon","Sayaka Takahashi",0,0.411029513967205
"WS",2,3,"max_streak",467,"27-06-2018","Ji Hyun Sung","Fitriani Fitriani",1,0.525915157331044
"WS",2,3,"max_streak",498,"04-07-2018","Carolina Marin","Sayaka Sato",0,0.60513729591757
"WS",2,3,"max_streak",550,"13-07-2018","Nozomi Okuhara","Aya Ohori",1,0.572300611784477
"WS",2,3,"max_streak",562,"18-07-2018","Yulia Yosephin Susanto","Jennie Gai",1,0.403426022542739
"WS",2,3,"max_streak",571,"18-07-2018","Beatriz Corrales","Sai Uttejitha Rao Chukka",1,0.628338749274337
"WS",2,3,"max_streak",577,"19-07-2018","Pornpawee Chochuwong","Yue Han",0,0.584484818635047
"WS",2,3,"max_streak",641,"25-07-2018","Asuka Takahashi","Chananchida Jucharoen",0,0.723893869503383
"WS",2,3,"max_streak",659,"27-07-2018","Sayaka Takahashi","Yui Hashimoto",1,0.866322783784838
"WS",2,3,"max_streak",673,"07-08-2018","Supanida Katethong","Pardeshi Shreyanshi",1,0.558921255177249
"WS",2,3,"max_streak",689,"08-08-2018","Shuo Yun Sung","Muralitharan Thinaah",1,0.521159190428534
"WS",2,3,"max_streak",692,"09-08-2018","Sayaka Takahashi","Yen Mei Ho",0,0.863757554986098
"WS",2,3,"max_streak",701,"10-08-2018","Yen Mei Ho","Yue Han",0,0.671344478843376
"WS",2,3,"max_streak",727,"30-08-2018","Busanan Ongbamrungphan","Ayumi Mine",1,0.614631460714773
"WS",2,3,"max_streak",731,"30-08-2018","Mette Poulsen","Kirsty Gilmour",0,0.458326372917443
"WS",2,3,"max_streak",742,"04-09-2018","Ka Yan Fan","Vaishnavi Kaari",0,0.401513424403428
"WS",2,3,"max_streak",744,"04-09-2018","Ritika Thaker","Rizma Anestasy Violeta",1,0.401513424403428
"WS",2,3,"max_streak",782,"09-09-2018","Joy Xuan DENG","Ga Eun Kim",0,0.606396974633212
"WS",2,3,"max_streak",813,"16-09-2018","Nozomi Okuhara","Carolina Marin",0,0.608635802864721
"WS",2,3,"max_streak",842,"21-09-2018","Minatsu Mitani","Choirunnisa Choirunnisa",1,0.659614149888855
"WS",2,3,"max_streak",874,"21-09-2018","Yufei Chen","V. Sindhu Pusarla",1,0.492876075468221
"WS",2,3,"max_streak",875,"21-09-2018","Gregoria Mariska Tunjung","Nozomi Okuhara",0,0.368395463846888
"WS",2,3,"max_streak",876,"22-09-2018","Yufei Chen","Akane Yamaguchi",1,0.447433677277664
"WS",2,3,"max_streak",877,"22-09-2018","Carolina Marin","Nozomi Okuhara",1,0.54931889228199
"WS",2,3,"max_streak",900,"27-09-2018","Fangjie Gao","Saena Kawakami",1,0.782268958694739
"WS",2,3,"max_streak",952,"09-10-2018","Getter Saar","Ronja Stern",0,0.583721431722311
"WS",2,3,"max_streak",955,"10-10-2018","Aliye Demirbag","Riya Mookerjee",1,0.588253691682438
"WS",2,3,"max_streak",980,"12-10-2018","Xuefei Qi","Neslihan Yigit",1,0.688810660428471
"WS",2,3,"max_streak",987,"16-10-2018","Mia Blichfeldt","Carolina Marin",1,0.210703119620494
"WS",2,3,"max_streak",994,"17-10-2018","Bingjiao He","Pornpawee Chochuwong",1,0.728630980708906
"WS",2,3,"max_streak",1006,"19-10-2018","Tzu Ying Tai","Yufei Chen",1,0.59531472639688
"WS",2,3,"max_streak",1015,"23-10-2018","Pornpawee Chochuwong","Yanyan Cai",0,0.334386198078256
"WS",2,3,"max_streak",1032,"25-10-2018","Gregoria Mariska Tunjung","Mia Blichfeldt",1,0.59708763368105
"WS",2,3,"max_streak",1041,"27-10-2018","Tzu Ying Tai","Yufei Chen",1,0.689484828367193
"WS",2,3,"max_streak",1076,"03-11-2018","Michelle Li","Ayumi Mine",1,0.372131462691827
"WS",2,3,"max_streak",1082,"30-10-2018","Rachael Darragh","Alicia Molitor",0,0.536876845286241
"WS",2,3,"max_streak",1153,"14-11-2018","Sayaka Sato","Ratchanok Intanon",0,0.233377688909249
"WS",2,3,"max_streak",1157,"14-11-2018","Ngan Yi Cheung","Dinar Dyah Ayustine",1,0.630237672604617
"WS",2,3,"max_streak",1161,"14-11-2018","Sayaka Takahashi","Yanyan Cai",0,0.37782250721136
"WS",2,3,"max_streak",1163,"14-11-2018","Xuerui Li","Bingjiao He",0,0.315770838919169
"WS",2,3,"max_streak",1176,"16-11-2018","Pornpawee Chochuwong","Nozomi Okuhara",0,0.38394953679197
"WS",2,3,"max_streak",1177,"17-11-2018","Ji Hyun Sung","Ratchanok Intanon",0,0.408848647170311
"WS",2,3,"max_streak",1219,"21-11-2018","Daniella Gonda","Helina Rüütel",1,0.410438480899156
"WS",2,3,"max_streak",1227,"22-11-2018","Yanyan Cai","Shuting Ji",1,0.496105382794168
"WS",2,3,"max_streak",1241,"22-11-2018","Mariya Mitsova","Kristin Kuuba",0,0.487969545856957
"WS",2,3,"max_streak",1256,"25-11-2018","Kirsty Gilmour","Line Højmark Kjaersfeldt",1,0.337235028257263
"WS",2,3,"max_streak",1265,"28-11-2018","Isabel Zhong","Yiman Zhang",0,0.261412641949697
"WS",2,3,"max_streak",1275,"28-11-2018","Jui Jeon","Nitchaon Jindapol",0,0.344147235806059
"WS",2,3,"max_streak",1280,"29-11-2018","Yu Jin Sim","Hyo Min Kim",0,0.721107418900739
"WS",2,3,"max_streak",1296,"13-12-2018","Tzu Ying TAI","V. Sindhu PUSARLA",0,0.398222341138122
"WS",2,3,"max_streak",1307,"08-01-2019","Shuting Ji","Muralitharan Thinaah",1,0.664878850137707
"WS",2,3,"max_streak",1316,"09-01-2019","Ruselli Hartawan","Ying Li Chiang",1,0.63101653589251
"WS",2,3,"max_streak",1330,"10-01-2019","Ngan Yi Cheung","Joy Xuan Deng",0,0.542626671255479
"WS",2,3,"max_streak",1343,"15-01-2019","Sabrina Jaquet","Mugdha Agrey",1,0.617852600411912
"WS",2,3,"max_streak",1351,"16-01-2019","Joy Xuan DENG","Saina Nehwal",0,0.342413770203867
"WS",2,3,"max_streak",1364,"17-01-2019","Aya Ohori","Nozomi Okuhara",0,0.0854813548196274
"WS",2,3,"max_streak",1389,"23-01-2019","Gregoria Mariska Tunjung","Aya Ohori",1,0.666994529633301
"WS",2,3,"max_streak",1392,"23-01-2019","Chloe Birch","Pornpawee Chochuwong",0,0.267804035693296
"WS",2,3,"max_streak",1393,"23-01-2019","Ga Eun Kim","Ji Hyun Sung",1,0.368219165099425
"WS",2,3,"max_streak",1400,"24-01-2019","Ga Eun Kim","Carolina Marin",0,0.231933184101071
"WS",2,3,"max_streak",1416,"20-02-2019","Ruselli Hartawan","Brittney Tam",1,0.737254994080879
"WS",2,3,"max_streak",1426,"20-02-2019","Su Yu Chen","Yvonne Li",1,0.274710464523026
"WS",2,3,"max_streak",1441,"22-02-2019","Joy Xuan DENG","Yanyan Cai",0,0.606137992734119
"WS",2,3,"max_streak",1444,"23-02-2019","Yue Han","Line Højmark Kjaersfeldt",0,0.624735966071573
"WS",2,3,"max_streak",1449,"26-02-2019","Ruselli Hartawan","Ying Li Chiang",1,0.655453407327256
"WS",2,3,"max_streak",1457,"27-02-2019","Ga Eun Kim","Yue Han",1,0.317540419968548
"WS",2,3,"max_streak",1483,"06-03-2019","Ji Hyun Sung","V. Sindhu Pusarla",1,0.327762490677776
"WS",2,3,"max_streak",1504,"07-03-2019","Saina Nehwal","Line Højmark Kjaersfeldt",1,0.684554038141664
"WS",2,3,"max_streak",1510,"09-03-2019","Tzu Ying Tai","Akane Yamaguchi",1,0.448529289464922
"WS",2,3,"max_streak",1513,"12-03-2019","Ruiwen Yang","Qianxi Han",1,0.429450606748742
"WS",2,3,"max_streak",1537,"13-03-2019","Chananchida Jucharoen","Hsiang Ti Lin",0,0.484574664408331
"WS",2,3,"max_streak",1539,"13-03-2019","Chien Hui Yu","Hui Zhen Grace Chua",0,0.480420210315007
"WS",2,3,"max_streak",1544,"14-03-2019","Yun Li","Shuya Zheng",1,0.52797638085315
"WS",2,3,"max_streak",1576,"14-03-2019","Yufei Chen","Kristin Kuuba",1,0.901304858355334
"WS",2,3,"max_streak",1591,"19-03-2019","Prashi Joshi","Anastasiia Semenova",0,0.383309311135324
"WS",2,3,"max_streak",1612,"20-03-2019","Mariya Mitsova","Xuefei Qi",0,0.294103382646157
"WS",2,3,"max_streak",1633,"24-03-2019","Kirsty Gilmour","Saena Kawakami",0,0.5850791846183
"WS",2,3,"max_streak",1674,"02-04-2019","Pui Yin Yip","Sayaka Takahashi",0,0.182242780934016
"WS",2,3,"max_streak",1675,"03-04-2019","Line Højmark Kjaersfeldt","Bingjiao He",0,0.235757331348457
"WS",2,3,"max_streak",1728,"12-04-2019","Yanyan Cai","V. Sindhu Pusarla",0,0.447245656554359
"WS",2,3,"max_streak",1740,"01-05-2019","Yun Li","Jui Jeon",1,0.406328439320904
"WS",2,3,"max_streak",1747,"01-05-2019","Shuting Ji","Ying Li Chiang",0,0.77419208122615
"WS",2,3,"max_streak",1748,"01-05-2019","Zhiyi Wang","Saina Nehwal",1,0.199600728854356
"WS",2,3,"max_streak",1758,"02-05-2019","Ying Li Chiang","Beiwen Zhang",0,0.211358983390681
"WS",2,3,"max_streak",1772,"05-06-2019","Ga Eun Kim","Jia Min Yeo",0,0.652828065548181
"WS",2,3,"max_streak",1803,"02-07-2019","Kyleigh O’Donoghue","Pin-Chian Chiu",1,0.474941049806944
"WS",2,3,"max_streak",1816,"03-07-2019","Ga Eun Kim","Fabienne Deprez",0,0.760738808371625
"WS",2,3,"max_streak",1822,"03-07-2019","Yi-Ting Hung","Rusydina Antardayu Riodingin",1,0.663504301432654
"WS",2,3,"max_streak",1827,"04-07-2019","Se Young An","Hirari Mizui",1,0.856192134805194
"WS",2,3,"max_streak",1838,"05-07-2019","Zhi Yi Wang","Natsuki Oie",1,0.547395070030903
"WS",2,3,"max_streak",1956,"25-07-2019","Ga Eun Kim","Michelle Li",0,0.587863294600958
"WS",2,3,"max_streak",1964,"26-07-2019","Tzu Ying Tai","Michelle Li",0,0.913778567801859
"WS",2,3,"max_streak",1969,"30-07-2019","Sai Uttejitha Rao Chukka","Brittney Tam",1,0.563001946796843
"WS",2,3,"max_streak",1971,"30-07-2019","Chananchida Jucharoen","Phittayaporn Chaiwan",0,0.367271871197205
"WS",2,3,"max_streak",1980,"31-07-2019","Fitriani Fitriani","Pui Yin Yip",1,0.648195998068649
"WS",2,3,"max_streak",2001,"03-08-2019","Ratchanok Intanon","Pornpawee Chochuwong",1,0.684098863407008
"WS",2,3,"max_streak",2022,"07-08-2019","Benyapa Aimsaard","Choirunnisa Choirunnisa",1,0.508810512409214
"WS",2,3,"max_streak",2031,"07-08-2019","Ying Li Chiang","Yu Jin Sim",0,0.281758319986542
"WS",2,3,"max_streak",2032,"08-08-2019","Jia Min Yeo","Shu Ting Ji",1,0.679423723015354
"WS",2,3,"max_streak",2055,"14-08-2019","Moto Hayashi","Iris Wang",1,0.500878026100703
"WS",2,3,"max_streak",2066,"15-08-2019","Natsuki Nidaira","Hirari Mizui",1,0.578210432187352
"WS",2,3,"max_streak",2094,"04-09-2019","Supanida Katethong","Riya Mookerjee",1,0.581630625591719
"WS",2,3,"max_streak",2096,"04-09-2019","Yi-Ting Hung","Pui Yin Yip",1,0.535877405235411
"WS",2,3,"max_streak",2098,"04-09-2019","Nitchaon Jindapol","Hyo Min Kim",1,0.719864816058802
"WS",2,3,"max_streak",2111,"07-09-2019","Supanida Katethong","Michelle Li",0,0.295428448978096
"WS",2,3,"max_streak",2120,"10-09-2019","Shiori Saito","Yun Li",0,0.57360655858789
"WS",2,3,"max_streak",2137,"11-09-2019","Ying Li Chiang","Yvonne Li",0,0.426567491835913
"WS",2,3,"max_streak",2163,"17-09-2019","Gregoria Mariska Tunjung","Beiwen Zhang",0,0.480231208968305
"WS",2,3,"max_streak",2169,"18-09-2019","Ga Eun Kim","Fitriani Fitriani",1,0.636449939977268
"WS",2,3,"max_streak",2212,"26-09-2019","Michelle Li","Beiwen Zhang",1,0.607272956890764
"WS",2,3,"max_streak",2215,"26-09-2019","Nitchaon Jindapol","Bing Jiao He",0,0.575197022416117
"WS",2,3,"max_streak",2235,"02-10-2019","Thuy Linh Nguyen","Ying Ying Lee",1,0.521785838261177
"WS",2,3,"max_streak",2255,"03-10-2019","Porntip Buranaprasertsuk","Yulia Yosephin Susanto",1,0.646504596527399
"WS",2,3,"max_streak",2264,"06-10-2019","Porntip Buranaprasertsuk","Zhi Yi Wang",0,0.253012960296209
"WS",2,3,"max_streak",2323,"18-10-2019","Carolina Marin","Se Young An",1,0.78602444850499
"WS",2,3,"max_streak",2423,"02-11-2019","Yvonne Li","Line Christophersen",0,0.381772162979398
"WS",2,3,"max_streak",2431,"05-11-2019","V. Sindhu Pusarla","Yu Po Pai",0,0.682895642770532
"WS",2,3,"max_streak",2455,"09-11-2019","Yu Fei Chen","Michelle Li",1,0.766319626235977
"WS",2,3,"max_streak",2456,"10-11-2019","Nozomi Okuhara","Yu Fei Chen",0,0.392007166492601
"WS",2,3,"max_streak",2475,"13-11-2019","Bing Jiao He","Mia Blichfeldt",1,0.711376468508911
"WS",2,3,"max_streak",2489,"16-11-2019","Beiwen Zhang","Yu Fei Chen",0,0.234126090132695
"WS",2,3,"max_streak",2507,"20-11-2019","Busanan Ongbamrungphan","Yan Yan Cai",1,0.65710521933841
"WS",2,3,"max_streak",2518,"21-11-2019","Ga Eun Kim","Bing Jiao He",1,0.36333152209515
"WS",2,3,"max_streak",2534,"27-11-2019","Yu Po Pai","Porntip Buranaprasertsuk",0,0.628621911285477
"WS",2,3,"max_streak",2549,"28-11-2019","Carolina Marin","Yu Jin Sim",1,0.9147256663479
"WS",2,3,"max_streak",2594,"08-01-2020","Line Højmark Kjaersfeldt","Yu Fei Chen",0,0.0423842914110455
"WS",2,3,"max_streak",2654,"22-01-2020","Sayaka Takahashi","Yi Man Zhang",1,0.703194966761815
"WS",2,3,"max_streak",2660,"22-01-2020","Yue Han","Se Young An",0,0.229339630442407
"WS",2,3,"max_streak",2679,"25-01-2020","Akane Yamaguchi","Carolina Marin",1,0.301633123823815
"WS",2,3,"max_streak",2684,"19-02-2020","Clara Azurmendi","Supanida Katethong",0,0.38456291958718
"WS",2,3,"max_streak",2686,"19-02-2020","Evgeniya Kosetskaya","Julie Dawall Jakobsen",0,0.62277847755105
"WS",2,3,"max_streak",2691,"19-02-2020","Airi Mikkela","Tereza Švábíková",1,0.382660668972048
"WS",2,3,"max_streak",2708,"22-02-2020","Busanan Ongbamrungphan","Pornpawee Chochuwong",0,0.583732548282309
"WS",2,3,"max_streak",2722,"11-03-2020","Yue Han","Pornpawee Chochuwong",0,0.261529929580213
"WS",2,3,"max_streak",2755,"14-10-2020","Fabienne Deprez","Xuefei Qi",1,0.23682157302477
"WS",2,3,"max_streak",2806,"12-01-2021","V. Sindhu Pusarla","Mia Blichfeldt",0,0.612822638681001
"WS",2,3,"max_streak",2821,"14-01-2021","Saina Nehwal","Busanan Ongbamrungphan",0,0.350819473670113
"WS",2,3,"max_streak",2845,"20-01-2021","Yvonne Li","Natchananpon Roongpiboonsopit",1,0.541682510125808
"WS",2,3,"max_streak",2858,"22-01-2021","Tzu Ying Tai","Michelle Li",1,0.821743745802583
"WS",2,3,"max_streak",2872,"29-01-2021","Tzu Ying Tai","Ratchanok Intanon",1,2.44313542257166e-07
"WS",2,3,"max_streak",2933,"19-03-2021","Akane Yamaguchi","V. Sindhu Pusarla",0,0.597005552688081
"WS",2,3,"max_streak",2974,"27-03-2021","Pornpawee Chochuwong","Busanan Ongbamrungphan",0,0.677802381371641
"WS",2,3,"score_diff",7,"10-01-2018","Gregoria Mariska Tunjung","Sai Uttejitha Rao Chukka",1,0.471365363293036
"WS",2,3,"score_diff",12,"10-01-2018","Lyanny Alessandra Mainaky","Natsumi Shimoda",0,0.390214483432936
"WS",2,3,"score_diff",43,"17-01-2018","Kirsty Gilmour","Mia Blichfeldt",1,0.467733659448381
"WS",2,3,"score_diff",49,"17-01-2018","Tzu Ying Tai","Soniia Cheah",1,0.49448125632829
"WS",2,3,"score_diff",52,"17-01-2018","Mette Poulsen","Mei Hui Chiang",1,0.451647041497646
"WS",2,3,"score_diff",60,"18-01-2018","Yufei Chen","Jang Mi Lee",1,0.627452503352062
"WS",2,3,"score_diff",62,"18-01-2018","Sayaka Sato","Bingjiao He",0,0.492502187796178
"WS",2,3,"score_diff",74,"24-01-2018","Tzu Ying Tai","Michelle Li",1,0.678106296826847
"WS",2,3,"score_diff",126,"01-02-2018","Fangjie Gao","Carolina Marin",0,0.374883637634212
"WS",2,3,"score_diff",137,"03-02-2018","Beiwen Zhang","Ngan Yi Cheung",1,0.618293769549894
"WS",2,3,"score_diff",175,"06-03-2018","Shuo Yun Sung","Fangjie Gao",0,0.325656019545003
"WS",2,3,"score_diff",208,"11-03-2018","Akane Yamaguchi","Yufei Chen",1,0.370402692724975
"WS",2,3,"score_diff",217,"14-03-2018","Pornpawee Chochuwong","V. Sindhu Pusarla",0,0.276960710211653
"WS",2,3,"score_diff",237,"17-03-2018","V. Sindhu Pusarla","Akane Yamaguchi",0,0.388916087812605
"WS",2,3,"score_diff",246,"27-03-2018","Vaidehi Choudhari","Yaelle Hoyaux",1,0.401350144738034
"WS",2,3,"score_diff",257,"28-03-2018","Neslihan Yigit","Yin Fun Lim",1,0.585443788499604
"WS",2,3,"score_diff",265,"29-03-2018","Ruselli Hartawan","Martina Repiska",1,0.47338057589078
"WS",2,3,"score_diff",306,"13-04-2018","Yue Han","Zhiyi Wang",0,0.548723990477769
"WS",2,3,"score_diff",333,"03-05-2018","Shuting Ji","Chananchida Jucharoen",0,0.566521189116734
"WS",2,3,"score_diff",349,"09-05-2018","Sabrina Jaquet","Ga Eun Kim",1,0.236355248116849
"WS",2,3,"score_diff",354,"09-05-2018","Brittney Tam","Yukino Nakai",0,0.305976510664354
"WS",2,3,"score_diff",357,"09-05-2018","Hsuan-Yu Wendy Chen","Shiori Saito",1,0.342763985797798
"WS",2,3,"score_diff",398,"13-06-2018","Lauren Lam","Se Yeon Lee",0,0.57223860164525
"WS",2,3,"score_diff",405,"14-06-2018","Aya Ohori","Jui Jeon",1,0.540449010252471
"WS",2,3,"score_diff",413,"17-06-2018","Beiwen Zhang","Xuerui Li",0,0.385854953037939
"WS",2,3,"score_diff",428,"20-06-2018","Asuka Takahashi","Yue Han",1,0.503389564899579
"WS",2,3,"score_diff",443,"21-06-2018","Se Yeon Lee","Asuka Takahashi",0,0.458862584968775
"WS",2,3,"score_diff",453,"22-06-2018","Jui Jeon","Sayaka Takahashi",0,0.410489388017733
"WS",2,3,"score_diff",467,"27-06-2018","Ji Hyun Sung","Fitriani Fitriani",1,0.517881744733082
"WS",2,3,"score_diff",498,"04-07-2018","Carolina Marin","Sayaka Sato",0,0.568560162584751
"WS",2,3,"score_diff",550,"13-07-2018","Nozomi Okuhara","Aya Ohori",1,0.553692480061896
"WS",2,3,"score_diff",562,"18-07-2018","Yulia Yosephin Susanto","Jennie Gai",1,0.527683285870828
"WS",2,3,"score_diff",571,"18-07-2018","Beatriz Corrales","Sai Uttejitha Rao Chukka",1,0.654360707689903
"WS",2,3,"score_diff",577,"19-07-2018","Pornpawee Chochuwong","Yue Han",0,0.596731212748887
"WS",2,3,"score_diff",641,"25-07-2018","Asuka Takahashi","Chananchida Jucharoen",0,0.727782111249809
"WS",2,3,"score_diff",659,"27-07-2018","Sayaka Takahashi","Yui Hashimoto",1,0.875775466472549
"WS",2,3,"score_diff",673,"07-08-2018","Supanida Katethong","Pardeshi Shreyanshi",1,0.597623774311309
"WS",2,3,"score_diff",689,"08-08-2018","Shuo Yun Sung","Muralitharan Thinaah",1,0.591106733631536
"WS",2,3,"score_diff",692,"09-08-2018","Sayaka Takahashi","Yen Mei Ho",0,0.842400027261031
"WS",2,3,"score_diff",701,"10-08-2018","Yen Mei Ho","Yue Han",0,0.666073115954191
"WS",2,3,"score_diff",727,"30-08-2018","Busanan Ongbamrungphan","Ayumi Mine",1,0.548909213680757
"WS",2,3,"score_diff",731,"30-08-2018","Mette Poulsen","Kirsty Gilmour",0,0.446915447514309
"WS",2,3,"score_diff",742,"04-09-2018","Ka Yan Fan","Vaishnavi Kaari",0,0.393039491466259
"WS",2,3,"score_diff",744,"04-09-2018","Ritika Thaker","Rizma Anestasy Violeta",1,0.462620968012327
"WS",2,3,"score_diff",782,"09-09-2018","Joy Xuan DENG","Ga Eun Kim",0,0.623993291866387
"WS",2,3,"score_diff",813,"16-09-2018","Nozomi Okuhara","Carolina Marin",0,0.612150912479474
"WS",2,3,"score_diff",842,"21-09-2018","Minatsu Mitani","Choirunnisa Choirunnisa",1,0.66022263938934
"WS",2,3,"score_diff",874,"21-09-2018","Yufei Chen","V. Sindhu Pusarla",1,0.442798755085026
"WS",2,3,"score_diff",875,"21-09-2018","Gregoria Mariska Tunjung","Nozomi Okuhara",0,0.40532147928164
"WS",2,3,"score_diff",876,"22-09-2018","Yufei Chen","Akane Yamaguchi",1,0.397432316626119
"WS",2,3,"score_diff",877,"22-09-2018","Carolina Marin","Nozomi Okuhara",1,0.580616415271267
"WS",2,3,"score_diff",900,"27-09-2018","Fangjie Gao","Saena Kawakami",1,0.799545189444
"WS",2,3,"score_diff",952,"09-10-2018","Getter Saar","Ronja Stern",0,0.609844787850484
"WS",2,3,"score_diff",955,"10-10-2018","Aliye Demirbag","Riya Mookerjee",1,0.554767848299811
"WS",2,3,"score_diff",980,"12-10-2018","Xuefei Qi","Neslihan Yigit",1,0.659259335231276
"WS",2,3,"score_diff",987,"16-10-2018","Mia Blichfeldt","Carolina Marin",1,0.208680439267017
"WS",2,3,"score_diff",994,"17-10-2018","Bingjiao He","Pornpawee Chochuwong",1,0.726502832615569
"WS",2,3,"score_diff",1006,"19-10-2018","Tzu Ying Tai","Yufei Chen",1,0.608943033882933
"WS",2,3,"score_diff",1015,"23-10-2018","Pornpawee Chochuwong","Yanyan Cai",0,0.360527210328601
"WS",2,3,"score_diff",1032,"25-10-2018","Gregoria Mariska Tunjung","Mia Blichfeldt",1,0.590608682387247
"WS",2,3,"score_diff",1041,"27-10-2018","Tzu Ying Tai","Yufei Chen",1,0.752890914787852
"WS",2,3,"score_diff",1076,"03-11-2018","Michelle Li","Ayumi Mine",1,0.377085665587183
"WS",2,3,"score_diff",1082,"30-10-2018","Rachael Darragh","Alicia Molitor",0,0.467376783485016
"WS",2,3,"score_diff",1153,"14-11-2018","Sayaka Sato","Ratchanok Intanon",0,0.225634531667775
"WS",2,3,"score_diff",1157,"14-11-2018","Ngan Yi Cheung","Dinar Dyah Ayustine",1,0.669658419238247
"WS",2,3,"score_diff",1161,"14-11-2018","Sayaka Takahashi","Yanyan Cai",0,0.38008801522456
"WS",2,3,"score_diff",1163,"14-11-2018","Xuerui Li","Bingjiao He",0,0.313515246827293
"WS",2,3,"score_diff",1176,"16-11-2018","Pornpawee Chochuwong","Nozomi Okuhara",0,0.365521246260898
"WS",2,3,"score_diff",1177,"17-11-2018","Ji Hyun Sung","Ratchanok Intanon",0,0.377308552018637
"WS",2,3,"score_diff",1219,"21-11-2018","Daniella Gonda","Helina Rüütel",1,0.398630906098201
"WS",2,3,"score_diff",1227,"22-11-2018","Yanyan Cai","Shuting Ji",1,0.542248377664381
"WS",2,3,"score_diff",1241,"22-11-2018","Mariya Mitsova","Kristin Kuuba",0,0.448783933249921
"WS",2,3,"score_diff",1256,"25-11-2018","Kirsty Gilmour","Line Højmark Kjaersfeldt",1,0.330342207018051
"WS",2,3,"score_diff",1265,"28-11-2018","Isabel Zhong","Yiman Zhang",0,0.299222539227004
"WS",2,3,"score_diff",1275,"28-11-2018","Jui Jeon","Nitchaon Jindapol",0,0.358649620881254
"WS",2,3,"score_diff",1280,"29-11-2018","Yu Jin Sim","Hyo Min Kim",0,0.723561046718954
"WS",2,3,"score_diff",1296,"13-12-2018","Tzu Ying TAI","V. Sindhu PUSARLA",0,0.413098307920411
"WS",2,3,"score_diff",1307,"08-01-2019","Shuting Ji","Muralitharan Thinaah",1,0.68032248718581
"WS",2,3,"score_diff",1316,"09-01-2019","Ruselli Hartawan","Ying Li Chiang",1,0.646642345448468
"WS",2,3,"score_diff",1330,"10-01-2019","Ngan Yi Cheung","Joy Xuan Deng",0,0.556147973555911
"WS",2,3,"score_diff",1343,"15-01-2019","Sabrina Jaquet","Mugdha Agrey",1,0.647409405874011
"WS",2,3,"score_diff",1351,"16-01-2019","Joy Xuan DENG","Saina Nehwal",0,0.306228622352873
"WS",2,3,"score_diff",1364,"17-01-2019","Aya Ohori","Nozomi Okuhara",0,0.10551340094177
"WS",2,3,"score_diff",1389,"23-01-2019","Gregoria Mariska Tunjung","Aya Ohori",1,0.657853791857288
"WS",2,3,"score_diff",1392,"23-01-2019","Chloe Birch","Pornpawee Chochuwong",0,0.300193898130218
"WS",2,3,"score_diff",1393,"23-01-2019","Ga Eun Kim","Ji Hyun Sung",1,0.339971202405918
"WS",2,3,"score_diff",1400,"24-01-2019","Ga Eun Kim","Carolina Marin",0,0.201709934396432
"WS",2,3,"score_diff",1416,"20-02-2019","Ruselli Hartawan","Brittney Tam",1,0.722523316981894
"WS",2,3,"score_diff",1426,"20-02-2019","Su Yu Chen","Yvonne Li",1,0.307256891417304
"WS",2,3,"score_diff",1441,"22-02-2019","Joy Xuan DENG","Yanyan Cai",0,0.597695723038951
"WS",2,3,"score_diff",1444,"23-02-2019","Yue Han","Line Højmark Kjaersfeldt",0,0.568621553242506
"WS",2,3,"score_diff",1449,"26-02-2019","Ruselli Hartawan","Ying Li Chiang",1,0.71163347234427
"WS",2,3,"score_diff",1457,"27-02-2019","Ga Eun Kim","Yue Han",1,0.331563870135674
"WS",2,3,"score_diff",1483,"06-03-2019","Ji Hyun Sung","V. Sindhu Pusarla",1,0.293216610397568
"WS",2,3,"score_diff",1504,"07-03-2019","Saina Nehwal","Line Højmark Kjaersfeldt",1,0.710712881713042
"WS",2,3,"score_diff",1510,"09-03-2019","Tzu Ying Tai","Akane Yamaguchi",1,0.407494312882298
"WS",2,3,"score_diff",1513,"12-03-2019","Ruiwen Yang","Qianxi Han",1,0.440091299357718
"WS",2,3,"score_diff",1537,"13-03-2019","Chananchida Jucharoen","Hsiang Ti Lin",0,0.456131526618749
"WS",2,3,"score_diff",1539,"13-03-2019","Chien Hui Yu","Hui Zhen Grace Chua",0,0.435309009872393
"WS",2,3,"score_diff",1544,"14-03-2019","Yun Li","Shuya Zheng",1,0.594815837988821
"WS",2,3,"score_diff",1576,"14-03-2019","Yufei Chen","Kristin Kuuba",1,0.90251067498069
"WS",2,3,"score_diff",1591,"19-03-2019","Prashi Joshi","Anastasiia Semenova",0,0.399274926738178
"WS",2,3,"score_diff",1612,"20-03-2019","Mariya Mitsova","Xuefei Qi",0,0.28025892583393
"WS",2,3,"score_diff",1633,"24-03-2019","Kirsty Gilmour","Saena Kawakami",0,0.519272878399038
"WS",2,3,"score_diff",1674,"02-04-2019","Pui Yin Yip","Sayaka Takahashi",0,0.203039951562372
"WS",2,3,"score_diff",1675,"03-04-2019","Line Højmark Kjaersfeldt","Bingjiao He",0,0.223908660147166
"WS",2,3,"score_diff",1728,"12-04-2019","Yanyan Cai","V. Sindhu Pusarla",0,0.503604525962997
"WS",2,3,"score_diff",1740,"01-05-2019","Yun Li","Jui Jeon",1,0.503262216778094
"WS",2,3,"score_diff",1747,"01-05-2019","Shuting Ji","Ying Li Chiang",0,0.772557755887954
"WS",2,3,"score_diff",1748,"01-05-2019","Zhiyi Wang","Saina Nehwal",1,0.172728558780558
"WS",2,3,"score_diff",1758,"02-05-2019","Ying Li Chiang","Beiwen Zhang",0,0.223063933682923
"WS",2,3,"score_diff",1772,"05-06-2019","Ga Eun Kim","Jia Min Yeo",0,0.713678451432757
"WS",2,3,"score_diff",1803,"02-07-2019","Kyleigh O’Donoghue","Pin-Chian Chiu",1,0.516603710791345
"WS",2,3,"score_diff",1816,"03-07-2019","Ga Eun Kim","Fabienne Deprez",0,0.766943299177967
"WS",2,3,"score_diff",1822,"03-07-2019","Yi-Ting Hung","Rusydina Antardayu Riodingin",1,0.63976760170035
"WS",2,3,"score_diff",1827,"04-07-2019","Se Young An","Hirari Mizui",1,0.842653095197701
"WS",2,3,"score_diff",1838,"05-07-2019","Zhi Yi Wang","Natsuki Oie",1,0.520770750140907
"WS",2,3,"score_diff",1956,"25-07-2019","Ga Eun Kim","Michelle Li",0,0.604229631754925
"WS",2,3,"score_diff",1964,"26-07-2019","Tzu Ying Tai","Michelle Li",0,0.917405601960194
"WS",2,3,"score_diff",1969,"30-07-2019","Sai Uttejitha Rao Chukka","Brittney Tam",1,0.553434387107619
"WS",2,3,"score_diff",1971,"30-07-2019","Chananchida Jucharoen","Phittayaporn Chaiwan",0,0.357084860697177
"WS",2,3,"score_diff",1980,"31-07-2019","Fitriani Fitriani","Pui Yin Yip",1,0.629530288131134
"WS",2,3,"score_diff",2001,"03-08-2019","Ratchanok Intanon","Pornpawee Chochuwong",1,0.690186180730439
"WS",2,3,"score_diff",2022,"07-08-2019","Benyapa Aimsaard","Choirunnisa Choirunnisa",1,0.490260582463663
"WS",2,3,"score_diff",2031,"07-08-2019","Ying Li Chiang","Yu Jin Sim",0,0.301417421908835
"WS",2,3,"score_diff",2032,"08-08-2019","Jia Min Yeo","Shu Ting Ji",1,0.672430542844884
"WS",2,3,"score_diff",2055,"14-08-2019","Moto Hayashi","Iris Wang",1,0.518244248163539
"WS",2,3,"score_diff",2066,"15-08-2019","Natsuki Nidaira","Hirari Mizui",1,0.542428751280348
"WS",2,3,"score_diff",2094,"04-09-2019","Supanida Katethong","Riya Mookerjee",1,0.603839551492829
"WS",2,3,"score_diff",2096,"04-09-2019","Yi-Ting Hung","Pui Yin Yip",1,0.582654311933943
"WS",2,3,"score_diff",2098,"04-09-2019","Nitchaon Jindapol","Hyo Min Kim",1,0.75121251801144
"WS",2,3,"score_diff",2111,"07-09-2019","Supanida Katethong","Michelle Li",0,0.311359054722678
"WS",2,3,"score_diff",2120,"10-09-2019","Shiori Saito","Yun Li",0,0.56438619852481
"WS",2,3,"score_diff",2137,"11-09-2019","Ying Li Chiang","Yvonne Li",0,0.439417248658699
"WS",2,3,"score_diff",2163,"17-09-2019","Gregoria Mariska Tunjung","Beiwen Zhang",0,0.483042735038254
"WS",2,3,"score_diff",2169,"18-09-2019","Ga Eun Kim","Fitriani Fitriani",1,0.636560097740581
"WS",2,3,"score_diff",2212,"26-09-2019","Michelle Li","Beiwen Zhang",1,0.558130742203941
"WS",2,3,"score_diff",2215,"26-09-2019","Nitchaon Jindapol","Bing Jiao He",0,0.548177836010331
"WS",2,3,"score_diff",2235,"02-10-2019","Thuy Linh Nguyen","Ying Ying Lee",1,0.545180868572335
"WS",2,3,"score_diff",2255,"03-10-2019","Porntip Buranaprasertsuk","Yulia Yosephin Susanto",1,0.68125306524221
"WS",2,3,"score_diff",2264,"06-10-2019","Porntip Buranaprasertsuk","Zhi Yi Wang",0,0.228104276942023
"WS",2,3,"score_diff",2323,"18-10-2019","Carolina Marin","Se Young An",1,0.811541571556408
"WS",2,3,"score_diff",2423,"02-11-2019","Yvonne Li","Line Christophersen",0,0.342197607935554
"WS",2,3,"score_diff",2431,"05-11-2019","V. Sindhu Pusarla","Yu Po Pai",0,0.689450616600462
"WS",2,3,"score_diff",2455,"09-11-2019","Yu Fei Chen","Michelle Li",1,0.726327439357168
"WS",2,3,"score_diff",2456,"10-11-2019","Nozomi Okuhara","Yu Fei Chen",0,0.383285691804883
"WS",2,3,"score_diff",2475,"13-11-2019","Bing Jiao He","Mia Blichfeldt",1,0.74286138448882
"WS",2,3,"score_diff",2489,"16-11-2019","Beiwen Zhang","Yu Fei Chen",0,0.230433804524895
"WS",2,3,"score_diff",2507,"20-11-2019","Busanan Ongbamrungphan","Yan Yan Cai",1,0.700835118591793
"WS",2,3,"score_diff",2518,"21-11-2019","Ga Eun Kim","Bing Jiao He",1,0.308334292960714
"WS",2,3,"score_diff",2534,"27-11-2019","Yu Po Pai","Porntip Buranaprasertsuk",0,0.590878860532979
"WS",2,3,"score_diff",2549,"28-11-2019","Carolina Marin","Yu Jin Sim",1,0.924312992203275
"WS",2,3,"score_diff",2594,"08-01-2020","Line Højmark Kjaersfeldt","Yu Fei Chen",0,0.044165377278394
"WS",2,3,"score_diff",2654,"22-01-2020","Sayaka Takahashi","Yi Man Zhang",1,0.715051298323524
"WS",2,3,"score_diff",2660,"22-01-2020","Yue Han","Se Young An",0,0.240399274989764
"WS",2,3,"score_diff",2679,"25-01-2020","Akane Yamaguchi","Carolina Marin",1,0.327642314566812
"WS",2,3,"score_diff",2684,"19-02-2020","Clara Azurmendi","Supanida Katethong",0,0.373469499975452
"WS",2,3,"score_diff",2686,"19-02-2020","Evgeniya Kosetskaya","Julie Dawall Jakobsen",0,0.669013016947842
"WS",2,3,"score_diff",2691,"19-02-2020","Airi Mikkela","Tereza Švábíková",1,0.394317400219177
"WS",2,3,"score_diff",2708,"22-02-2020","Busanan Ongbamrungphan","Pornpawee Chochuwong",0,0.526627922529059
"WS",2,3,"score_diff",2722,"11-03-2020","Yue Han","Pornpawee Chochuwong",0,0.274341075926427
"WS",2,3,"score_diff",2755,"14-10-2020","Fabienne Deprez","Xuefei Qi",1,0.220148099358728
"WS",2,3,"score_diff",2806,"12-01-2021","V. Sindhu Pusarla","Mia Blichfeldt",0,0.600075847909872
"WS",2,3,"score_diff",2821,"14-01-2021","Saina Nehwal","Busanan Ongbamrungphan",0,0.290279224116609
"WS",2,3,"score_diff",2845,"20-01-2021","Yvonne Li","Natchananpon Roongpiboonsopit",1,0.537928019190938
"WS",2,3,"score_diff",2858,"22-01-2021","Tzu Ying Tai","Michelle Li",1,0.850704846348782
"WS",2,3,"score_diff",2872,"29-01-2021","Tzu Ying Tai","Ratchanok Intanon",1,3.81305493198135e-07
"WS",2,3,"score_diff",2933,"19-03-2021","Akane Yamaguchi","V. Sindhu Pusarla",0,0.598854086956686
"WS",2,3,"score_diff",2974,"27-03-2021","Pornpawee Chochuwong","Busanan Ongbamrungphan",0,0.647903060598676
"WS",2,3,"sqrt",7,"10-01-2018","Gregoria Mariska Tunjung","Sai Uttejitha Rao Chukka",1,0.467367300507434
"WS",2,3,"sqrt",12,"10-01-2018","Lyanny Alessandra Mainaky","Natsumi Shimoda",0,0.39259441120677
"WS",2,3,"sqrt",43,"17-01-2018","Kirsty Gilmour","Mia Blichfeldt",1,0.461820073435568
"WS",2,3,"sqrt",49,"17-01-2018","Tzu Ying Tai","Soniia Cheah",1,0.493811027013477
"WS",2,3,"sqrt",52,"17-01-2018","Mette Poulsen","Mei Hui Chiang",1,0.455469303307928
"WS",2,3,"sqrt",60,"18-01-2018","Yufei Chen","Jang Mi Lee",1,0.630192281392851
"WS",2,3,"sqrt",62,"18-01-2018","Sayaka Sato","Bingjiao He",0,0.500379190203538
"WS",2,3,"sqrt",74,"24-01-2018","Tzu Ying Tai","Michelle Li",1,0.679883484132485
"WS",2,3,"sqrt",126,"01-02-2018","Fangjie Gao","Carolina Marin",0,0.375732966116952
"WS",2,3,"sqrt",137,"03-02-2018","Beiwen Zhang","Ngan Yi Cheung",1,0.618508249988524
"WS",2,3,"sqrt",175,"06-03-2018","Shuo Yun Sung","Fangjie Gao",0,0.327944179388713
"WS",2,3,"sqrt",208,"11-03-2018","Akane Yamaguchi","Yufei Chen",1,0.370588700757259
"WS",2,3,"sqrt",217,"14-03-2018","Pornpawee Chochuwong","V. Sindhu Pusarla",0,0.275697446240448
"WS",2,3,"sqrt",237,"17-03-2018","V. Sindhu Pusarla","Akane Yamaguchi",0,0.380828285019392
"WS",2,3,"sqrt",246,"27-03-2018","Vaidehi Choudhari","Yaelle Hoyaux",1,0.397693087726256
"WS",2,3,"sqrt",257,"28-03-2018","Neslihan Yigit","Yin Fun Lim",1,0.588292250264592
"WS",2,3,"sqrt",265,"29-03-2018","Ruselli Hartawan","Martina Repiska",1,0.476705929782373
"WS",2,3,"sqrt",306,"13-04-2018","Yue Han","Zhiyi Wang",0,0.548326248170757
"WS",2,3,"sqrt",333,"03-05-2018","Shuting Ji","Chananchida Jucharoen",0,0.563692804583059
"WS",2,3,"sqrt",349,"09-05-2018","Sabrina Jaquet","Ga Eun Kim",1,0.238210995249503
"WS",2,3,"sqrt",354,"09-05-2018","Brittney Tam","Yukino Nakai",0,0.30913421290297
"WS",2,3,"sqrt",357,"09-05-2018","Hsuan-Yu Wendy Chen","Shiori Saito",1,0.343647649267482
"WS",2,3,"sqrt",398,"13-06-2018","Lauren Lam","Se Yeon Lee",0,0.572627750928417
"WS",2,3,"sqrt",405,"14-06-2018","Aya Ohori","Jui Jeon",1,0.542844507049356
"WS",2,3,"sqrt",413,"17-06-2018","Beiwen Zhang","Xuerui Li",0,0.385830909251886
"WS",2,3,"sqrt",428,"20-06-2018","Asuka Takahashi","Yue Han",1,0.507764856571844
"WS",2,3,"sqrt",443,"21-06-2018","Se Yeon Lee","Asuka Takahashi",0,0.463264613563465
"WS",2,3,"sqrt",453,"22-06-2018","Jui Jeon","Sayaka Takahashi",0,0.413301307472262
"WS",2,3,"sqrt",467,"27-06-2018","Ji Hyun Sung","Fitriani Fitriani",1,0.512087962699128
"WS",2,3,"sqrt",498,"04-07-2018","Carolina Marin","Sayaka Sato",0,0.572052913977709
"WS",2,3,"sqrt",550,"13-07-2018","Nozomi Okuhara","Aya Ohori",1,0.557261037612046
"WS",2,3,"sqrt",562,"18-07-2018","Yulia Yosephin Susanto","Jennie Gai",1,0.528671196766578
"WS",2,3,"sqrt",571,"18-07-2018","Beatriz Corrales","Sai Uttejitha Rao Chukka",1,0.655202680787384
"WS",2,3,"sqrt",577,"19-07-2018","Pornpawee Chochuwong","Yue Han",0,0.592613853616958
"WS",2,3,"sqrt",641,"25-07-2018","Asuka Takahashi","Chananchida Jucharoen",0,0.729481011890011
"WS",2,3,"sqrt",659,"27-07-2018","Sayaka Takahashi","Yui Hashimoto",1,0.876648506769851
"WS",2,3,"sqrt",673,"07-08-2018","Supanida Katethong","Pardeshi Shreyanshi",1,0.597945226436241
"WS",2,3,"sqrt",689,"08-08-2018","Shuo Yun Sung","Muralitharan Thinaah",1,0.591103349502636
"WS",2,3,"sqrt",692,"09-08-2018","Sayaka Takahashi","Yen Mei Ho",0,0.84092261055266
"WS",2,3,"sqrt",701,"10-08-2018","Yen Mei Ho","Yue Han",0,0.665256234760958
"WS",2,3,"sqrt",727,"30-08-2018","Busanan Ongbamrungphan","Ayumi Mine",1,0.547030403555751
"WS",2,3,"sqrt",731,"30-08-2018","Mette Poulsen","Kirsty Gilmour",0,0.452235107186883
"WS",2,3,"sqrt",742,"04-09-2018","Ka Yan Fan","Vaishnavi Kaari",0,0.393564229195615
"WS",2,3,"sqrt",744,"04-09-2018","Ritika Thaker","Rizma Anestasy Violeta",1,0.47051454309421
"WS",2,3,"sqrt",782,"09-09-2018","Joy Xuan DENG","Ga Eun Kim",0,0.620201793471462
"WS",2,3,"sqrt",813,"16-09-2018","Nozomi Okuhara","Carolina Marin",0,0.61473432320709
"WS",2,3,"sqrt",842,"21-09-2018","Minatsu Mitani","Choirunnisa Choirunnisa",1,0.660703172782354
"WS",2,3,"sqrt",874,"21-09-2018","Yufei Chen","V. Sindhu Pusarla",1,0.439963343583638
"WS",2,3,"sqrt",875,"21-09-2018","Gregoria Mariska Tunjung","Nozomi Okuhara",0,0.405126790670321
"WS",2,3,"sqrt",876,"22-09-2018","Yufei Chen","Akane Yamaguchi",1,0.405303936117123
"WS",2,3,"sqrt",877,"22-09-2018","Carolina Marin","Nozomi Okuhara",1,0.580238212951507
"WS",2,3,"sqrt",900,"27-09-2018","Fangjie Gao","Saena Kawakami",1,0.797166820035016
"WS",2,3,"sqrt",952,"09-10-2018","Getter Saar","Ronja Stern",0,0.613395368450474
"WS",2,3,"sqrt",955,"10-10-2018","Aliye Demirbag","Riya Mookerjee",1,0.555463648303216
"WS",2,3,"sqrt",980,"12-10-2018","Xuefei Qi","Neslihan Yigit",1,0.663057029073497
"WS",2,3,"sqrt",987,"16-10-2018","Mia Blichfeldt","Carolina Marin",1,0.211599910457946
"WS",2,3,"sqrt",994,"17-10-2018","Bingjiao He","Pornpawee Chochuwong",1,0.726440702637095
"WS",2,3,"sqrt",1006,"19-10-2018","Tzu Ying Tai","Yufei Chen",1,0.6083883391521
"WS",2,3,"sqrt",1015,"23-10-2018","Pornpawee Chochuwong","Yanyan Cai",0,0.358882708896413
"WS",2,3,"sqrt",1032,"25-10-2018","Gregoria Mariska Tunjung","Mia Blichfeldt",1,0.592204864611447
"WS",2,3,"sqrt",1041,"27-10-2018","Tzu Ying Tai","Yufei Chen",1,0.752564668762852
"WS",2,3,"sqrt",1076,"03-11-2018","Michelle Li","Ayumi Mine",1,0.377102981285525
"WS",2,3,"sqrt",1082,"30-10-2018","Rachael Darragh","Alicia Molitor",0,0.472664517800754
"WS",2,3,"sqrt",1153,"14-11-2018","Sayaka Sato","Ratchanok Intanon",0,0.231860533626019
"WS",2,3,"sqrt",1157,"14-11-2018","Ngan Yi Cheung","Dinar Dyah Ayustine",1,0.669486396681784
"WS",2,3,"sqrt",1161,"14-11-2018","Sayaka Takahashi","Yanyan Cai",0,0.37813784314043
"WS",2,3,"sqrt",1163,"14-11-2018","Xuerui Li","Bingjiao He",0,0.317572998008743
"WS",2,3,"sqrt",1176,"16-11-2018","Pornpawee Chochuwong","Nozomi Okuhara",0,0.366497650734929
"WS",2,3,"sqrt",1177,"17-11-2018","Ji Hyun Sung","Ratchanok Intanon",0,0.377762947802239
"WS",2,3,"sqrt",1219,"21-11-2018","Daniella Gonda","Helina Rüütel",1,0.403842346766609
"WS",2,3,"sqrt",1227,"22-11-2018","Yanyan Cai","Shuting Ji",1,0.546956490985159
"WS",2,3,"sqrt",1241,"22-11-2018","Mariya Mitsova","Kristin Kuuba",0,0.445887594922634
"WS",2,3,"sqrt",1256,"25-11-2018","Kirsty Gilmour","Line Højmark Kjaersfeldt",1,0.335913461417634
"WS",2,3,"sqrt",1265,"28-11-2018","Isabel Zhong","Yiman Zhang",0,0.299177641994106
"WS",2,3,"sqrt",1275,"28-11-2018","Jui Jeon","Nitchaon Jindapol",0,0.357425009035002
"WS",2,3,"sqrt",1280,"29-11-2018","Yu Jin Sim","Hyo Min Kim",0,0.724119703894936
"WS",2,3,"sqrt",1296,"13-12-2018","Tzu Ying TAI","V. Sindhu PUSARLA",0,0.414394845407805
"WS",2,3,"sqrt",1307,"08-01-2019","Shuting Ji","Muralitharan Thinaah",1,0.683522443156092
"WS",2,3,"sqrt",1316,"09-01-2019","Ruselli Hartawan","Ying Li Chiang",1,0.643132783841853
"WS",2,3,"sqrt",1330,"10-01-2019","Ngan Yi Cheung","Joy Xuan Deng",0,0.555937381801945
"WS",2,3,"sqrt",1343,"15-01-2019","Sabrina Jaquet","Mugdha Agrey",1,0.645421790845753
"WS",2,3,"sqrt",1351,"16-01-2019","Joy Xuan DENG","Saina Nehwal",0,0.304031839126485
"WS",2,3,"sqrt",1364,"17-01-2019","Aya Ohori","Nozomi Okuhara",0,0.106898286598337
"WS",2,3,"sqrt",1389,"23-01-2019","Gregoria Mariska Tunjung","Aya Ohori",1,0.65862663374243
"WS",2,3,"sqrt",1392,"23-01-2019","Chloe Birch","Pornpawee Chochuwong",0,0.300068939346932
"WS",2,3,"sqrt",1393,"23-01-2019","Ga Eun Kim","Ji Hyun Sung",1,0.342408258550213
"WS",2,3,"sqrt",1400,"24-01-2019","Ga Eun Kim","Carolina Marin",0,0.203160967199351
"WS",2,3,"sqrt",1416,"20-02-2019","Ruselli Hartawan","Brittney Tam",1,0.722207018106683
"WS",2,3,"sqrt",1426,"20-02-2019","Su Yu Chen","Yvonne Li",1,0.306038546943556
"WS",2,3,"sqrt",1441,"22-02-2019","Joy Xuan DENG","Yanyan Cai",0,0.596950544748759
"WS",2,3,"sqrt",1444,"23-02-2019","Yue Han","Line Højmark Kjaersfeldt",0,0.565036896162598
"WS",2,3,"sqrt",1449,"26-02-2019","Ruselli Hartawan","Ying Li Chiang",1,0.708502911641187
"WS",2,3,"sqrt",1457,"27-02-2019","Ga Eun Kim","Yue Han",1,0.336569957397081
"WS",2,3,"sqrt",1483,"06-03-2019","Ji Hyun Sung","V. Sindhu Pusarla",1,0.294595987885828
"WS",2,3,"sqrt",1504,"07-03-2019","Saina Nehwal","Line Højmark Kjaersfeldt",1,0.70732329563222
"WS",2,3,"sqrt",1510,"09-03-2019","Tzu Ying Tai","Akane Yamaguchi",1,0.408213910993153
"WS",2,3,"sqrt",1513,"12-03-2019","Ruiwen Yang","Qianxi Han",1,0.438166680833818
"WS",2,3,"sqrt",1537,"13-03-2019","Chananchida Jucharoen","Hsiang Ti Lin",0,0.457437274535384
"WS",2,3,"sqrt",1539,"13-03-2019","Chien Hui Yu","Hui Zhen Grace Chua",0,0.435228307206336
"WS",2,3,"sqrt",1544,"14-03-2019","Yun Li","Shuya Zheng",1,0.595721889897654
"WS",2,3,"sqrt",1576,"14-03-2019","Yufei Chen","Kristin Kuuba",1,0.904447422129653
"WS",2,3,"sqrt",1591,"19-03-2019","Prashi Joshi","Anastasiia Semenova",0,0.400793759805342
"WS",2,3,"sqrt",1612,"20-03-2019","Mariya Mitsova","Xuefei Qi",0,0.279404459943744
"WS",2,3,"sqrt",1633,"24-03-2019","Kirsty Gilmour","Saena Kawakami",0,0.519109558746143
"WS",2,3,"sqrt",1674,"02-04-2019","Pui Yin Yip","Sayaka Takahashi",0,0.203259354436266
"WS",2,3,"sqrt",1675,"03-04-2019","Line Højmark Kjaersfeldt","Bingjiao He",0,0.224569070280892
"WS",2,3,"sqrt",1728,"12-04-2019","Yanyan Cai","V. Sindhu Pusarla",0,0.505617597382478
"WS",2,3,"sqrt",1740,"01-05-2019","Yun Li","Jui Jeon",1,0.503387844226839
"WS",2,3,"sqrt",1747,"01-05-2019","Shuting Ji","Ying Li Chiang",0,0.774330251857262
"WS",2,3,"sqrt",1748,"01-05-2019","Zhiyi Wang","Saina Nehwal",1,0.174626496797354
"WS",2,3,"sqrt",1758,"02-05-2019","Ying Li Chiang","Beiwen Zhang",0,0.224661848257916
"WS",2,3,"sqrt",1772,"05-06-2019","Ga Eun Kim","Jia Min Yeo",0,0.713824350830233
"WS",2,3,"sqrt",1803,"02-07-2019","Kyleigh O’Donoghue","Pin-Chian Chiu",1,0.517940636749078
"WS",2,3,"sqrt",1816,"03-07-2019","Ga Eun Kim","Fabienne Deprez",0,0.767091481048104
"WS",2,3,"sqrt",1822,"03-07-2019","Yi-Ting Hung","Rusydina Antardayu Riodingin",1,0.636072977673994
"WS",2,3,"sqrt",1827,"04-07-2019","Se Young An","Hirari Mizui",1,0.842762404820568
"WS",2,3,"sqrt",1838,"05-07-2019","Zhi Yi Wang","Natsuki Oie",1,0.520982812376272
"WS",2,3,"sqrt",1956,"25-07-2019","Ga Eun Kim","Michelle Li",0,0.600803960940209
"WS",2,3,"sqrt",1964,"26-07-2019","Tzu Ying Tai","Michelle Li",0,0.916998617154067
"WS",2,3,"sqrt",1969,"30-07-2019","Sai Uttejitha Rao Chukka","Brittney Tam",1,0.552848881278917
"WS",2,3,"sqrt",1971,"30-07-2019","Chananchida Jucharoen","Phittayaporn Chaiwan",0,0.360155390360638
"WS",2,3,"sqrt",1980,"31-07-2019","Fitriani Fitriani","Pui Yin Yip",1,0.633886281807537
"WS",2,3,"sqrt",2001,"03-08-2019","Ratchanok Intanon","Pornpawee Chochuwong",1,0.690508035674769
"WS",2,3,"sqrt",2022,"07-08-2019","Benyapa Aimsaard","Choirunnisa Choirunnisa",1,0.48559038103978
"WS",2,3,"sqrt",2031,"07-08-2019","Ying Li Chiang","Yu Jin Sim",0,0.303317665735119
"WS",2,3,"sqrt",2032,"08-08-2019","Jia Min Yeo","Shu Ting Ji",1,0.666824590918801
"WS",2,3,"sqrt",2055,"14-08-2019","Moto Hayashi","Iris Wang",1,0.517339356495251
"WS",2,3,"sqrt",2066,"15-08-2019","Natsuki Nidaira","Hirari Mizui",1,0.545722447592091
"WS",2,3,"sqrt",2094,"04-09-2019","Supanida Katethong","Riya Mookerjee",1,0.606074190730079
"WS",2,3,"sqrt",2096,"04-09-2019","Yi-Ting Hung","Pui Yin Yip",1,0.583952060368151
"WS",2,3,"sqrt",2098,"04-09-2019","Nitchaon Jindapol","Hyo Min Kim",1,0.752585057888844
"WS",2,3,"sqrt",2111,"07-09-2019","Supanida Katethong","Michelle Li",0,0.312473939232817
"WS",2,3,"sqrt",2120,"10-09-2019","Shiori Saito","Yun Li",0,0.565875511046514
"WS",2,3,"sqrt",2137,"11-09-2019","Ying Li Chiang","Yvonne Li",0,0.442331353503381
"WS",2,3,"sqrt",2163,"17-09-2019","Gregoria Mariska Tunjung","Beiwen Zhang",0,0.487509477093941
"WS",2,3,"sqrt",2169,"18-09-2019","Ga Eun Kim","Fitriani Fitriani",1,0.637232012199117
"WS",2,3,"sqrt",2212,"26-09-2019","Michelle Li","Beiwen Zhang",1,0.557429910648166
"WS",2,3,"sqrt",2215,"26-09-2019","Nitchaon Jindapol","Bing Jiao He",0,0.548422352530397
"WS",2,3,"sqrt",2235,"02-10-2019","Thuy Linh Nguyen","Ying Ying Lee",1,0.546371121113895
"WS",2,3,"sqrt",2255,"03-10-2019","Porntip Buranaprasertsuk","Yulia Yosephin Susanto",1,0.677841407167136
"WS",2,3,"sqrt",2264,"06-10-2019","Porntip Buranaprasertsuk","Zhi Yi Wang",0,0.230689975097497
"WS",2,3,"sqrt",2323,"18-10-2019","Carolina Marin","Se Young An",1,0.809362213782874
"WS",2,3,"sqrt",2423,"02-11-2019","Yvonne Li","Line Christophersen",0,0.344312830444735
"WS",2,3,"sqrt",2431,"05-11-2019","V. Sindhu Pusarla","Yu Po Pai",0,0.689596426044779
"WS",2,3,"sqrt",2455,"09-11-2019","Yu Fei Chen","Michelle Li",1,0.723247306453265
"WS",2,3,"sqrt",2456,"10-11-2019","Nozomi Okuhara","Yu Fei Chen",0,0.382811817796165
"WS",2,3,"sqrt",2475,"13-11-2019","Bing Jiao He","Mia Blichfeldt",1,0.741975385649267
"WS",2,3,"sqrt",2489,"16-11-2019","Beiwen Zhang","Yu Fei Chen",0,0.230554117743535
"WS",2,3,"sqrt",2507,"20-11-2019","Busanan Ongbamrungphan","Yan Yan Cai",1,0.69841442773819
"WS",2,3,"sqrt",2518,"21-11-2019","Ga Eun Kim","Bing Jiao He",1,0.308027319954648
"WS",2,3,"sqrt",2534,"27-11-2019","Yu Po Pai","Porntip Buranaprasertsuk",0,0.588135847150885
"WS",2,3,"sqrt",2549,"28-11-2019","Carolina Marin","Yu Jin Sim",1,0.92416910800154
"WS",2,3,"sqrt",2594,"08-01-2020","Line Højmark Kjaersfeldt","Yu Fei Chen",0,0.0450582250916292
"WS",2,3,"sqrt",2654,"22-01-2020","Sayaka Takahashi","Yi Man Zhang",1,0.713078995985224
"WS",2,3,"sqrt",2660,"22-01-2020","Yue Han","Se Young An",0,0.243499434055533
"WS",2,3,"sqrt",2679,"25-01-2020","Akane Yamaguchi","Carolina Marin",1,0.327464067051506
"WS",2,3,"sqrt",2684,"19-02-2020","Clara Azurmendi","Supanida Katethong",0,0.380262517532799
"WS",2,3,"sqrt",2686,"19-02-2020","Evgeniya Kosetskaya","Julie Dawall Jakobsen",0,0.667903440199281
"WS",2,3,"sqrt",2691,"19-02-2020","Airi Mikkela","Tereza Švábíková",1,0.393736969615182
"WS",2,3,"sqrt",2708,"22-02-2020","Busanan Ongbamrungphan","Pornpawee Chochuwong",0,0.523955325450736
"WS",2,3,"sqrt",2722,"11-03-2020","Yue Han","Pornpawee Chochuwong",0,0.274128573935044
"WS",2,3,"sqrt",2755,"14-10-2020","Fabienne Deprez","Xuefei Qi",1,0.221818251921291
"WS",2,3,"sqrt",2806,"12-01-2021","V. Sindhu Pusarla","Mia Blichfeldt",0,0.601738275582009
"WS",2,3,"sqrt",2821,"14-01-2021","Saina Nehwal","Busanan Ongbamrungphan",0,0.291988258249427
"WS",2,3,"sqrt",2845,"20-01-2021","Yvonne Li","Natchananpon Roongpiboonsopit",1,0.542526883363854
"WS",2,3,"sqrt",2858,"22-01-2021","Tzu Ying Tai","Michelle Li",1,0.849972973671829
"WS",2,3,"sqrt",2872,"29-01-2021","Tzu Ying Tai","Ratchanok Intanon",1,3.84695508086206e-07
"WS",2,3,"sqrt",2933,"19-03-2021","Akane Yamaguchi","V. Sindhu Pusarla",0,0.598192860162289
"WS",2,3,"sqrt",2974,"27-03-2021","Pornpawee Chochuwong","Busanan Ongbamrungphan",0,0.646543901177288
"WS",2,3,"time_weighted",7,"10-01-2018","Gregoria Mariska Tunjung","Sai Uttejitha Rao Chukka",1,0.47066516071785
"WS",2,3,"time_weighted",12,"10-01-2018","Lyanny Alessandra Mainaky","Natsumi Shimoda",0,0.389946958123308
"WS",2,3,"time_weighted",43,"17-01-2018","Kirsty Gilmour","Mia Blichfeldt",1,0.463134357693036
"WS",2,3,"time_weighted",49,"17-01-2018","Tzu Ying Tai","Soniia Cheah",1,0.498703986172731
"WS",2,3,"time_weighted",52,"17-01-2018","Mette Poulsen","Mei Hui Chiang",1,0.445241976993946
"WS",2,3,"time_weighted",60,"18-01-2018","Yufei Chen","Jang Mi Lee",1,0.63237015059385
"WS",2,3,"time_weighted",62,"18-01-2018","Sayaka Sato","Bingjiao He",0,0.4899539023119
"WS",2,3,"time_weighted",74,"24-01-2018","Tzu Ying Tai","Michelle Li",1,0.678940215308611
"WS",2,3,"time_weighted",126,"01-02-2018","Fangjie Gao","Carolina Marin",0,0.383601005830566
"WS",2,3,"time_weighted",137,"03-02-2018","Beiwen Zhang","Ngan Yi Cheung",1,0.619263768876076
"WS",2,3,"time_weighted",175,"06-03-2018","Shuo Yun Sung","Fangjie Gao",0,0.330558945665382
"WS",2,3,"time_weighted",208,"11-03-2018","Akane Yamaguchi","Yufei Chen",1,0.373342835282372
"WS",2,3,"time_weighted",217,"14-03-2018","Pornpawee Chochuwong","V. Sindhu Pusarla",0,0.281315086070262
"WS",2,3,"time_weighted",237,"17-03-2018","V. Sindhu Pusarla","Akane Yamaguchi",0,0.381434205003945
"WS",2,3,"time_weighted",246,"27-03-2018","Vaidehi Choudhari","Yaelle Hoyaux",1,0.403992399482467
"WS",2,3,"time_weighted",257,"28-03-2018","Neslihan Yigit","Yin Fun Lim",1,0.590555526886096
"WS",2,3,"time_weighted",265,"29-03-2018","Ruselli Hartawan","Martina Repiska",1,0.4659797120915
"WS",2,3,"time_weighted",306,"13-04-2018","Yue Han","Zhiyi Wang",0,0.546508849853415
"WS",2,3,"time_weighted",333,"03-05-2018","Shuting Ji","Chananchida Jucharoen",0,0.561626909305475
"WS",2,3,"time_weighted",349,"09-05-2018","Sabrina Jaquet","Ga Eun Kim",1,0.245620520296889
"WS",2,3,"time_weighted",354,"09-05-2018","Brittney Tam","Yukino Nakai",0,0.310924995760723
"WS",2,3,"time_weighted",357,"09-05-2018","Hsuan-Yu Wendy Chen","Shiori Saito",1,0.341213458636811
"WS",2,3,"time_weighted",398,"13-06-2018","Lauren Lam","Se Yeon Lee",0,0.564290233683287
"WS",2,3,"time_weighted",405,"14-06-2018","Aya Ohori","Jui Jeon",1,0.521742174845715
"WS",2,3,"time_weighted",413,"17-06-2018","Beiwen Zhang","Xuerui Li",0,0.381511375979485
"WS",2,3,"time_weighted",428,"20-06-2018","Asuka Takahashi","Yue Han",1,0.506904702113619
"WS",2,3,"time_weighted",443,"21-06-2018","Se Yeon Lee","Asuka Takahashi",0,0.445896407617568
"WS",2,3,"time_weighted",453,"22-06-2018","Jui Jeon","Sayaka Takahashi",0,0.407078636109524
"WS",2,3,"time_weighted",467,"27-06-2018","Ji Hyun Sung","Fitriani Fitriani",1,0.515711531180325
"WS",2,3,"time_weighted",498,"04-07-2018","Carolina Marin","Sayaka Sato",0,0.558925235542264
"WS",2,3,"time_weighted",550,"13-07-2018","Nozomi Okuhara","Aya Ohori",1,0.542281959170587
"WS",2,3,"time_weighted",562,"18-07-2018","Yulia Yosephin Susanto","Jennie Gai",1,0.520470408772469
"WS",2,3,"time_weighted",571,"18-07-2018","Beatriz Corrales","Sai Uttejitha Rao Chukka",1,0.6453765581819
"WS",2,3,"time_weighted",577,"19-07-2018","Pornpawee Chochuwong","Yue Han",0,0.598758956440757
"WS",2,3,"time_weighted",641,"25-07-2018","Asuka Takahashi","Chananchida Jucharoen",0,0.733198341016304
"WS",2,3,"time_weighted",659,"27-07-2018","Sayaka Takahashi","Yui Hashimoto",1,0.876576679481485
"WS",2,3,"time_weighted",673,"07-08-2018","Supanida Katethong","Pardeshi Shreyanshi",1,0.590742546057635
"WS",2,3,"time_weighted",689,"08-08-2018","Shuo Yun Sung","Muralitharan Thinaah",1,0.588023653001086
"WS",2,3,"time_weighted",692,"09-08-2018","Sayaka Takahashi","Yen Mei Ho",0,0.846335084708227
"WS",2,3,"time_weighted",701,"10-08-2018","Yen Mei Ho","Yue Han",0,0.667026844895887
"WS",2,3,"time_weighted",727,"30-08-2018","Busanan Ongbamrungphan","Ayumi Mine",1,0.559280804962745
"WS",2,3,"time_weighted",731,"30-08-2018","Mette Poulsen","Kirsty Gilmour",0,0.449763147686522
"WS",2,3,"time_weighted",742,"04-09-2018","Ka Yan Fan","Vaishnavi Kaari",0,0.391636986237435
"WS",2,3,"time_weighted",744,"04-09-2018","Ritika Thaker","Rizma Anestasy Violeta",1,0.466888645893155
"WS",2,3,"time_weighted",782,"09-09-2018","Joy Xuan DENG","Ga Eun Kim",0,0.631512991579912
"WS",2,3,"time_weighted",813,"16-09-2018","Nozomi Okuhara","Carolina Marin",0,0.617569031935636
"WS",2,3,"time_weighted",842,"21-09-2018","Minatsu Mitani","Choirunnisa Choirunnisa",1,0.664684405696817
"WS",2,3,"time_weighted",874,"21-09-2018","Yufei Chen","V. Sindhu Pusarla",1,0.434389369688457
"WS",2,3,"time_weighted",875,"21-09-2018","Gregoria Mariska Tunjung","Nozomi Okuhara",0,0.405897696293098
"WS",2,3,"time_weighted",876,"22-09-2018","Yufei Chen","Akane Yamaguchi",1,0.394233375521126
"WS",2,3,"time_weighted",877,"22-09-2018","Carolina Marin","Nozomi Okuhara",1,0.585152101144776
"WS",2,3,"time_weighted",900,"27-09-2018","Fangjie Gao","Saena Kawakami",1,0.804060999648999
"WS",2,3,"time_weighted",952,"09-10-2018","Getter Saar","Ronja Stern",0,0.608271399787959
"WS",2,3,"time_weighted",955,"10-10-2018","Aliye Demirbag","Riya Mookerjee",1,0.555679671479728
"WS",2,3,"time_weighted",980,"12-10-2018","Xuefei Qi","Neslihan Yigit",1,0.663759043317164
"WS",2,3,"time_weighted",987,"16-10-2018","Mia Blichfeldt","Carolina Marin",1,0.208129589316143
"WS",2,3,"time_weighted",994,"17-10-2018","Bingjiao He","Pornpawee Chochuwong",1,0.726553455011326
"WS",2,3,"time_weighted",1006,"19-10-2018","Tzu Ying Tai","Yufei Chen",1,0.609093166589457
"WS",2,3,"time_weighted",1015,"23-10-2018","Pornpawee Chochuwong","Yanyan Cai",0,0.355277884575593
"WS",2,3,"time_weighted",1032,"25-10-2018","Gregoria Mariska Tunjung","Mia Blichfeldt",1,0.595825611932852
"WS",2,3,"time_weighted",1041,"27-10-2018","Tzu Ying Tai","Yufei Chen",1,0.751902241422168
"WS",2,3,"time_weighted",1076,"03-11-2018","Michelle Li","Ayumi Mine",1,0.384022669098804
"WS",2,3,"time_weighted",1082,"30-10-2018","Rachael Darragh","Alicia Molitor",0,0.459224425120283
"WS",2,3,"time_weighted",1153,"14-11-2018","Sayaka Sato","Ratchanok Intanon",0,0.224967532339657
"WS",2,3,"time_weighted",1157,"14-11-2018","Ngan Yi Cheung","Dinar Dyah Ayustine",1,0.660514629351671
"WS",2,3,"time_weighted",1161,"14-11-2018","Sayaka Takahashi","Yanyan Cai",0,0.369097749930958
"WS",2,3,"time_weighted",1163,"14-11-2018","Xuerui Li","Bingjiao He",0,0.310366535914089
"WS",2,3,"time_weighted",1176,"16-11-2018","Pornpawee Chochuwong","Nozomi Okuhara",0,0.360612669745888
"WS",2,3,"time_weighted",1177,"17-11-2018","Ji Hyun Sung","Ratchanok Intanon",0,0.38198077875622
"WS",2,3,"time_weighted",1219,"21-11-2018","Daniella Gonda","Helina Rüütel",1,0.39650052949409
"WS",2,3,"time_weighted",1227,"22-11-2018","Yanyan Cai","Shuting Ji",1,0.537555700210112
"WS",2,3,"time_weighted",1241,"22-11-2018","Mariya Mitsova","Kristin Kuuba",0,0.450103550346349
"WS",2,3,"time_weighted",1256,"25-11-2018","Kirsty Gilmour","Line Højmark Kjaersfeldt",1,0.325792206816295
"WS",2,3,"time_weighted",1265,"28-11-2018","Isabel Zhong","Yiman Zhang",0,0.304161331782097
"WS",2,3,"time_weighted",1275,"28-11-2018","Jui Jeon","Nitchaon Jindapol",0,0.348958027664095
"WS",2,3,"time_weighted",1280,"29-11-2018","Yu Jin Sim","Hyo Min Kim",0,0.72116435480618
"WS",2,3,"time_weighted",1296,"13-12-2018","Tzu Ying TAI","V. Sindhu PUSARLA",0,0.417513815450372
"WS",2,3,"time_weighted",1307,"08-01-2019","Shuting Ji","Muralitharan Thinaah",1,0.680186741685008
"WS",2,3,"time_weighted",1316,"09-01-2019","Ruselli Hartawan","Ying Li Chiang",1,0.647873362073765
"WS",2,3,"time_weighted",1330,"10-01-2019","Ngan Yi Cheung","Joy Xuan Deng",0,0.54313200414607
"WS",2,3,"time_weighted",1343,"15-01-2019","Sabrina Jaquet","Mugdha Agrey",1,0.645993914235807
"WS",2,3,"time_weighted",1351,"16-01-2019","Joy Xuan DENG","Saina Nehwal",0,0.300584125245438
"WS",2,3,"time_weighted",1364,"17-01-2019","Aya Ohori","Nozomi Okuhara",0,0.102088371239487
"WS",2,3,"time_weighted",1389,"23-01-2019","Gregoria Mariska Tunjung","Aya Ohori",1,0.661083526812086
"WS",2,3,"time_weighted",1392,"23-01-2019","Chloe Birch","Pornpawee Chochuwong",0,0.305440695860891
"WS",2,3,"time_weighted",1393,"23-01-2019","Ga Eun Kim","Ji Hyun Sung",1,0.342591189700619
"WS",2,3,"time_weighted",1400,"24-01-2019","Ga Eun Kim","Carolina Marin",0,0.204921077251516
"WS",2,3,"time_weighted",1416,"20-02-2019","Ruselli Hartawan","Brittney Tam",1,0.716561671393376
"WS",2,3,"time_weighted",1426,"20-02-2019","Su Yu Chen","Yvonne Li",1,0.301240249254893
"WS",2,3,"time_weighted",1441,"22-02-2019","Joy Xuan DENG","Yanyan Cai",0,0.593777078647367
"WS",2,3,"time_weighted",1444,"23-02-2019","Yue Han","Line Højmark Kjaersfeldt",0,0.565278010477282
"WS",2,3,"time_weighted",1449,"26-02-2019","Ruselli Hartawan","Ying Li Chiang",1,0.720352223658566
"WS",2,3,"time_weighted",1457,"27-02-2019","Ga Eun Kim","Yue Han",1,0.339133034933687
"WS",2,3,"time_weighted",1483,"06-03-2019","Ji Hyun Sung","V. Sindhu Pusarla",1,0.284817960107798
"WS",2,3,"time_weighted",1504,"07-03-2019","Saina Nehwal","Line Højmark Kjaersfeldt",1,0.71003917946958
"WS",2,3,"time_weighted",1510,"09-03-2019","Tzu Ying Tai","Akane Yamaguchi",1,0.402671484179711
"WS",2,3,"time_weighted",1513,"12-03-2019","Ruiwen Yang","Qianxi Han",1,0.449059091421391
"WS",2,3,"time_weighted",1537,"13-03-2019","Chananchida Jucharoen","Hsiang Ti Lin",0,0.461500568365446
"WS",2,3,"time_weighted",1539,"13-03-2019","Chien Hui Yu","Hui Zhen Grace Chua",0,0.4349769673002
"WS",2,3,"time_weighted",1544,"14-03-2019","Yun Li","Shuya Zheng",1,0.596648591624913
"WS",2,3,"time_weighted",1576,"14-03-2019","Yufei Chen","Kristin Kuuba",1,0.898874223836167
"WS",2,3,"time_weighted",1591,"19-03-2019","Prashi Joshi","Anastasiia Semenova",0,0.403441804479517
"WS",2,3,"time_weighted",1612,"20-03-2019","Mariya Mitsova","Xuefei Qi",0,0.284377392117508
"WS",2,3,"time_weighted",1633,"24-03-2019","Kirsty Gilmour","Saena Kawakami",0,0.506230267882362
"WS",2,3,"time_weighted",1674,"02-04-2019","Pui Yin Yip","Sayaka Takahashi",0,0.205979012856662
"WS",2,3,"time_weighted",1675,"03-04-2019","Line Højmark Kjaersfeldt","Bingjiao He",0,0.225623535628495
"WS",2,3,"time_weighted",1728,"12-04-2019","Yanyan Cai","V. Sindhu Pusarla",0,0.497192976382887
"WS",2,3,"time_weighted",1740,"01-05-2019","Yun Li","Jui Jeon",1,0.514667814650149
"WS",2,3,"time_weighted",1747,"01-05-2019","Shuting Ji","Ying Li Chiang",0,0.773607830038691
"WS",2,3,"time_weighted",1748,"01-05-2019","Zhiyi Wang","Saina Nehwal",1,0.169881524441141
"WS",2,3,"time_weighted",1758,"02-05-2019","Ying Li Chiang","Beiwen Zhang",0,0.219063374223264
"WS",2,3,"time_weighted",1772,"05-06-2019","Ga Eun Kim","Jia Min Yeo",0,0.711590780206048
"WS",2,3,"time_weighted",1803,"02-07-2019","Kyleigh O’Donoghue","Pin-Chian Chiu",1,0.52198448944763
"WS",2,3,"time_weighted",1816,"03-07-2019","Ga Eun Kim","Fabienne Deprez",0,0.765141164627397
"WS",2,3,"time_weighted",1822,"03-07-2019","Yi-Ting Hung","Rusydina Antardayu Riodingin",1,0.64575112431639
"WS",2,3,"time_weighted",1827,"04-07-2019","Se Young An","Hirari Mizui",1,0.847942459382397
"WS",2,3,"time_weighted",1838,"05-07-2019","Zhi Yi Wang","Natsuki Oie",1,0.526578159176375
"WS",2,3,"time_weighted",1956,"25-07-2019","Ga Eun Kim","Michelle Li",0,0.609027054565174
"WS",2,3,"time_weighted",1964,"26-07-2019","Tzu Ying Tai","Michelle Li",0,0.91868004905915
"WS",2,3,"time_weighted",1969,"30-07-2019","Sai Uttejitha Rao Chukka","Brittney Tam",1,0.552327281947607
"WS",2,3,"time_weighted",1971,"30-07-2019","Chananchida Jucharoen","Phittayaporn Chaiwan",0,0.357731043859301
"WS",2,3,"time_weighted",1980,"31-07-2019","Fitriani Fitriani","Pui Yin Yip",1,0.638373754759311
"WS",2,3,"time_weighted",2001,"03-08-2019","Ratchanok Intanon","Pornpawee Chochuwong",1,0.6845852615189
"WS",2,3,"time_weighted",2022,"07-08-2019","Benyapa Aimsaard","Choirunnisa Choirunnisa",1,0.494126122402152
"WS",2,3,"time_weighted",2031,"07-08-2019","Ying Li Chiang","Yu Jin Sim",0,0.307076069635698
"WS",2,3,"time_weighted",2032,"08-08-2019","Jia Min Yeo","Shu Ting Ji",1,0.667913656850659
"WS",2,3,"time_weighted",2055,"14-08-2019","Moto Hayashi","Iris Wang",1,0.52570327074863
"WS",2,3,"time_weighted",2066,"15-08-2019","Natsuki Nidaira","Hirari Mizui",1,0.541590041032962
"WS",2,3,"time_weighted",2094,"04-09-2019","Supanida Katethong","Riya Mookerjee",1,0.608268089139187
"WS",2,3,"time_weighted",2096,"04-09-2019","Yi-Ting Hung","Pui Yin Yip",1,0.583358443491138
"WS",2,3,"time_weighted",2098,"04-09-2019","Nitchaon Jindapol","Hyo Min Kim",1,0.752864896505673
"WS",2,3,"time_weighted",2111,"07-09-2019","Supanida Katethong","Michelle Li",0,0.310139372130993
"WS",2,3,"time_weighted",2120,"10-09-2019","Shiori Saito","Yun Li",0,0.558838777868519
"WS",2,3,"time_weighted",2137,"11-09-2019","Ying Li Chiang","Yvonne Li",0,0.441000661265611
"WS",2,3,"time_weighted",2163,"17-09-2019","Gregoria Mariska Tunjung","Beiwen Zhang",0,0.478341805431765
"WS",2,3,"time_weighted",2169,"18-09-2019","Ga Eun Kim","Fitriani Fitriani",1,0.64147714951568
"WS",2,3,"time_weighted",2212,"26-09-2019","Michelle Li","Beiwen Zhang",1,0.559705654820651
"WS",2,3,"time_weighted",2215,"26-09-2019","Nitchaon Jindapol","Bing Jiao He",0,0.547064969827469
"WS",2,3,"time_weighted",2235,"02-10-2019","Thuy Linh Nguyen","Ying Ying Lee",1,0.542344979446735
"WS",2,3,"time_weighted",2255,"03-10-2019","Porntip Buranaprasertsuk","Yulia Yosephin Susanto",1,0.686216685392907
"WS",2,3,"time_weighted",2264,"06-10-2019","Porntip Buranaprasertsuk","Zhi Yi Wang",0,0.229348130006005
"WS",2,3,"time_weighted",2323,"18-10-2019","Carolina Marin","Se Young An",1,0.81146334245923
"WS",2,3,"time_weighted",2423,"02-11-2019","Yvonne Li","Line Christophersen",0,0.337643973929113
"WS",2,3,"time_weighted",2431,"05-11-2019","V. Sindhu Pusarla","Yu Po Pai",0,0.686083534570533
"WS",2,3,"time_weighted",2455,"09-11-2019","Yu Fei Chen","Michelle Li",1,0.726063427707861
"WS",2,3,"time_weighted",2456,"10-11-2019","Nozomi Okuhara","Yu Fei Chen",0,0.385001246970942
"WS",2,3,"time_weighted",2475,"13-11-2019","Bing Jiao He","Mia Blichfeldt",1,0.745623150688675
"WS",2,3,"time_weighted",2489,"16-11-2019","Beiwen Zhang","Yu Fei Chen",0,0.236570600764873
"WS",2,3,"time_weighted",2507,"20-11-2019","Busanan Ongbamrungphan","Yan Yan Cai",1,0.701876641253082
"WS",2,3,"time_weighted",2518,"21-11-2019","Ga Eun Kim","Bing Jiao He",1,0.308337897951531
"WS",2,3,"time_weighted",2534,"27-11-2019","Yu Po Pai","Porntip Buranaprasertsuk",0,0.595353683860122
"WS",2,3,"time_weighted",2549,"28-11-2019","Carolina Marin","Yu Jin Sim",1,0.924131816244134
"WS",2,3,"time_weighted",2594,"08-01-2020","Line Højmark Kjaersfeldt","Yu Fei Chen",0,0.0459747772388627
"WS",2,3,"time_weighted",2654,"22-01-2020","Sayaka Takahashi","Yi Man Zhang",1,0.7088406471293
"WS",2,3,"time_weighted",2660,"22-01-2020","Yue Han","Se Young An",0,0.249391259896416
"WS",2,3,"time_weighted",2679,"25-01-2020","Akane Yamaguchi","Carolina Marin",1,0.325987556481859
"WS",2,3,"time_weighted",2684,"19-02-2020","Clara Azurmendi","Supanida Katethong",0,0.378166781477475
"WS",2,3,"time_weighted",2686,"19-02-2020","Evgeniya Kosetskaya","Julie Dawall Jakobsen",0,0.665333508551393
"WS",2,3,"time_weighted",2691,"19-02-2020","Airi Mikkela","Tereza Švábíková",1,0.402991687462819
"WS",2,3,"time_weighted",2708,"22-02-2020","Busanan Ongbamrungphan","Pornpawee Chochuwong",0,0.524575536842852
"WS",2,3,"time_weighted",2722,"11-03-2020","Yue Han","Pornpawee Chochuwong",0,0.271295947595967
"WS",2,3,"time_weighted",2755,"14-10-2020","Fabienne Deprez","Xuefei Qi",1,0.218508924004709
"WS",2,3,"time_weighted",2806,"12-01-2021","V. Sindhu Pusarla","Mia Blichfeldt",0,0.592232726674872
"WS",2,3,"time_weighted",2821,"14-01-2021","Saina Nehwal","Busanan Ongbamrungphan",0,0.290268471698058
"WS",2,3,"time_weighted",2845,"20-01-2021","Yvonne Li","Natchananpon Roongpiboonsopit",1,0.534716906894501
"WS",2,3,"time_weighted",2858,"22-01-2021","Tzu Ying Tai","Michelle Li",1,0.847626265650658
"WS",2,3,"time_weighted",2872,"29-01-2021","Tzu Ying Tai","Ratchanok Intanon",1,3.73114271310616e-07
"WS",2,3,"time_weighted",2933,"19-03-2021","Akane Yamaguchi","V. Sindhu Pusarla",0,0.601373537101781
"WS",2,3,"time_weighted",2974,"27-03-2021","Pornpawee Chochuwong","Busanan Ongbamrungphan",0,0.647197897776261
